Target,Feature_set,Model,Validation,N,N_features,R2,MAE,RMSE,Spearman,Feature_list
Pr,core,LinearRegression,Repeated_KFold,40,3,-0.2159935719920962,0.06018797442391183,0.07854480126897256,0.608304378755152,"Alg_mg_ml, HA_mg_ml, Pressure_kPa"
Pr,core,LinearRegression,LOFO,40,3,0.04280022910437142,0.06923042956029349,0.0954248335210304,0.4933858732661693,"Alg_mg_ml, HA_mg_ml, Pressure_kPa"
Pr,core,SVR_RBF,Repeated_KFold,40,3,-0.5864525637325962,0.06945416033137235,0.08907622242731467,0.45085585712873966,"Alg_mg_ml, HA_mg_ml, Pressure_kPa"
Pr,core,SVR_RBF,LOFO,40,3,-1.4036125078334178,0.1253818836973462,0.15121411972355547,-0.026831785463800044,"Alg_mg_ml, HA_mg_ml, Pressure_kPa"
Pr,core,RandomForest,Repeated_KFold,40,3,-0.05486648779855324,0.06179157916666653,0.07702195215364077,0.5035055063619103,"Alg_mg_ml, HA_mg_ml, Pressure_kPa"
Pr,core,RandomForest,LOFO,40,3,-1.0576176627476421,0.11974600000000075,0.1399079707621338,0.18363517018069872,"Alg_mg_ml, HA_mg_ml, Pressure_kPa"
Pr,core,GradientBoosting,Repeated_KFold,40,3,-0.14371460429149177,0.06058986695120279,0.07944622702308676,0.5344011674247134,"Alg_mg_ml, HA_mg_ml, Pressure_kPa"
Pr,core,GradientBoosting,LOFO,40,3,-0.992786617117182,0.11978460607043476,0.13768623262996477,0.16359285691917583,"Alg_mg_ml, HA_mg_ml, Pressure_kPa"
Pr,core,XGBoost,Repeated_KFold,40,3,-0.18638189479370243,0.06139335459411146,0.07979386950626326,0.4934184447148542,"Alg_mg_ml, HA_mg_ml, Pressure_kPa"
Pr,core,XGBoost,LOFO,40,3,-0.695650497262563,0.10987557240724563,0.12700718451917825,0.27251397594080723,"Alg_mg_ml, HA_mg_ml, Pressure_kPa"
Pr,engineered,LinearRegression,Repeated_KFold,40,17,-2.0606824565542086,0.07732597940145595,0.09991240014586987,0.4454096969525849,"Alg_mg_ml, HA_mg_ml, Pressure_kPa, TP, TP_pct_wv, HF, Alg_fraction_feature, Alg_HA_ratio_safe, P_over_TP, P_over_Alg, P_over_HA, Alg_x_P, HA_x_P, TP_x_P, HF_x_P, Alg_x_HA, Alg_fraction_x_HA_fraction"
Pr,engineered,LinearRegression,LOFO,40,17,-228676.50069212515,20.68753010690194,46.6414277733243,0.18988648174381567,"Alg_mg_ml, HA_mg_ml, Pressure_kPa, TP, TP_pct_wv, HF, Alg_fraction_feature, Alg_HA_ratio_safe, P_over_TP, P_over_Alg, P_over_HA, Alg_x_P, HA_x_P, TP_x_P, HF_x_P, Alg_x_HA, Alg_fraction_x_HA_fraction"
Pr,engineered,SVR_RBF,Repeated_KFold,40,17,-0.5091159854856181,0.06801855348945636,0.08847708218307462,0.47301158440018354,"Alg_mg_ml, HA_mg_ml, Pressure_kPa, TP, TP_pct_wv, HF, Alg_fraction_feature, Alg_HA_ratio_safe, P_over_TP, P_over_Alg, P_over_HA, Alg_x_P, HA_x_P, TP_x_P, HF_x_P, Alg_x_HA, Alg_fraction_x_HA_fraction"
Pr,engineered,SVR_RBF,LOFO,40,17,-0.33727135532498087,0.08518577506266747,0.11278981620469047,0.22047096447528008,"Alg_mg_ml, HA_mg_ml, Pressure_kPa, TP, TP_pct_wv, HF, Alg_fraction_feature, Alg_HA_ratio_safe, P_over_TP, P_over_Alg, P_over_HA, Alg_x_P, HA_x_P, TP_x_P, HF_x_P, Alg_x_HA, Alg_fraction_x_HA_fraction"
Pr,engineered,RandomForest,Repeated_KFold,40,17,-0.020735222366888028,0.05939429999999998,0.07459995775502913,0.5745373968002992,"Alg_mg_ml, HA_mg_ml, Pressure_kPa, TP, TP_pct_wv, HF, Alg_fraction_feature, Alg_HA_ratio_safe, P_over_TP, P_over_Alg, P_over_HA, Alg_x_P, HA_x_P, TP_x_P, HF_x_P, Alg_x_HA, Alg_fraction_x_HA_fraction"
Pr,engineered,RandomForest,LOFO,40,17,-0.7183594217084597,0.10252675000000018,0.12785482501758733,0.3000281465497641,"Alg_mg_ml, HA_mg_ml, Pressure_kPa, TP, TP_pct_wv, HF, Alg_fraction_feature, Alg_HA_ratio_safe, P_over_TP, P_over_Alg, P_over_HA, Alg_x_P, HA_x_P, TP_x_P, HF_x_P, Alg_x_HA, Alg_fraction_x_HA_fraction"
Pr,engineered,GradientBoosting,Repeated_KFold,40,17,-0.06836889763807971,0.0610516622018093,0.07708478648383073,0.548187834731487,"Alg_mg_ml, HA_mg_ml, Pressure_kPa, TP, TP_pct_wv, HF, Alg_fraction_feature, Alg_HA_ratio_safe, P_over_TP, P_over_Alg, P_over_HA, Alg_x_P, HA_x_P, TP_x_P, HF_x_P, Alg_x_HA, Alg_fraction_x_HA_fraction"
Pr,engineered,GradientBoosting,LOFO,40,17,-1.3167107180171134,0.12080254264230365,0.14845540765879792,0.3647665966951242,"Alg_mg_ml, HA_mg_ml, Pressure_kPa, TP, TP_pct_wv, HF, Alg_fraction_feature, Alg_HA_ratio_safe, P_over_TP, P_over_Alg, P_over_HA, Alg_x_P, HA_x_P, TP_x_P, HF_x_P, Alg_x_HA, Alg_fraction_x_HA_fraction"
Pr,engineered,XGBoost,Repeated_KFold,40,17,-0.03629057197753634,0.05963744188606739,0.07570982139189263,0.5582800685122659,"Alg_mg_ml, HA_mg_ml, Pressure_kPa, TP, TP_pct_wv, HF, Alg_fraction_feature, Alg_HA_ratio_safe, P_over_TP, P_over_Alg, P_over_HA, Alg_x_P, HA_x_P, TP_x_P, HF_x_P, Alg_x_HA, Alg_fraction_x_HA_fraction"
Pr,engineered,XGBoost,LOFO,40,17,-1.430002757213722,0.1273153959274292,0.152041974564722,0.2514425109488999,"Alg_mg_ml, HA_mg_ml, Pressure_kPa, TP, TP_pct_wv, HF, Alg_fraction_feature, Alg_HA_ratio_safe, P_over_TP, P_over_Alg, P_over_HA, Alg_x_P, HA_x_P, TP_x_P, HF_x_P, Alg_x_HA, Alg_fraction_x_HA_fraction"
SR,core,LinearRegression,Repeated_KFold,43,3,-0.16957025962542172,0.9771001322002855,1.200614995055689,0.4673333333333333,"Alg_mg_ml, HA_mg_ml, Pressure_kPa"
SR,core,LinearRegression,LOFO,43,3,-0.15637687184301186,1.0757089183182422,1.3752370645092387,0.2848082150407732,"Alg_mg_ml, HA_mg_ml, Pressure_kPa"
SR,core,SVR_RBF,Repeated_KFold,43,3,-0.3164713292393754,0.9127356994327629,1.2330734782893789,0.4349523809523809,"Alg_mg_ml, HA_mg_ml, Pressure_kPa"
SR,core,SVR_RBF,LOFO,43,3,-0.15414866972408392,1.1500332460991913,1.3739114656586318,0.1546360616128058,"Alg_mg_ml, HA_mg_ml, Pressure_kPa"
SR,core,RandomForest,Repeated_KFold,43,3,-0.17018638539442685,0.9675110421296287,1.2176472464293138,0.3578863284597247,"Alg_mg_ml, HA_mg_ml, Pressure_kPa"
SR,core,RandomForest,LOFO,43,3,-0.363367595959766,1.204147596899225,1.4932562941487917,-0.01072345579365751,"Alg_mg_ml, HA_mg_ml, Pressure_kPa"
SR,core,GradientBoosting,Repeated_KFold,43,3,-0.3342694453218881,0.984477430563075,1.2845461134766163,0.3948419740987894,"Alg_mg_ml, HA_mg_ml, Pressure_kPa"
SR,core,GradientBoosting,LOFO,43,3,-0.3235124655663424,1.1579257919652919,1.4712683354852172,0.15596088305931458,"Alg_mg_ml, HA_mg_ml, Pressure_kPa"
SR,core,XGBoost,Repeated_KFold,43,3,-0.4391222600946768,1.0475314075642164,1.341391286373363,0.29636241821163295,"Alg_mg_ml, HA_mg_ml, Pressure_kPa"
SR,core,XGBoost,LOFO,43,3,-0.3034849196227476,1.1235545550058055,1.4600941997105192,0.12288520198269477,"Alg_mg_ml, HA_mg_ml, Pressure_kPa"
SR,engineered,LinearRegression,Repeated_KFold,43,17,-1.120940719289456,1.101911689719901,1.600335476655212,0.3982380952380953,"Alg_mg_ml, HA_mg_ml, Pressure_kPa, TP, TP_pct_wv, HF, Alg_fraction_feature, Alg_HA_ratio_safe, P_over_TP, P_over_Alg, P_over_HA, Alg_x_P, HA_x_P, TP_x_P, HF_x_P, Alg_x_HA, Alg_fraction_x_HA_fraction"
SR,engineered,LinearRegression,LOFO,43,17,-68117.71996843921,169.420545095696,333.7806141443256,-0.26260948353971614,"Alg_mg_ml, HA_mg_ml, Pressure_kPa, TP, TP_pct_wv, HF, Alg_fraction_feature, Alg_HA_ratio_safe, P_over_TP, P_over_Alg, P_over_HA, Alg_x_P, HA_x_P, TP_x_P, HF_x_P, Alg_x_HA, Alg_fraction_x_HA_fraction"
SR,engineered,SVR_RBF,Repeated_KFold,43,17,0.00932770666781206,0.8032797886598603,1.107581353410197,0.5116904761904761,"Alg_mg_ml, HA_mg_ml, Pressure_kPa, TP, TP_pct_wv, HF, Alg_fraction_feature, Alg_HA_ratio_safe, P_over_TP, P_over_Alg, P_over_HA, Alg_x_P, HA_x_P, TP_x_P, HF_x_P, Alg_x_HA, Alg_fraction_x_HA_fraction"
SR,engineered,SVR_RBF,LOFO,43,17,0.42463875805943985,0.7967997755630652,0.970059050144022,0.660676532769556,"Alg_mg_ml, HA_mg_ml, Pressure_kPa, TP, TP_pct_wv, HF, Alg_fraction_feature, Alg_HA_ratio_safe, P_over_TP, P_over_Alg, P_over_HA, Alg_x_P, HA_x_P, TP_x_P, HF_x_P, Alg_x_HA, Alg_fraction_x_HA_fraction"
SR,engineered,RandomForest,Repeated_KFold,43,17,-0.04380754523576666,0.8924857342592594,1.1432829722303932,0.4261666666666667,"Alg_mg_ml, HA_mg_ml, Pressure_kPa, TP, TP_pct_wv, HF, Alg_fraction_feature, Alg_HA_ratio_safe, P_over_TP, P_over_Alg, P_over_HA, Alg_x_P, HA_x_P, TP_x_P, HF_x_P, Alg_x_HA, Alg_fraction_x_HA_fraction"
SR,engineered,RandomForest,LOFO,43,17,-0.328925280554375,1.1904303875968962,1.474273814373286,-0.08788885533071579,"Alg_mg_ml, HA_mg_ml, Pressure_kPa, TP, TP_pct_wv, HF, Alg_fraction_feature, Alg_HA_ratio_safe, P_over_TP, P_over_Alg, P_over_HA, Alg_x_P, HA_x_P, TP_x_P, HF_x_P, Alg_x_HA, Alg_fraction_x_HA_fraction"
SR,engineered,GradientBoosting,Repeated_KFold,43,17,-0.1993569153705655,0.8934253052292699,1.2022390850701377,0.3798024235151717,"Alg_mg_ml, HA_mg_ml, Pressure_kPa, TP, TP_pct_wv, HF, Alg_fraction_feature, Alg_HA_ratio_safe, P_over_TP, P_over_Alg, P_over_HA, Alg_x_P, HA_x_P, TP_x_P, HF_x_P, Alg_x_HA, Alg_fraction_x_HA_fraction"
SR,engineered,GradientBoosting,LOFO,43,17,-1.2783951555887794,1.5438974374017134,1.9303781558495936,-0.2446483182171734,"Alg_mg_ml, HA_mg_ml, Pressure_kPa, TP, TP_pct_wv, HF, Alg_fraction_feature, Alg_HA_ratio_safe, P_over_TP, P_over_Alg, P_over_HA, Alg_x_P, HA_x_P, TP_x_P, HF_x_P, Alg_x_HA, Alg_fraction_x_HA_fraction"
SR,engineered,XGBoost,Repeated_KFold,43,17,-0.17149995394346218,0.8961378932876058,1.2083190579902203,0.39749362031271895,"Alg_mg_ml, HA_mg_ml, Pressure_kPa, TP, TP_pct_wv, HF, Alg_fraction_feature, Alg_HA_ratio_safe, P_over_TP, P_over_Alg, P_over_HA, Alg_x_P, HA_x_P, TP_x_P, HF_x_P, Alg_x_HA, Alg_fraction_x_HA_fraction"
SR,engineered,XGBoost,LOFO,43,17,-1.0760944671033577,1.4143937467087149,1.842686379485613,-0.2247140108068852,"Alg_mg_ml, HA_mg_ml, Pressure_kPa, TP, TP_pct_wv, HF, Alg_fraction_feature, Alg_HA_ratio_safe, P_over_TP, P_over_Alg, P_over_HA, Alg_x_P, HA_x_P, TP_x_P, HF_x_P, Alg_x_HA, Alg_fraction_x_HA_fraction"
Qm,core,LinearRegression,Repeated_KFold,40,3,-0.5354146405018624,0.47060712943041866,0.5734940513236837,0.5978571428571429,"Alg_mg_ml, HA_mg_ml, Pressure_kPa"
Qm,core,LinearRegression,LOFO,40,3,-0.49820668963307235,0.6865873322083812,0.8134573668887585,0.17748592870544094,"Alg_mg_ml, HA_mg_ml, Pressure_kPa"
Qm,core,SVR_RBF,Repeated_KFold,40,3,0.5505385245251404,0.22085991373792033,0.3233295145331874,0.8892857142857145,"Alg_mg_ml, HA_mg_ml, Pressure_kPa"
Qm,core,SVR_RBF,LOFO,40,3,-0.36918980552669267,0.647488511996171,0.7776438810815902,0.29174484052532834,"Alg_mg_ml, HA_mg_ml, Pressure_kPa"
Qm,core,RandomForest,Repeated_KFold,40,3,-0.17359431546224882,0.3780591333333331,0.5103874082041896,0.5646329107894996,"Alg_mg_ml, HA_mg_ml, Pressure_kPa"
Qm,core,RandomForest,LOFO,40,3,-0.8855619327819162,0.7583422500000012,0.9125766062368875,0.0678395514794242,"Alg_mg_ml, HA_mg_ml, Pressure_kPa"
Qm,core,GradientBoosting,Repeated_KFold,40,3,0.09624666969734046,0.3360268924532933,0.44382936132246237,0.6516710336598708,"Alg_mg_ml, HA_mg_ml, Pressure_kPa"
Qm,core,GradientBoosting,LOFO,40,3,-1.0015581605299917,0.8132897450913832,0.9402276912790758,0.19933369521933064,"Alg_mg_ml, HA_mg_ml, Pressure_kPa"
Qm,core,XGBoost,Repeated_KFold,40,3,-0.6068733224938245,0.44308855165245015,0.587322699386052,0.547764351222519,"Alg_mg_ml, HA_mg_ml, Pressure_kPa"
Qm,core,XGBoost,LOFO,40,3,-1.4624513291535917,0.8993689534589647,1.042876204786638,0.10098072319020705,"Alg_mg_ml, HA_mg_ml, Pressure_kPa"
Qm,engineered,LinearRegression,Repeated_KFold,40,17,0.24201864858192615,0.21166756728390154,0.3024058698301709,0.8630952380952382,"Alg_mg_ml, HA_mg_ml, Pressure_kPa, TP, TP_pct_wv, HF, Alg_fraction_feature, Alg_HA_ratio_safe, P_over_TP, P_over_Alg, P_over_HA, Alg_x_P, HA_x_P, TP_x_P, HF_x_P, Alg_x_HA, Alg_fraction_x_HA_fraction"
Qm,engineered,LinearRegression,LOFO,40,17,-84833.47058621567,92.16010191431727,193.56868852532298,-0.009568480300187619,"Alg_mg_ml, HA_mg_ml, Pressure_kPa, TP, TP_pct_wv, HF, Alg_fraction_feature, Alg_HA_ratio_safe, P_over_TP, P_over_Alg, P_over_HA, Alg_x_P, HA_x_P, TP_x_P, HF_x_P, Alg_x_HA, Alg_fraction_x_HA_fraction"
Qm,engineered,SVR_RBF,Repeated_KFold,40,17,0.7044341824836596,0.17789270725746278,0.2595218505252712,0.924761904761905,"Alg_mg_ml, HA_mg_ml, Pressure_kPa, TP, TP_pct_wv, HF, Alg_fraction_feature, Alg_HA_ratio_safe, P_over_TP, P_over_Alg, P_over_HA, Alg_x_P, HA_x_P, TP_x_P, HF_x_P, Alg_x_HA, Alg_fraction_x_HA_fraction"
Qm,engineered,SVR_RBF,LOFO,40,17,-0.4232579051926084,0.6414872533844249,0.7928494568116743,0.1803001876172608,"Alg_mg_ml, HA_mg_ml, Pressure_kPa, TP, TP_pct_wv, HF, Alg_fraction_feature, Alg_HA_ratio_safe, P_over_TP, P_over_Alg, P_over_HA, Alg_x_P, HA_x_P, TP_x_P, HF_x_P, Alg_x_HA, Alg_fraction_x_HA_fraction"
Qm,engineered,RandomForest,Repeated_KFold,40,17,0.2264417535059955,0.3335490749999998,0.443335517794406,0.7233333333333334,"Alg_mg_ml, HA_mg_ml, Pressure_kPa, TP, TP_pct_wv, HF, Alg_fraction_feature, Alg_HA_ratio_safe, P_over_TP, P_over_Alg, P_over_HA, Alg_x_P, HA_x_P, TP_x_P, HF_x_P, Alg_x_HA, Alg_fraction_x_HA_fraction"
Qm,engineered,RandomForest,LOFO,40,17,-1.2299562996896336,0.8450864166666674,0.9924236536338429,-0.11632815810911744,"Alg_mg_ml, HA_mg_ml, Pressure_kPa, TP, TP_pct_wv, HF, Alg_fraction_feature, Alg_HA_ratio_safe, P_over_TP, P_over_Alg, P_over_HA, Alg_x_P, HA_x_P, TP_x_P, HF_x_P, Alg_x_HA, Alg_fraction_x_HA_fraction"
Qm,engineered,GradientBoosting,Repeated_KFold,40,17,0.2818577037258982,0.30330319586990895,0.39581126331489824,0.7571564444193468,"Alg_mg_ml, HA_mg_ml, Pressure_kPa, TP, TP_pct_wv, HF, Alg_fraction_feature, Alg_HA_ratio_safe, P_over_TP, P_over_Alg, P_over_HA, Alg_x_P, HA_x_P, TP_x_P, HF_x_P, Alg_x_HA, Alg_fraction_x_HA_fraction"
Qm,engineered,GradientBoosting,LOFO,40,17,-1.4688795252606472,0.8870316814485122,1.0442365247508054,-0.018387354023699207,"Alg_mg_ml, HA_mg_ml, Pressure_kPa, TP, TP_pct_wv, HF, Alg_fraction_feature, Alg_HA_ratio_safe, P_over_TP, P_over_Alg, P_over_HA, Alg_x_P, HA_x_P, TP_x_P, HF_x_P, Alg_x_HA, Alg_fraction_x_HA_fraction"
Qm,engineered,XGBoost,Repeated_KFold,40,17,0.47016827519843557,0.26393542790502306,0.3520386518616415,0.7825239538096938,"Alg_mg_ml, HA_mg_ml, Pressure_kPa, TP, TP_pct_wv, HF, Alg_fraction_feature, Alg_HA_ratio_safe, P_over_TP, P_over_Alg, P_over_HA, Alg_x_P, HA_x_P, TP_x_P, HF_x_P, Alg_x_HA, Alg_fraction_x_HA_fraction"
Qm,engineered,XGBoost,LOFO,40,17,-1.1055372724882675,0.8209322815895079,0.9643404801222654,0.013320825515947468,"Alg_mg_ml, HA_mg_ml, Pressure_kPa, TP, TP_pct_wv, HF, Alg_fraction_feature, Alg_HA_ratio_safe, P_over_TP, P_over_Alg, P_over_HA, Alg_x_P, HA_x_P, TP_x_P, HF_x_P, Alg_x_HA, Alg_fraction_x_HA_fraction"
AF,core,LinearRegression,Repeated_KFold,96,4,0.738887705007452,0.11681383815122373,0.1588010116935146,0.848238095238095,"Alg_mg_ml, HA_mg_ml, Pressure_kPa, Angle_deg"
AF,core,LinearRegression,LOFO,96,4,0.7679551781262167,0.11672038231331618,0.1589674836188357,0.8683125339121,"Alg_mg_ml, HA_mg_ml, Pressure_kPa, Angle_deg"
AF,core,SVR_RBF,Repeated_KFold,96,4,0.7218716342325839,0.1141393955495801,0.16229305116678536,0.8698521303258144,"Alg_mg_ml, HA_mg_ml, Pressure_kPa, Angle_deg"
AF,core,SVR_RBF,LOFO,96,4,0.7309354625197872,0.12656481079421167,0.17117904130853667,0.845103092783505,"Alg_mg_ml, HA_mg_ml, Pressure_kPa, Angle_deg"
AF,core,RandomForest,Repeated_KFold,96,4,0.7373603296721052,0.10736185210789478,0.15746454687453168,0.8852638412782505,"Alg_mg_ml, HA_mg_ml, Pressure_kPa, Angle_deg"
AF,core,RandomForest,LOFO,96,4,0.7793056308492468,0.11702097118055599,0.15503079894773217,0.8678190758738454,"Alg_mg_ml, HA_mg_ml, Pressure_kPa, Angle_deg"
AF,core,GradientBoosting,Repeated_KFold,96,4,0.6787001119266611,0.11543266602153722,0.174599025108941,0.8864070991341719,"Alg_mg_ml, HA_mg_ml, Pressure_kPa, Angle_deg"
AF,core,GradientBoosting,LOFO,96,4,0.7128327744055334,0.1256135767819968,0.17684378234085932,0.8740139345628505,"Alg_mg_ml, HA_mg_ml, Pressure_kPa, Angle_deg"
AF,core,XGBoost,Repeated_KFold,96,4,0.739831078118393,0.1082673646181458,0.15922812720117246,0.8940229549396159,"Alg_mg_ml, HA_mg_ml, Pressure_kPa, Angle_deg"
AF,core,XGBoost,LOFO,96,4,0.7659555299410186,0.11493634754896163,0.15965096610557242,0.8751136152532695,"Alg_mg_ml, HA_mg_ml, Pressure_kPa, Angle_deg"
AF,engineered,LinearRegression,Repeated_KFold,96,25,0.7463497012601384,0.11319423087345033,0.1556259684382431,0.8731629072681703,"Alg_mg_ml, HA_mg_ml, Pressure_kPa, Angle_deg, TP, TP_pct_wv, HF, Alg_fraction_feature, Alg_HA_ratio_safe, P_over_TP, P_over_Alg, P_over_HA, Alg_x_P, HA_x_P, TP_x_P, HF_x_P, Alg_x_HA, Alg_fraction_x_HA_fraction, Angle_rad, sin_angle, cos_angle, P_x_Angle, Alg_x_Angle, HA_x_Angle, TP_x_Angle"
AF,engineered,LinearRegression,LOFO,96,25,-12319.850909778199,21.326520647000645,36.630488469463934,0.18929734129137277,"Alg_mg_ml, HA_mg_ml, Pressure_kPa, Angle_deg, TP, TP_pct_wv, HF, Alg_fraction_feature, Alg_HA_ratio_safe, P_over_TP, P_over_Alg, P_over_HA, Alg_x_P, HA_x_P, TP_x_P, HF_x_P, Alg_x_HA, Alg_fraction_x_HA_fraction, Angle_rad, sin_angle, cos_angle, P_x_Angle, Alg_x_Angle, HA_x_Angle, TP_x_Angle"
AF,engineered,SVR_RBF,Repeated_KFold,96,25,0.7059305143499928,0.11721924662972287,0.1673810538039828,0.868203007518797,"Alg_mg_ml, HA_mg_ml, Pressure_kPa, Angle_deg, TP, TP_pct_wv, HF, Alg_fraction_feature, Alg_HA_ratio_safe, P_over_TP, P_over_Alg, P_over_HA, Alg_x_P, HA_x_P, TP_x_P, HF_x_P, Alg_x_HA, Alg_fraction_x_HA_fraction, Angle_rad, sin_angle, cos_angle, P_x_Angle, Alg_x_Angle, HA_x_Angle, TP_x_Angle"
AF,engineered,SVR_RBF,LOFO,96,25,0.6922378895893093,0.1390884244752912,0.1830753759122154,0.833654367878459,"Alg_mg_ml, HA_mg_ml, Pressure_kPa, Angle_deg, TP, TP_pct_wv, HF, Alg_fraction_feature, Alg_HA_ratio_safe, P_over_TP, P_over_Alg, P_over_HA, Alg_x_P, HA_x_P, TP_x_P, HF_x_P, Alg_x_HA, Alg_fraction_x_HA_fraction, Angle_rad, sin_angle, cos_angle, P_x_Angle, Alg_x_Angle, HA_x_Angle, TP_x_Angle"
AF,engineered,RandomForest,Repeated_KFold,96,25,0.7536219775773959,0.10385491013947361,0.15254514212150122,0.8881754385964912,"Alg_mg_ml, HA_mg_ml, Pressure_kPa, Angle_deg, TP, TP_pct_wv, HF, Alg_fraction_feature, Alg_HA_ratio_safe, P_over_TP, P_over_Alg, P_over_HA, Alg_x_P, HA_x_P, TP_x_P, HF_x_P, Alg_x_HA, Alg_fraction_x_HA_fraction, Angle_rad, sin_angle, cos_angle, P_x_Angle, Alg_x_Angle, HA_x_Angle, TP_x_Angle"
AF,engineered,RandomForest,LOFO,96,25,0.7839706342987484,0.11261961354166651,0.15338353904515026,0.861462289744981,"Alg_mg_ml, HA_mg_ml, Pressure_kPa, Angle_deg, TP, TP_pct_wv, HF, Alg_fraction_feature, Alg_HA_ratio_safe, P_over_TP, P_over_Alg, P_over_HA, Alg_x_P, HA_x_P, TP_x_P, HF_x_P, Alg_x_HA, Alg_fraction_x_HA_fraction, Angle_rad, sin_angle, cos_angle, P_x_Angle, Alg_x_Angle, HA_x_Angle, TP_x_Angle"
AF,engineered,GradientBoosting,Repeated_KFold,96,25,0.7099898680030582,0.11042407046507874,0.16637979193609462,0.8933460546011583,"Alg_mg_ml, HA_mg_ml, Pressure_kPa, Angle_deg, TP, TP_pct_wv, HF, Alg_fraction_feature, Alg_HA_ratio_safe, P_over_TP, P_over_Alg, P_over_HA, Alg_x_P, HA_x_P, TP_x_P, HF_x_P, Alg_x_HA, Alg_fraction_x_HA_fraction, Angle_rad, sin_angle, cos_angle, P_x_Angle, Alg_x_Angle, HA_x_Angle, TP_x_Angle"
AF,engineered,GradientBoosting,LOFO,96,25,0.7692933433434647,0.11071906853823575,0.15850845089744708,0.8838758251115881,"Alg_mg_ml, HA_mg_ml, Pressure_kPa, Angle_deg, TP, TP_pct_wv, HF, Alg_fraction_feature, Alg_HA_ratio_safe, P_over_TP, P_over_Alg, P_over_HA, Alg_x_P, HA_x_P, TP_x_P, HF_x_P, Alg_x_HA, Alg_fraction_x_HA_fraction, Angle_rad, sin_angle, cos_angle, P_x_Angle, Alg_x_Angle, HA_x_Angle, TP_x_Angle"
AF,engineered,XGBoost,Repeated_KFold,96,25,0.7407883332257051,0.1067007171652312,0.1579148535927546,0.894466165413534,"Alg_mg_ml, HA_mg_ml, Pressure_kPa, Angle_deg, TP, TP_pct_wv, HF, Alg_fraction_feature, Alg_HA_ratio_safe, P_over_TP, P_over_Alg, P_over_HA, Alg_x_P, HA_x_P, TP_x_P, HF_x_P, Alg_x_HA, Alg_fraction_x_HA_fraction, Angle_rad, sin_angle, cos_angle, P_x_Angle, Alg_x_Angle, HA_x_Angle, TP_x_Angle"
AF,engineered,XGBoost,LOFO,96,25,0.7807894191719432,0.10753893461147945,0.15450876288786505,0.8856348345089528,"Alg_mg_ml, HA_mg_ml, Pressure_kPa, Angle_deg, TP, TP_pct_wv, HF, Alg_fraction_feature, Alg_HA_ratio_safe, P_over_TP, P_over_Alg, P_over_HA, Alg_x_P, HA_x_P, TP_x_P, HF_x_P, Alg_x_HA, Alg_fraction_x_HA_fraction, Angle_rad, sin_angle, cos_angle, P_x_Angle, Alg_x_Angle, HA_x_Angle, TP_x_Angle"
