Formulation_label,Alg_mg_ml,HA_mg_ml,Pressure_kPa,Angle_deg,TP,HF,Alg_HA_ratio_safe,P_over_TP,P_over_Alg,P_over_HA,Alg_x_HA,Alg_x_P,HA_x_P,TP_x_P,HF_x_P,P_x_Angle,Alg_x_Angle,HA_x_Angle,TP_x_Angle,Eta0_mean_Pa_s,Cross_m_mean,Cross_k_mean_s,G_prime_mean_Pa,G_double_prime_mean_Pa,Yield_stress_mean_Pa,Predicted_AF
1ALG8HA,10,80,50,60.0,90,0.8888888888888888,0.125,0.5555555555555556,5.0,0.625,800,500,4000,4500,44.44444444444444,3000.0,600.0,4800.0,5400.0,211.5403333333333,0.778182,0.311391,261.3093333333333,339.648,570.3046666666667,2.2059777
1ALG8HA,10,80,50,90.0,90,0.8888888888888888,0.125,0.5555555555555556,5.0,0.625,800,500,4000,4500,44.44444444444444,4500.0,900.0,7200.0,8100.0,211.5403333333333,0.778182,0.311391,261.3093333333333,339.648,570.3046666666667,1.634823
1ALG8HA,10,80,50,120.0,90,0.8888888888888888,0.125,0.5555555555555556,5.0,0.625,800,500,4000,4500,44.44444444444444,6000.0,1200.0,9600.0,10800.0,211.5403333333333,0.778182,0.311391,261.3093333333333,339.648,570.3046666666667,1.3742093
1ALG8HA,10,80,55,60.0,90,0.8888888888888888,0.125,0.6111111111111112,5.5,0.6875,800,550,4400,4950,48.888888888888886,3300.0,600.0,4800.0,5400.0,211.5403333333333,0.778182,0.311391,261.3093333333333,339.648,570.3046666666667,1.7889521
1ALG8HA,10,80,55,90.0,90,0.8888888888888888,0.125,0.6111111111111112,5.5,0.6875,800,550,4400,4950,48.888888888888886,4950.0,900.0,7200.0,8100.0,211.5403333333333,0.778182,0.311391,261.3093333333333,339.648,570.3046666666667,1.2997582
1ALG8HA,10,80,55,120.0,90,0.8888888888888888,0.125,0.6111111111111112,5.5,0.6875,800,550,4400,4950,48.888888888888886,6600.0,1200.0,9600.0,10800.0,211.5403333333333,0.778182,0.311391,261.3093333333333,339.648,570.3046666666667,1.1094623
1ALG8HA,10,80,60,60.0,90,0.8888888888888888,0.125,0.6666666666666666,6.0,0.75,800,600,4800,5400,53.33333333333333,3600.0,600.0,4800.0,5400.0,211.5403333333333,0.778182,0.311391,261.3093333333333,339.648,570.3046666666667,1.8050783
1ALG8HA,10,80,60,90.0,90,0.8888888888888888,0.125,0.6666666666666666,6.0,0.75,800,600,4800,5400,53.33333333333333,5400.0,900.0,7200.0,8100.0,211.5403333333333,0.778182,0.311391,261.3093333333333,339.648,570.3046666666667,1.3216264
1ALG8HA,10,80,60,120.0,90,0.8888888888888888,0.125,0.6666666666666666,6.0,0.75,800,600,4800,5400,53.33333333333333,7200.0,1200.0,9600.0,10800.0,211.5403333333333,0.778182,0.311391,261.3093333333333,339.648,570.3046666666667,1.1391736
1ALG8HA,10,80,65,60.0,90,0.8888888888888888,0.125,0.7222222222222222,6.5,0.8125,800,650,5200,5850,57.77777777777777,3900.0,600.0,4800.0,5400.0,211.5403333333333,0.778182,0.311391,261.3093333333333,339.648,570.3046666666667,1.8270205
1ALG8HA,10,80,65,90.0,90,0.8888888888888888,0.125,0.7222222222222222,6.5,0.8125,800,650,5200,5850,57.77777777777777,5850.0,900.0,7200.0,8100.0,211.5403333333333,0.778182,0.311391,261.3093333333333,339.648,570.3046666666667,1.3363427
1ALG8HA,10,80,65,120.0,90,0.8888888888888888,0.125,0.7222222222222222,6.5,0.8125,800,650,5200,5850,57.77777777777777,7800.0,1200.0,9600.0,10800.0,211.5403333333333,0.778182,0.311391,261.3093333333333,339.648,570.3046666666667,1.1678565
1ALG8HA,10,80,70,60.0,90,0.8888888888888888,0.125,0.7777777777777778,7.0,0.875,800,700,5600,6300,62.22222222222222,4200.0,600.0,4800.0,5400.0,211.5403333333333,0.778182,0.311391,261.3093333333333,339.648,570.3046666666667,1.8481256
1ALG8HA,10,80,70,90.0,90,0.8888888888888888,0.125,0.7777777777777778,7.0,0.875,800,700,5600,6300,62.22222222222222,6300.0,900.0,7200.0,8100.0,211.5403333333333,0.778182,0.311391,261.3093333333333,339.648,570.3046666666667,1.3638722
1ALG8HA,10,80,70,120.0,90,0.8888888888888888,0.125,0.7777777777777778,7.0,0.875,800,700,5600,6300,62.22222222222222,8400.0,1200.0,9600.0,10800.0,211.5403333333333,0.778182,0.311391,261.3093333333333,339.648,570.3046666666667,1.2045002
2ALG8HA,20,80,75,60.0,100,0.8,0.25,0.75,3.75,0.9375,1600,1500,6000,7500,60.0,4500.0,1200.0,4800.0,6000.0,300.16633333333334,0.7369746666666667,0.5584426666666666,355.58633333333336,456.2193333333333,513.8316666666666,1.9603667
2ALG8HA,20,80,75,90.0,100,0.8,0.25,0.75,3.75,0.9375,1600,1500,6000,7500,60.0,6750.0,1800.0,7200.0,9000.0,300.16633333333334,0.7369746666666667,0.5584426666666666,355.58633333333336,456.2193333333333,513.8316666666666,1.4000034
2ALG8HA,20,80,75,120.0,100,0.8,0.25,0.75,3.75,0.9375,1600,1500,6000,7500,60.0,9000.0,2400.0,9600.0,12000.0,300.16633333333334,0.7369746666666667,0.5584426666666666,355.58633333333336,456.2193333333333,513.8316666666666,1.2143344
2ALG8HA,20,80,80,60.0,100,0.8,0.25,0.8,4.0,1.0,1600,1600,6400,8000,64.0,4800.0,1200.0,4800.0,6000.0,300.16633333333334,0.7369746666666667,0.5584426666666666,355.58633333333336,456.2193333333333,513.8316666666666,1.9603667
2ALG8HA,20,80,80,90.0,100,0.8,0.25,0.8,4.0,1.0,1600,1600,6400,8000,64.0,7200.0,1800.0,7200.0,9000.0,300.16633333333334,0.7369746666666667,0.5584426666666666,355.58633333333336,456.2193333333333,513.8316666666666,1.4000034
2ALG8HA,20,80,80,120.0,100,0.8,0.25,0.8,4.0,1.0,1600,1600,6400,8000,64.0,9600.0,2400.0,9600.0,12000.0,300.16633333333334,0.7369746666666667,0.5584426666666666,355.58633333333336,456.2193333333333,513.8316666666666,1.2143344
2ALG8HA,20,80,85,60.0,100,0.8,0.25,0.85,4.25,1.0625,1600,1700,6800,8500,68.0,5100.0,1200.0,4800.0,6000.0,300.16633333333334,0.7369746666666667,0.5584426666666666,355.58633333333336,456.2193333333333,513.8316666666666,1.9531165
2ALG8HA,20,80,85,90.0,100,0.8,0.25,0.85,4.25,1.0625,1600,1700,6800,8500,68.0,7650.0,1800.0,7200.0,9000.0,300.16633333333334,0.7369746666666667,0.5584426666666666,355.58633333333336,456.2193333333333,513.8316666666666,1.4019761
2ALG8HA,20,80,85,120.0,100,0.8,0.25,0.85,4.25,1.0625,1600,1700,6800,8500,68.0,10200.0,2400.0,9600.0,12000.0,300.16633333333334,0.7369746666666667,0.5584426666666666,355.58633333333336,456.2193333333333,513.8316666666666,1.2070842
2ALG8HA,20,80,90,60.0,100,0.8,0.25,0.9,4.5,1.125,1600,1800,7200,9000,72.0,5400.0,1200.0,4800.0,6000.0,300.16633333333334,0.7369746666666667,0.5584426666666666,355.58633333333336,456.2193333333333,513.8316666666666,1.8889104
2ALG8HA,20,80,90,90.0,100,0.8,0.25,0.9,4.5,1.125,1600,1800,7200,9000,72.0,8100.0,1800.0,7200.0,9000.0,300.16633333333334,0.7369746666666667,0.5584426666666666,355.58633333333336,456.2193333333333,513.8316666666666,1.3985404
2ALG8HA,20,80,90,120.0,100,0.8,0.25,0.9,4.5,1.125,1600,1800,7200,9000,72.0,10800.0,2400.0,9600.0,12000.0,300.16633333333334,0.7369746666666667,0.5584426666666666,355.58633333333336,456.2193333333333,513.8316666666666,1.2036484
2ALG8HA,20,80,95,60.0,100,0.8,0.25,0.95,4.75,1.1875,1600,1900,7600,9500,76.0,5700.0,1200.0,4800.0,6000.0,300.16633333333334,0.7369746666666667,0.5584426666666666,355.58633333333336,456.2193333333333,513.8316666666666,1.8805693
2ALG8HA,20,80,95,90.0,100,0.8,0.25,0.95,4.75,1.1875,1600,1900,7600,9500,76.0,8550.0,1800.0,7200.0,9000.0,300.16633333333334,0.7369746666666667,0.5584426666666666,355.58633333333336,456.2193333333333,513.8316666666666,1.3901993
2ALG8HA,20,80,95,120.0,100,0.8,0.25,0.95,4.75,1.1875,1600,1900,7600,9500,76.0,11400.0,2400.0,9600.0,12000.0,300.16633333333334,0.7369746666666667,0.5584426666666666,355.58633333333336,456.2193333333333,513.8316666666666,1.1953074
2ALG8HA,20,80,100,60.0,100,0.8,0.25,1.0,5.0,1.25,1600,2000,8000,10000,80.0,6000.0,1200.0,4800.0,6000.0,300.16633333333334,0.7369746666666667,0.5584426666666666,355.58633333333336,456.2193333333333,513.8316666666666,1.7224797
2ALG8HA,20,80,100,90.0,100,0.8,0.25,1.0,5.0,1.25,1600,2000,8000,10000,80.0,9000.0,1800.0,7200.0,9000.0,300.16633333333334,0.7369746666666667,0.5584426666666666,355.58633333333336,456.2193333333333,513.8316666666666,1.3824948
2ALG8HA,20,80,100,120.0,100,0.8,0.25,1.0,5.0,1.25,1600,2000,8000,10000,80.0,12000.0,2400.0,9600.0,12000.0,300.16633333333334,0.7369746666666667,0.5584426666666666,355.58633333333336,456.2193333333333,513.8316666666666,1.1876029
2ALG8HA,20,80,105,60.0,100,0.8,0.25,1.05,5.25,1.3125,1600,2100,8400,10500,84.0,6300.0,1200.0,4800.0,6000.0,300.16633333333334,0.7369746666666667,0.5584426666666666,355.58633333333336,456.2193333333333,513.8316666666666,1.7180452
2ALG8HA,20,80,105,90.0,100,0.8,0.25,1.05,5.25,1.3125,1600,2100,8400,10500,84.0,9450.0,1800.0,7200.0,9000.0,300.16633333333334,0.7369746666666667,0.5584426666666666,355.58633333333336,456.2193333333333,513.8316666666666,1.4049364
2ALG8HA,20,80,105,120.0,100,0.8,0.25,1.05,5.25,1.3125,1600,2100,8400,10500,84.0,12600.0,2400.0,9600.0,12000.0,300.16633333333334,0.7369746666666667,0.5584426666666666,355.58633333333336,456.2193333333333,513.8316666666666,1.2038271
2ALG8HA,20,80,110,60.0,100,0.8,0.25,1.1,5.5,1.375,1600,2200,8800,11000,88.0,6600.0,1200.0,4800.0,6000.0,300.16633333333334,0.7369746666666667,0.5584426666666666,355.58633333333336,456.2193333333333,513.8316666666666,1.7405792
2ALG8HA,20,80,110,90.0,100,0.8,0.25,1.1,5.5,1.375,1600,2200,8800,11000,88.0,9900.0,1800.0,7200.0,9000.0,300.16633333333334,0.7369746666666667,0.5584426666666666,355.58633333333336,456.2193333333333,513.8316666666666,1.4231149
2ALG8HA,20,80,110,120.0,100,0.8,0.25,1.1,5.5,1.375,1600,2200,8800,11000,88.0,13200.0,2400.0,9600.0,12000.0,300.16633333333334,0.7369746666666667,0.5584426666666666,355.58633333333336,456.2193333333333,513.8316666666666,1.2351733
2ALG8HA,20,80,115,60.0,100,0.8,0.25,1.15,5.75,1.4375,1600,2300,9200,11500,92.0,6900.0,1200.0,4800.0,6000.0,300.16633333333334,0.7369746666666667,0.5584426666666666,355.58633333333336,456.2193333333333,513.8316666666666,1.7249833
2ALG8HA,20,80,115,90.0,100,0.8,0.25,1.15,5.75,1.4375,1600,2300,9200,11500,92.0,10350.0,1800.0,7200.0,9000.0,300.16633333333334,0.7369746666666667,0.5584426666666666,355.58633333333336,456.2193333333333,513.8316666666666,1.407519
2ALG8HA,20,80,115,120.0,100,0.8,0.25,1.15,5.75,1.4375,1600,2300,9200,11500,92.0,13800.0,2400.0,9600.0,12000.0,300.16633333333334,0.7369746666666667,0.5584426666666666,355.58633333333336,456.2193333333333,513.8316666666666,1.2195774
4ALG4HA,40,40,50,60.0,80,0.5,1.0,0.625,1.25,1.25,1600,2000,2000,4000,25.0,3000.0,2400.0,2400.0,4800.0,98.51146666666666,0.588116,0.6832046666666667,121.78156666666666,209.17533333333336,446.304,1.9478424
4ALG4HA,40,40,50,90.0,80,0.5,1.0,0.625,1.25,1.25,1600,2000,2000,4000,25.0,4500.0,3600.0,3600.0,7200.0,98.51146666666666,0.588116,0.6832046666666667,121.78156666666666,209.17533333333336,446.304,1.4839278
4ALG4HA,40,40,50,120.0,80,0.5,1.0,0.625,1.25,1.25,1600,2000,2000,4000,25.0,6000.0,4800.0,4800.0,9600.0,98.51146666666666,0.588116,0.6832046666666667,121.78156666666666,209.17533333333336,446.304,1.1591456
4ALG4HA,40,40,55,60.0,80,0.5,1.0,0.6875,1.375,1.375,1600,2200,2200,4400,27.5,3300.0,2400.0,2400.0,4800.0,98.51146666666666,0.588116,0.6832046666666667,121.78156666666666,209.17533333333336,446.304,2.2301705
4ALG4HA,40,40,55,90.0,80,0.5,1.0,0.6875,1.375,1.375,1600,2200,2200,4400,27.5,4950.0,3600.0,3600.0,7200.0,98.51146666666666,0.588116,0.6832046666666667,121.78156666666666,209.17533333333336,446.304,1.5728794
4ALG4HA,40,40,55,120.0,80,0.5,1.0,0.6875,1.375,1.375,1600,2200,2200,4400,27.5,6600.0,4800.0,4800.0,9600.0,98.51146666666666,0.588116,0.6832046666666667,121.78156666666666,209.17533333333336,446.304,1.1946877
4ALG4HA,40,40,60,60.0,80,0.5,1.0,0.75,1.5,1.5,1600,2400,2400,4800,30.0,3600.0,2400.0,2400.0,4800.0,98.51146666666666,0.588116,0.6832046666666667,121.78156666666666,209.17533333333336,446.304,2.1222923
4ALG4HA,40,40,60,90.0,80,0.5,1.0,0.75,1.5,1.5,1600,2400,2400,4800,30.0,5400.0,3600.0,3600.0,7200.0,98.51146666666666,0.588116,0.6832046666666667,121.78156666666666,209.17533333333336,446.304,1.4326264
4ALG4HA,40,40,60,120.0,80,0.5,1.0,0.75,1.5,1.5,1600,2400,2400,4800,30.0,7200.0,4800.0,4800.0,9600.0,98.51146666666666,0.588116,0.6832046666666667,121.78156666666666,209.17533333333336,446.304,1.1080583
4ALG4HA,40,40,65,60.0,80,0.5,1.0,0.8125,1.625,1.625,1600,2600,2600,5200,32.5,3900.0,2400.0,2400.0,4800.0,98.51146666666666,0.588116,0.6832046666666667,121.78156666666666,209.17533333333336,446.304,2.163407
4ALG4HA,40,40,65,90.0,80,0.5,1.0,0.8125,1.625,1.625,1600,2600,2600,5200,32.5,5850.0,3600.0,3600.0,7200.0,98.51146666666666,0.588116,0.6832046666666667,121.78156666666666,209.17533333333336,446.304,1.4328493
4ALG4HA,40,40,65,120.0,80,0.5,1.0,0.8125,1.625,1.625,1600,2600,2600,5200,32.5,7800.0,4800.0,4800.0,9600.0,98.51146666666666,0.588116,0.6832046666666667,121.78156666666666,209.17533333333336,446.304,1.1537373
4ALG4HA,40,40,70,60.0,80,0.5,1.0,0.875,1.75,1.75,1600,2800,2800,5600,35.0,4200.0,2400.0,2400.0,4800.0,98.51146666666666,0.588116,0.6832046666666667,121.78156666666666,209.17533333333336,446.304,2.1422074
4ALG4HA,40,40,70,90.0,80,0.5,1.0,0.875,1.75,1.75,1600,2800,2800,5600,35.0,6300.0,3600.0,3600.0,7200.0,98.51146666666666,0.588116,0.6832046666666667,121.78156666666666,209.17533333333336,446.304,1.4649401
4ALG4HA,40,40,70,120.0,80,0.5,1.0,0.875,1.75,1.75,1600,2800,2800,5600,35.0,8400.0,4800.0,4800.0,9600.0,98.51146666666666,0.588116,0.6832046666666667,121.78156666666666,209.17533333333336,446.304,1.1858281
4ALG6HA,40,60,65,60.0,100,0.6,0.6666666666666666,0.65,1.625,1.0833333333333333,2400,2600,3900,6500,39.0,3900.0,2400.0,3600.0,6000.0,282.372,0.6263533333333333,0.6336433333333333,343.8516666666667,480.3396666666667,557.345,2.0839717
4ALG6HA,40,60,65,90.0,100,0.6,0.6666666666666666,0.65,1.625,1.0833333333333333,2400,2600,3900,6500,39.0,5850.0,3600.0,5400.0,9000.0,282.372,0.6263533333333333,0.6336433333333333,343.8516666666667,480.3396666666667,557.345,1.3873395
4ALG6HA,40,60,65,120.0,100,0.6,0.6666666666666666,0.65,1.625,1.0833333333333333,2400,2600,3900,6500,39.0,7800.0,4800.0,7200.0,12000.0,282.372,0.6263533333333333,0.6336433333333333,343.8516666666667,480.3396666666667,557.345,1.1912628
4ALG6HA,40,60,70,60.0,100,0.6,0.6666666666666666,0.7,1.75,1.1666666666666667,2400,2800,4200,7000,42.0,4200.0,2400.0,3600.0,6000.0,282.372,0.6263533333333333,0.6336433333333333,343.8516666666667,480.3396666666667,557.345,2.0203843
4ALG6HA,40,60,70,90.0,100,0.6,0.6666666666666666,0.7,1.75,1.1666666666666667,2400,2800,4200,7000,42.0,6300.0,3600.0,5400.0,9000.0,282.372,0.6263533333333333,0.6336433333333333,343.8516666666667,480.3396666666667,557.345,1.3992972
4ALG6HA,40,60,70,120.0,100,0.6,0.6666666666666666,0.7,1.75,1.1666666666666667,2400,2800,4200,7000,42.0,8400.0,4800.0,7200.0,12000.0,282.372,0.6263533333333333,0.6336433333333333,343.8516666666667,480.3396666666667,557.345,1.2017146
4ALG6HA,40,60,75,60.0,100,0.6,0.6666666666666666,0.75,1.875,1.25,2400,3000,4500,7500,45.0,4500.0,2400.0,3600.0,6000.0,282.372,0.6263533333333333,0.6336433333333333,343.8516666666667,480.3396666666667,557.345,2.0203843
4ALG6HA,40,60,75,90.0,100,0.6,0.6666666666666666,0.75,1.875,1.25,2400,3000,4500,7500,45.0,6750.0,3600.0,5400.0,9000.0,282.372,0.6263533333333333,0.6336433333333333,343.8516666666667,480.3396666666667,557.345,1.3992972
4ALG6HA,40,60,75,120.0,100,0.6,0.6666666666666666,0.75,1.875,1.25,2400,3000,4500,7500,45.0,9000.0,4800.0,7200.0,12000.0,282.372,0.6263533333333333,0.6336433333333333,343.8516666666667,480.3396666666667,557.345,1.2017146
4ALG6HA,40,60,80,60.0,100,0.6,0.6666666666666666,0.8,2.0,1.3333333333333333,2400,3200,4800,8000,48.0,4800.0,2400.0,3600.0,6000.0,282.372,0.6263533333333333,0.6336433333333333,343.8516666666667,480.3396666666667,557.345,2.0359478
4ALG6HA,40,60,80,90.0,100,0.6,0.6666666666666666,0.8,2.0,1.3333333333333333,2400,3200,4800,8000,48.0,7200.0,3600.0,5400.0,9000.0,282.372,0.6263533333333333,0.6336433333333333,343.8516666666667,480.3396666666667,557.345,1.3951713
4ALG6HA,40,60,80,120.0,100,0.6,0.6666666666666666,0.8,2.0,1.3333333333333333,2400,3200,4800,8000,48.0,9600.0,4800.0,7200.0,12000.0,282.372,0.6263533333333333,0.6336433333333333,343.8516666666667,480.3396666666667,557.345,1.1975887
4ALG6HA,40,60,85,60.0,100,0.6,0.6666666666666666,0.85,2.125,1.4166666666666667,2400,3400,5100,8500,51.0,5100.0,2400.0,3600.0,6000.0,282.372,0.6263533333333333,0.6336433333333333,343.8516666666667,480.3396666666667,557.345,2.0619886
4ALG6HA,40,60,85,90.0,100,0.6,0.6666666666666666,0.85,2.125,1.4166666666666667,2400,3400,5100,8500,51.0,7650.0,3600.0,5400.0,9000.0,282.372,0.6263533333333333,0.6336433333333333,343.8516666666667,480.3396666666667,557.345,1.4076483
4ALG6HA,40,60,85,120.0,100,0.6,0.6666666666666666,0.85,2.125,1.4166666666666667,2400,3400,5100,8500,51.0,10200.0,4800.0,7200.0,12000.0,282.372,0.6263533333333333,0.6336433333333333,343.8516666666667,480.3396666666667,557.345,1.2100991
4ALG6HA,40,60,90,60.0,100,0.6,0.6666666666666666,0.9,2.25,1.5,2400,3600,5400,9000,54.0,5400.0,2400.0,3600.0,6000.0,282.372,0.6263533333333333,0.6336433333333333,343.8516666666667,480.3396666666667,557.345,1.9331112
4ALG6HA,40,60,90,90.0,100,0.6,0.6666666666666666,0.9,2.25,1.5,2400,3600,5400,9000,54.0,8100.0,3600.0,5400.0,9000.0,282.372,0.6263533333333333,0.6336433333333333,343.8516666666667,480.3396666666667,557.345,1.3500404
4ALG6HA,40,60,90,120.0,100,0.6,0.6666666666666666,0.9,2.25,1.5,2400,3600,5400,9000,54.0,10800.0,4800.0,7200.0,12000.0,282.372,0.6263533333333333,0.6336433333333333,343.8516666666667,480.3396666666667,557.345,1.1524912
4ALG6HA,40,60,95,60.0,100,0.6,0.6666666666666666,0.95,2.375,1.5833333333333333,2400,3800,5700,9500,57.0,5700.0,2400.0,3600.0,6000.0,282.372,0.6263533333333333,0.6336433333333333,343.8516666666667,480.3396666666667,557.345,1.9547182
4ALG6HA,40,60,95,90.0,100,0.6,0.6666666666666666,0.95,2.375,1.5833333333333333,2400,3800,5700,9500,57.0,8550.0,3600.0,5400.0,9000.0,282.372,0.6263533333333333,0.6336433333333333,343.8516666666667,480.3396666666667,557.345,1.3716475
4ALG6HA,40,60,95,120.0,100,0.6,0.6666666666666666,0.95,2.375,1.5833333333333333,2400,3800,5700,9500,57.0,11400.0,4800.0,7200.0,12000.0,282.372,0.6263533333333333,0.6336433333333333,343.8516666666667,480.3396666666667,557.345,1.1740983
4ALG6HA,40,60,100,60.0,100,0.6,0.6666666666666666,1.0,2.5,1.6666666666666667,2400,4000,6000,10000,60.0,6000.0,2400.0,3600.0,6000.0,282.372,0.6263533333333333,0.6336433333333333,343.8516666666667,480.3396666666667,557.345,1.7818694
4ALG6HA,40,60,100,90.0,100,0.6,0.6666666666666666,1.0,2.5,1.6666666666666667,2400,4000,6000,10000,60.0,9000.0,3600.0,5400.0,9000.0,282.372,0.6263533333333333,0.6336433333333333,343.8516666666667,480.3396666666667,557.345,1.3759365
4ALG6HA,40,60,100,120.0,100,0.6,0.6666666666666666,1.0,2.5,1.6666666666666667,2400,4000,6000,10000,60.0,12000.0,4800.0,7200.0,12000.0,282.372,0.6263533333333333,0.6336433333333333,343.8516666666667,480.3396666666667,557.345,1.1783873
4ALG6HA,40,60,105,60.0,100,0.6,0.6666666666666666,1.05,2.625,1.75,2400,4200,6300,10500,63.0,6300.0,2400.0,3600.0,6000.0,282.372,0.6263533333333333,0.6336433333333333,343.8516666666667,480.3396666666667,557.345,1.798556
4ALG6HA,40,60,105,90.0,100,0.6,0.6666666666666666,1.05,2.625,1.75,2400,4200,6300,10500,63.0,9450.0,3600.0,5400.0,9000.0,282.372,0.6263533333333333,0.6336433333333333,343.8516666666667,480.3396666666667,557.345,1.392623
4ALG6HA,40,60,105,120.0,100,0.6,0.6666666666666666,1.05,2.625,1.75,2400,4200,6300,10500,63.0,12600.0,4800.0,7200.0,12000.0,282.372,0.6263533333333333,0.6336433333333333,343.8516666666667,480.3396666666667,557.345,1.1880308
4ALG8HA,40,80,110,60.0,120,0.6666666666666666,0.5,0.9166666666666666,2.75,1.375,3200,4400,8800,13200,73.33333333333333,6600.0,2400.0,4800.0,7200.0,592.6103333333334,0.83208,0.672298,476.7703333333333,577.1643333333333,567.7743333333333,1.7918956
4ALG8HA,40,80,110,90.0,120,0.6666666666666666,0.5,0.9166666666666666,2.75,1.375,3200,4400,8800,13200,73.33333333333333,9900.0,3600.0,7200.0,10800.0,592.6103333333334,0.83208,0.672298,476.7703333333333,577.1643333333333,567.7743333333333,1.4050516
4ALG8HA,40,80,110,120.0,120,0.6666666666666666,0.5,0.9166666666666666,2.75,1.375,3200,4400,8800,13200,73.33333333333333,13200.0,4800.0,9600.0,14400.0,592.6103333333334,0.83208,0.672298,476.7703333333333,577.1643333333333,567.7743333333333,1.2114022
4ALG8HA,40,80,115,60.0,120,0.6666666666666666,0.5,0.9583333333333334,2.875,1.4375,3200,4600,9200,13800,76.66666666666666,6900.0,2400.0,4800.0,7200.0,592.6103333333334,0.83208,0.672298,476.7703333333333,577.1643333333333,567.7743333333333,1.7683966
4ALG8HA,40,80,115,90.0,120,0.6666666666666666,0.5,0.9583333333333334,2.875,1.4375,3200,4600,9200,13800,76.66666666666666,10350.0,3600.0,7200.0,10800.0,592.6103333333334,0.83208,0.672298,476.7703333333333,577.1643333333333,567.7743333333333,1.3815527
4ALG8HA,40,80,115,120.0,120,0.6666666666666666,0.5,0.9583333333333334,2.875,1.4375,3200,4600,9200,13800,76.66666666666666,13800.0,4800.0,9600.0,14400.0,592.6103333333334,0.83208,0.672298,476.7703333333333,577.1643333333333,567.7743333333333,1.1879033
4ALG8HA,40,80,120,60.0,120,0.6666666666666666,0.5,1.0,3.0,1.5,3200,4800,9600,14400,80.0,7200.0,2400.0,4800.0,7200.0,592.6103333333334,0.83208,0.672298,476.7703333333333,577.1643333333333,567.7743333333333,1.7253042
4ALG8HA,40,80,120,90.0,120,0.6666666666666666,0.5,1.0,3.0,1.5,3200,4800,9600,14400,80.0,10800.0,3600.0,7200.0,10800.0,592.6103333333334,0.83208,0.672298,476.7703333333333,577.1643333333333,567.7743333333333,1.3499423
4ALG8HA,40,80,120,120.0,120,0.6666666666666666,0.5,1.0,3.0,1.5,3200,4800,9600,14400,80.0,14400.0,4800.0,9600.0,14400.0,592.6103333333334,0.83208,0.672298,476.7703333333333,577.1643333333333,567.7743333333333,1.1562929
4ALG8HA,40,80,125,60.0,120,0.6666666666666666,0.5,1.0416666666666667,3.125,1.5625,3200,5000,10000,15000,83.33333333333333,7500.0,2400.0,4800.0,7200.0,592.6103333333334,0.83208,0.672298,476.7703333333333,577.1643333333333,567.7743333333333,1.7253042
4ALG8HA,40,80,125,90.0,120,0.6666666666666666,0.5,1.0416666666666667,3.125,1.5625,3200,5000,10000,15000,83.33333333333333,11250.0,3600.0,7200.0,10800.0,592.6103333333334,0.83208,0.672298,476.7703333333333,577.1643333333333,567.7743333333333,1.3499423
4ALG8HA,40,80,125,120.0,120,0.6666666666666666,0.5,1.0416666666666667,3.125,1.5625,3200,5000,10000,15000,83.33333333333333,15000.0,4800.0,9600.0,14400.0,592.6103333333334,0.83208,0.672298,476.7703333333333,577.1643333333333,567.7743333333333,1.1562929
4ALG8HA,40,80,130,60.0,120,0.6666666666666666,0.5,1.0833333333333333,3.25,1.625,3200,5200,10400,15600,86.66666666666666,7800.0,2400.0,4800.0,7200.0,592.6103333333334,0.83208,0.672298,476.7703333333333,577.1643333333333,567.7743333333333,1.8095436
4ALG8HA,40,80,130,90.0,120,0.6666666666666666,0.5,1.0833333333333333,3.25,1.625,3200,5200,10400,15600,86.66666666666666,11700.0,3600.0,7200.0,10800.0,592.6103333333334,0.83208,0.672298,476.7703333333333,577.1643333333333,567.7743333333333,1.3886391
4ALG8HA,40,80,130,120.0,120,0.6666666666666666,0.5,1.0833333333333333,3.25,1.625,3200,5200,10400,15600,86.66666666666666,15600.0,4800.0,9600.0,14400.0,592.6103333333334,0.83208,0.672298,476.7703333333333,577.1643333333333,567.7743333333333,1.1904917
4ALG8HA,40,80,135,60.0,120,0.6666666666666666,0.5,1.125,3.375,1.6875,3200,5400,10800,16200,90.0,8100.0,2400.0,4800.0,7200.0,592.6103333333334,0.83208,0.672298,476.7703333333333,577.1643333333333,567.7743333333333,1.8095436
4ALG8HA,40,80,135,90.0,120,0.6666666666666666,0.5,1.125,3.375,1.6875,3200,5400,10800,16200,90.0,12150.0,3600.0,7200.0,10800.0,592.6103333333334,0.83208,0.672298,476.7703333333333,577.1643333333333,567.7743333333333,1.3886391
4ALG8HA,40,80,135,120.0,120,0.6666666666666666,0.5,1.125,3.375,1.6875,3200,5400,10800,16200,90.0,16200.0,4800.0,9600.0,14400.0,592.6103333333334,0.83208,0.672298,476.7703333333333,577.1643333333333,567.7743333333333,1.1904917
4ALG8HA,40,80,140,60.0,120,0.6666666666666666,0.5,1.1666666666666667,3.5,1.75,3200,5600,11200,16800,93.33333333333333,8400.0,2400.0,4800.0,7200.0,592.6103333333334,0.83208,0.672298,476.7703333333333,577.1643333333333,567.7743333333333,1.8115891
4ALG8HA,40,80,140,90.0,120,0.6666666666666666,0.5,1.1666666666666667,3.5,1.75,3200,5600,11200,16800,93.33333333333333,12600.0,3600.0,7200.0,10800.0,592.6103333333334,0.83208,0.672298,476.7703333333333,577.1643333333333,567.7743333333333,1.3906846
4ALG8HA,40,80,140,120.0,120,0.6666666666666666,0.5,1.1666666666666667,3.5,1.75,3200,5600,11200,16800,93.33333333333333,16800.0,4800.0,9600.0,14400.0,592.6103333333334,0.83208,0.672298,476.7703333333333,577.1643333333333,567.7743333333333,1.1925372
4ALG8HA,40,80,145,60.0,120,0.6666666666666666,0.5,1.2083333333333333,3.625,1.8125,3200,5800,11600,17400,96.66666666666666,8700.0,2400.0,4800.0,7200.0,592.6103333333334,0.83208,0.672298,476.7703333333333,577.1643333333333,567.7743333333333,1.8494729
4ALG8HA,40,80,145,90.0,120,0.6666666666666666,0.5,1.2083333333333333,3.625,1.8125,3200,5800,11600,17400,96.66666666666666,13050.0,3600.0,7200.0,10800.0,592.6103333333334,0.83208,0.672298,476.7703333333333,577.1643333333333,567.7743333333333,1.419145
4ALG8HA,40,80,145,120.0,120,0.6666666666666666,0.5,1.2083333333333333,3.625,1.8125,3200,5800,11600,17400,96.66666666666666,17400.0,4800.0,9600.0,14400.0,592.6103333333334,0.83208,0.672298,476.7703333333333,577.1643333333333,567.7743333333333,1.2188448
4ALG8HA,40,80,150,60.0,120,0.6666666666666666,0.5,1.25,3.75,1.875,3200,6000,12000,18000,100.0,9000.0,2400.0,4800.0,7200.0,592.6103333333334,0.83208,0.672298,476.7703333333333,577.1643333333333,567.7743333333333,1.8418244
4ALG8HA,40,80,150,90.0,120,0.6666666666666666,0.5,1.25,3.75,1.875,3200,6000,12000,18000,100.0,13500.0,3600.0,7200.0,10800.0,592.6103333333334,0.83208,0.672298,476.7703333333333,577.1643333333333,567.7743333333333,1.4422681
4ALG8HA,40,80,150,120.0,120,0.6666666666666666,0.5,1.25,3.75,1.875,3200,6000,12000,18000,100.0,18000.0,4800.0,9600.0,14400.0,592.6103333333334,0.83208,0.672298,476.7703333333333,577.1643333333333,567.7743333333333,1.233168
6ALG2HA,60,20,50,60.0,80,0.25,3.0,0.625,0.8333333333333334,2.5,1200,3000,1000,4000,12.5,3000.0,3600.0,1200.0,4800.0,55.21086666666667,0.5632186666666666,0.1834643333333333,69.5827,156.4706666666667,347.0943333333333,1.841019
6ALG2HA,60,20,50,90.0,80,0.25,3.0,0.625,0.8333333333333334,2.5,1200,3000,1000,4000,12.5,4500.0,5400.0,1800.0,7200.0,55.21086666666667,0.5632186666666666,0.1834643333333333,69.5827,156.4706666666667,347.0943333333333,1.4639319
6ALG2HA,60,20,50,120.0,80,0.25,3.0,0.625,0.8333333333333334,2.5,1200,3000,1000,4000,12.5,6000.0,7200.0,2400.0,9600.0,55.21086666666667,0.5632186666666666,0.1834643333333333,69.5827,156.4706666666667,347.0943333333333,1.137478
6ALG2HA,60,20,55,60.0,80,0.25,3.0,0.6875,0.9166666666666666,2.75,1200,3300,1100,4400,13.75,3300.0,3600.0,1200.0,4800.0,55.21086666666667,0.5632186666666666,0.1834643333333333,69.5827,156.4706666666667,347.0943333333333,2.0209265
6ALG2HA,60,20,55,90.0,80,0.25,3.0,0.6875,0.9166666666666666,2.75,1200,3300,1100,4400,13.75,4950.0,5400.0,1800.0,7200.0,55.21086666666667,0.5632186666666666,0.1834643333333333,69.5827,156.4706666666667,347.0943333333333,1.5522392
6ALG2HA,60,20,55,120.0,80,0.25,3.0,0.6875,0.9166666666666666,2.75,1200,3300,1100,4400,13.75,6600.0,7200.0,2400.0,9600.0,55.21086666666667,0.5632186666666666,0.1834643333333333,69.5827,156.4706666666667,347.0943333333333,1.1801649
6ALG2HA,60,20,60,60.0,80,0.25,3.0,0.75,1.0,3.0,1200,3600,1200,4800,15.0,3600.0,3600.0,1200.0,4800.0,55.21086666666667,0.5632186666666666,0.1834643333333333,69.5827,156.4706666666667,347.0943333333333,2.0332665
6ALG2HA,60,20,60,90.0,80,0.25,3.0,0.75,1.0,3.0,1200,3600,1200,4800,15.0,5400.0,5400.0,1800.0,7200.0,55.21086666666667,0.5632186666666666,0.1834643333333333,69.5827,156.4706666666667,347.0943333333333,1.4874604
6ALG2HA,60,20,60,120.0,80,0.25,3.0,0.75,1.0,3.0,1200,3600,1200,4800,15.0,7200.0,7200.0,2400.0,9600.0,55.21086666666667,0.5632186666666666,0.1834643333333333,69.5827,156.4706666666667,347.0943333333333,1.1635325
6ALG2HA,60,20,65,60.0,80,0.25,3.0,0.8125,1.0833333333333333,3.25,1200,3900,1300,5200,16.25,3900.0,3600.0,1200.0,4800.0,55.21086666666667,0.5632186666666666,0.1834643333333333,69.5827,156.4706666666667,347.0943333333333,2.209567
6ALG2HA,60,20,65,90.0,80,0.25,3.0,0.8125,1.0833333333333333,3.25,1200,3900,1300,5200,16.25,5850.0,5400.0,1800.0,7200.0,55.21086666666667,0.5632186666666666,0.1834643333333333,69.5827,156.4706666666667,347.0943333333333,1.5231907
6ALG2HA,60,20,65,120.0,80,0.25,3.0,0.8125,1.0833333333333333,3.25,1200,3900,1300,5200,16.25,7800.0,7200.0,2400.0,9600.0,55.21086666666667,0.5632186666666666,0.1834643333333333,69.5827,156.4706666666667,347.0943333333333,1.217618
6ALG2HA,60,20,70,60.0,80,0.25,3.0,0.875,1.1666666666666667,3.5,1200,4200,1400,5600,17.5,4200.0,3600.0,1200.0,4800.0,55.21086666666667,0.5632186666666666,0.1834643333333333,69.5827,156.4706666666667,347.0943333333333,2.2351527
6ALG2HA,60,20,70,90.0,80,0.25,3.0,0.875,1.1666666666666667,3.5,1200,4200,1400,5600,17.5,6300.0,5400.0,1800.0,7200.0,55.21086666666667,0.5632186666666666,0.1834643333333333,69.5827,156.4706666666667,347.0943333333333,1.5601803
6ALG2HA,60,20,70,120.0,80,0.25,3.0,0.875,1.1666666666666667,3.5,1200,4200,1400,5600,17.5,8400.0,7200.0,2400.0,9600.0,55.21086666666667,0.5632186666666666,0.1834643333333333,69.5827,156.4706666666667,347.0943333333333,1.2546077
6ALG4HA,60,40,85,60.0,100,0.4,1.5,0.85,1.4166666666666667,2.125,2400,5100,3400,8500,34.0,5100.0,3600.0,2400.0,6000.0,245.63666666666663,0.6345706666666667,0.7346953333333333,239.3463333333333,352.2513333333333,552.6129999999999,2.186711
6ALG4HA,60,40,85,90.0,100,0.4,1.5,0.85,1.4166666666666667,2.125,2400,5100,3400,8500,34.0,7650.0,5400.0,3600.0,9000.0,245.63666666666663,0.6345706666666667,0.7346953333333333,239.3463333333333,352.2513333333333,552.6129999999999,1.389448
6ALG4HA,60,40,85,120.0,100,0.4,1.5,0.85,1.4166666666666667,2.125,2400,5100,3400,8500,34.0,10200.0,7200.0,4800.0,12000.0,245.63666666666663,0.6345706666666667,0.7346953333333333,239.3463333333333,352.2513333333333,552.6129999999999,1.1903584
6ALG4HA,60,40,90,60.0,100,0.4,1.5,0.9,1.5,2.25,2400,5400,3600,9000,36.0,5400.0,3600.0,2400.0,6000.0,245.63666666666663,0.6345706666666667,0.7346953333333333,239.3463333333333,352.2513333333333,552.6129999999999,2.1252992
6ALG4HA,60,40,90,90.0,100,0.4,1.5,0.9,1.5,2.25,2400,5400,3600,9000,36.0,8100.0,5400.0,3600.0,9000.0,245.63666666666663,0.6345706666666667,0.7346953333333333,239.3463333333333,352.2513333333333,552.6129999999999,1.3860123
6ALG4HA,60,40,90,120.0,100,0.4,1.5,0.9,1.5,2.25,2400,5400,3600,9000,36.0,10800.0,7200.0,4800.0,12000.0,245.63666666666663,0.6345706666666667,0.7346953333333333,239.3463333333333,352.2513333333333,552.6129999999999,1.1869227
6ALG4HA,60,40,95,60.0,100,0.4,1.5,0.95,1.5833333333333333,2.375,2400,5700,3800,9500,38.0,5700.0,3600.0,2400.0,6000.0,245.63666666666663,0.6345706666666667,0.7346953333333333,239.3463333333333,352.2513333333333,552.6129999999999,2.1298935
6ALG4HA,60,40,95,90.0,100,0.4,1.5,0.95,1.5833333333333333,2.375,2400,5700,3800,9500,38.0,8550.0,5400.0,3600.0,9000.0,245.63666666666663,0.6345706666666667,0.7346953333333333,239.3463333333333,352.2513333333333,552.6129999999999,1.3873329
6ALG4HA,60,40,95,120.0,100,0.4,1.5,0.95,1.5833333333333333,2.375,2400,5700,3800,9500,38.0,11400.0,7200.0,4800.0,12000.0,245.63666666666663,0.6345706666666667,0.7346953333333333,239.3463333333333,352.2513333333333,552.6129999999999,1.1864346
6ALG4HA,60,40,100,60.0,100,0.4,1.5,1.0,1.6666666666666667,2.5,2400,6000,4000,10000,40.0,6000.0,3600.0,2400.0,6000.0,245.63666666666663,0.6345706666666667,0.7346953333333333,239.3463333333333,352.2513333333333,552.6129999999999,1.7643524
6ALG4HA,60,40,100,90.0,100,0.4,1.5,1.0,1.6666666666666667,2.5,2400,6000,4000,10000,40.0,9000.0,5400.0,3600.0,9000.0,245.63666666666663,0.6345706666666667,0.7346953333333333,239.3463333333333,352.2513333333333,552.6129999999999,1.3469588
6ALG4HA,60,40,100,120.0,100,0.4,1.5,1.0,1.6666666666666667,2.5,2400,6000,4000,10000,40.0,12000.0,7200.0,4800.0,12000.0,245.63666666666663,0.6345706666666667,0.7346953333333333,239.3463333333333,352.2513333333333,552.6129999999999,1.1476009
6ALG4HA,60,40,105,60.0,100,0.4,1.5,1.05,1.75,2.625,2400,6300,4200,10500,42.0,6300.0,3600.0,2400.0,6000.0,245.63666666666663,0.6345706666666667,0.7346953333333333,239.3463333333333,352.2513333333333,552.6129999999999,1.745914
6ALG4HA,60,40,105,90.0,100,0.4,1.5,1.05,1.75,2.625,2400,6300,4200,10500,42.0,9450.0,5400.0,3600.0,9000.0,245.63666666666663,0.6345706666666667,0.7346953333333333,239.3463333333333,352.2513333333333,552.6129999999999,1.3641195
6ALG4HA,60,40,105,120.0,100,0.4,1.5,1.05,1.75,2.625,2400,6300,4200,10500,42.0,12600.0,7200.0,4800.0,12000.0,245.63666666666663,0.6345706666666667,0.7346953333333333,239.3463333333333,352.2513333333333,552.6129999999999,1.1579423
6ALG6HA,60,60,140,60.0,120,0.5,1.0,1.1666666666666667,2.3333333333333335,2.3333333333333335,3600,8400,8400,16800,70.0,8400.0,3600.0,3600.0,7200.0,443.52866666666665,0.861236,0.423928,486.0876666666666,632.5566666666667,760.8486666666668,1.6655481
6ALG6HA,60,60,140,90.0,120,0.5,1.0,1.1666666666666667,2.3333333333333335,2.3333333333333335,3600,8400,8400,16800,70.0,12600.0,5400.0,5400.0,10800.0,443.52866666666665,0.861236,0.423928,486.0876666666666,632.5566666666667,760.8486666666668,1.3434184
6ALG6HA,60,60,140,120.0,120,0.5,1.0,1.1666666666666667,2.3333333333333335,2.3333333333333335,3600,8400,8400,16800,70.0,16800.0,7200.0,7200.0,14400.0,443.52866666666665,0.861236,0.423928,486.0876666666666,632.5566666666667,760.8486666666668,1.1459963
6ALG6HA,60,60,145,60.0,120,0.5,1.0,1.2083333333333333,2.4166666666666665,2.4166666666666665,3600,8700,8700,17400,72.5,8700.0,3600.0,3600.0,7200.0,443.52866666666665,0.861236,0.423928,486.0876666666666,632.5566666666667,760.8486666666668,1.7384142
6ALG6HA,60,60,145,90.0,120,0.5,1.0,1.2083333333333333,2.4166666666666665,2.4166666666666665,3600,8700,8700,17400,72.5,13050.0,5400.0,5400.0,10800.0,443.52866666666665,0.861236,0.423928,486.0876666666666,632.5566666666667,760.8486666666668,1.4358972
6ALG6HA,60,60,145,120.0,120,0.5,1.0,1.2083333333333333,2.4166666666666665,2.4166666666666665,3600,8700,8700,17400,72.5,17400.0,7200.0,7200.0,14400.0,443.52866666666665,0.861236,0.423928,486.0876666666666,632.5566666666667,760.8486666666668,1.2276385
6ALG6HA,60,60,150,60.0,120,0.5,1.0,1.25,2.5,2.5,3600,9000,9000,18000,75.0,9000.0,3600.0,3600.0,7200.0,443.52866666666665,0.861236,0.423928,486.0876666666666,632.5566666666667,760.8486666666668,1.782471
6ALG6HA,60,60,150,90.0,120,0.5,1.0,1.25,2.5,2.5,3600,9000,9000,18000,75.0,13500.0,5400.0,5400.0,10800.0,443.52866666666665,0.861236,0.423928,486.0876666666666,632.5566666666667,760.8486666666668,1.5100445
6ALG6HA,60,60,150,120.0,120,0.5,1.0,1.25,2.5,2.5,3600,9000,9000,18000,75.0,18000.0,7200.0,7200.0,14400.0,443.52866666666665,0.861236,0.423928,486.0876666666666,632.5566666666667,760.8486666666668,1.3017857
6ALG6HA,60,60,155,60.0,120,0.5,1.0,1.2916666666666667,2.5833333333333335,2.5833333333333335,3600,9300,9300,18600,77.5,9300.0,3600.0,3600.0,7200.0,443.52866666666665,0.861236,0.423928,486.0876666666666,632.5566666666667,760.8486666666668,1.782471
6ALG6HA,60,60,155,90.0,120,0.5,1.0,1.2916666666666667,2.5833333333333335,2.5833333333333335,3600,9300,9300,18600,77.5,13950.0,5400.0,5400.0,10800.0,443.52866666666665,0.861236,0.423928,486.0876666666666,632.5566666666667,760.8486666666668,1.5125643
6ALG6HA,60,60,155,120.0,120,0.5,1.0,1.2916666666666667,2.5833333333333335,2.5833333333333335,3600,9300,9300,18600,77.5,18600.0,7200.0,7200.0,14400.0,443.52866666666665,0.861236,0.423928,486.0876666666666,632.5566666666667,760.8486666666668,1.2991142
6ALG6HA,60,60,160,60.0,120,0.5,1.0,1.3333333333333333,2.6666666666666665,2.6666666666666665,3600,9600,9600,19200,80.0,9600.0,3600.0,3600.0,7200.0,443.52866666666665,0.861236,0.423928,486.0876666666666,632.5566666666667,760.8486666666668,1.7637423
6ALG6HA,60,60,160,90.0,120,0.5,1.0,1.3333333333333333,2.6666666666666665,2.6666666666666665,3600,9600,9600,19200,80.0,14400.0,5400.0,5400.0,10800.0,443.52866666666665,0.861236,0.423928,486.0876666666666,632.5566666666667,760.8486666666668,1.4959743
6ALG6HA,60,60,160,120.0,120,0.5,1.0,1.3333333333333333,2.6666666666666665,2.6666666666666665,3600,9600,9600,19200,80.0,19200.0,7200.0,7200.0,14400.0,443.52866666666665,0.861236,0.423928,486.0876666666666,632.5566666666667,760.8486666666668,1.2530508
