Formulation_label,Alg_mg_ml,HA_mg_ml,Pressure_kPa,Angle_deg,Reference_pred_Pr,Reference_pred_AF,Reference_combined_error,E_q2p5,E_q5,E_q25,E_median,E_q75,E_q95,E_q97p5,Bootstrap_P_top,Bootstrap_P_top3,Bootstrap_P_top5,Bootstrap_mean_rank
1ALG8HA,10,80,65,120.0,1.0010555274309605,1.1678565,0.16891198228020365,0.16434868777841988,0.16846706444816784,0.17975245195556486,0.19252371592177736,0.22835031502132325,0.3566991588678278,0.4065915306041023,0.491,0.633,0.694,5.02
2ALG8HA,20,80,95,120.0,0.9781950228946845,1.1953074,0.2171123511058648,0.1827816260666224,0.18630847852130233,0.19972766967931516,0.21280365711530602,0.2335293915734077,0.34811232745701154,0.3872292766150648,0.099,0.361,0.506,6.669
4ALG6HA,40,60,105,120.0,1.01289037854441,1.1880308,0.20092121751077974,0.17832286682090231,0.18455389039055228,0.20116647252202408,0.21326947246110395,0.22830208629239135,0.26318341417978025,0.27378190195942687,0.054,0.322,0.577,5.641
4ALG6HA,40,60,95,120.0,1.0468346008361538,1.1740983,0.22093285408627583,0.15156537757973432,0.1598569211714329,0.19133269891762017,0.21382228556314886,0.23894962714991586,0.2735122373970327,0.28563821449034954,0.201,0.398,0.507,6.063
4ALG8HA,40,80,130,120.0,1.017334569551492,1.1904917,0.20782624588205834,0.18827706571953648,0.191585896060556,0.20189875340301144,0.21437791937331596,0.24269976877836813,0.3251370313729002,0.3590515751803785,0.044,0.284,0.494,7.205
4ALG6HA,40,60,100,120.0,1.029862489690282,1.1783873,0.20824977396915156,0.1775625232023743,0.18508246694428726,0.20257655589433504,0.21522505196866049,0.23241120240933727,0.2649067456798551,0.27638284291452536,0.026,0.213,0.466,6.198
2ALG8HA,20,80,90,120.0,0.9951671340405563,1.2036484,0.20848131394986114,0.19731162006689937,0.20014527352817843,0.2108464234138505,0.21819109081397564,0.23205665657510507,0.33376170180006404,0.3694835734526854,0.022,0.154,0.345,7.443
2ALG8HA,20,80,100,120.0,0.9612229117488127,1.1876029,0.22637996586806963,0.19304135467024694,0.19727859233181544,0.21141335014825605,0.22266421562554517,0.24113362778235095,0.3503120581464332,0.4019653691101539,0.002,0.13,0.293,8.771
4ALG8HA,40,80,140,120.0,0.9833903472597482,1.1925372,0.2091468412702201,0.19907296288361367,0.20168052146118473,0.2143676613095195,0.2230118967422029,0.23876146364690756,0.3052826953710567,0.32937742323805197,0.004,0.097,0.226,8.442
2ALG8HA,20,80,85,120.0,1.0121392451864282,1.2070842,0.21922342411098872,0.20372661857024285,0.2069320909701711,0.21823246571459443,0.22660248234998814,0.24152072890592363,0.31836764503291626,0.3602324453544215,0.003,0.054,0.172,8.498
4ALG4HA,40,40,70,120.0,1.0423904098290722,1.1858281,0.22821849954312246,0.17952337272856544,0.18864392447449332,0.20827099787883963,0.2290289514839403,0.26044029020388476,0.3784100139312422,0.3989491497767367,0.039,0.169,0.288,9.7
2ALG8HA,20,80,80,120.0,1.0291113563323,1.2143344,0.2434457250380495,0.20994684913946682,0.21346534830623676,0.22833904674872862,0.24171637584924588,0.26013162401289736,0.3143524144360604,0.3413724962573396,0.0,0.021,0.064,11.134
1ALG8HA,10,80,70,120.0,0.9840834162850887,1.2045002,0.22041678207916915,0.20722834100861712,0.21092829574650984,0.22422210497844525,0.24251681672810738,0.26113376370865893,0.37122432914385733,0.4214842590928923,0.0,0.014,0.068,11.489
6ALG6HA,60,60,160,120.0,0.98414148061773,1.2530508,0.2689093235204536,0.1975883336755743,0.20263343216160512,0.22943653942741218,0.24744875591731724,0.26174622878031584,0.3047223381655555,0.3361490645563587,0.012,0.071,0.133,11.438
4ALG8HA,40,80,145,120.0,0.9664182361138763,1.2188448,0.25242653527131653,0.20788655353327418,0.2125906897098124,0.2337378637419053,0.25093084587685344,0.27035938665793835,0.31173924259532265,0.33015048036014094,0.001,0.026,0.061,12.503
2ALG8HA,20,80,75,120.0,1.0460834674781718,1.2143344,0.26041783618392134,0.20294231631660267,0.2090531245563496,0.23573477293265113,0.25363849869271826,0.2774222383935484,0.3304227316165808,0.34306675541705967,0.002,0.049,0.086,12.686
6ALG6HA,60,60,145,120.0,1.0350578140553455,1.2276385,0.2626962971028308,0.21274230913326306,0.21881143511995502,0.24026728726563856,0.2648723080146421,0.28412187997981025,0.36670422361900734,0.3829302809652631,0.0,0.004,0.02,14.1
