Target,Repeat,R2,MAE,RMSE,Spearman
Pr,1,0.41272528288644494,0.05868215644149213,0.07474476316361084,0.4747162043595392
Pr,2,0.31611146253767597,0.05988133048591739,0.08065899013867787,0.4694624281848091
Pr,3,0.37085065241324333,0.06054085833322349,0.0773636574403878,0.48353504293855043
Pr,4,0.37409017906600406,0.05528621917132157,0.07716422539709938,0.507364670588219
Pr,5,0.45573608148812583,0.05032417079027216,0.07195564823305095,0.6300900731844624
Pr,6,0.42020389868881325,0.05430020829831572,0.07426732188209965,0.5014541723916476
Pr,7,0.44797750094832633,0.055439966577856194,0.07246670376682324,0.534665543210477
Pr,8,0.15269799115661786,0.06947996278251596,0.08977992452796796,0.5058873205359956
Pr,9,0.27136498723142577,0.057717366344762024,0.08325592227924816,0.5770710223350841
Pr,10,0.42904269632844216,0.05595108442081827,0.07369905757379634,0.6030591717416204
Pr,11,0.23379807949104903,0.05927806048313651,0.08537520039166456,0.5075523054516021
Pr,12,0.15348249529934732,0.0637837517595755,0.08973835196429444,0.523407451407484
Pr,13,0.3683736649517947,0.05549529906175259,0.07751579982747826,0.5278168706969896
Pr,14,0.23692600022344945,0.06014149901413428,0.08520075553840066,0.5205235263972003
Pr,15,0.12301753239518964,0.06972028159946685,0.09133885719272283,0.49195477841811824
Pr,16,0.28330296506960273,0.062133481893204626,0.08257107178131433,0.5107660558230639
Pr,17,0.40458722641884926,0.056633918608826314,0.07526086260363948,0.5979545881028336
Pr,18,0.36179177141542607,0.05811998559209606,0.07791863173220359,0.5680645488926896
Pr,19,0.2881973072969065,0.060903901119565604,0.08228864881528976,0.5084205100119734
Pr,20,0.32040954903871166,0.061893915909530625,0.08040512878804307,0.5069662716090974
SR,1,-0.20230662368015406,1.045774950412517,1.4022824218954204,0.33766233766233766
SR,2,0.04371547215062899,0.8215222998660597,1.2506086689107774,0.46979764421624887
SR,3,0.027345559604393,0.8325726714406307,1.2612673605512044,0.47040169133192383
SR,4,-0.07804807908159583,0.9051301039668443,1.3278436321868716,0.3937780800933825
SR,5,0.0063185282562358,0.9660310015687265,1.274827625871919,0.35049833887043186
SR,6,0.30003098521849125,0.6782969505414196,1.0699593495094055,0.5943823618242223
SR,7,0.11925663042234347,0.8370432005499907,1.2001970677377485,0.48416204210139374
SR,8,0.0005341165115588797,0.8391733146890102,1.278532750535774,0.4981878586529749
SR,9,-0.15882007955081812,1.0000161279800481,1.376689107088513,0.2526427061310782
SR,10,-0.0665712536529055,0.9250833013018724,1.3207566540258375,0.4078828148595591
SR,11,0.0742189153040973,0.8135464764771225,1.2305011438711309,0.5015101177891875
SR,12,-0.02163523632595421,0.8494986298262622,1.2926346754662477,0.4657203261854425
SR,13,0.1347620222227367,0.8170932238815918,1.1895854866096738,0.5194805194805194
SR,14,0.17298579354693544,0.7870472108074071,1.1630124266718707,0.516007248565388
SR,15,0.2563659515583837,0.7733079667908199,1.1028272874302427,0.5682573240712776
SR,16,-0.20828846556028058,0.9637731732215605,1.4057664849148823,0.3764723648444579
SR,17,-0.010891525849770378,0.8219705955450501,1.2858199157233723,0.527182120205376
SR,18,-0.006707127077135944,0.8424121637029482,1.2831559490818156,0.45552031934747955
SR,19,0.0811730891049054,0.9103116463872808,1.2258708650782144,0.446843853820598
SR,20,0.19988879699297757,0.8125424084506481,1.1439394723692973,0.4774992449411054
Qm,1,0.8531998923784825,0.16033272274997334,0.254631493671622,0.9579737335834897
Qm,2,0.8136778506493959,0.16938416666588565,0.28686738422892205,0.9401500938086305
Qm,3,0.8949933185598895,0.15791365315541112,0.21535620893245028,0.9512195121951221
Qm,4,0.8782121375045305,0.16283422283528345,0.23192679940175542,0.9378986866791746
Qm,5,0.5632203362297716,0.26476285717688536,0.4392180054975239,0.8889305816135086
Qm,6,0.8312029784726487,0.1557594322348891,0.27304317175239207,0.9332082551594749
Qm,7,0.8894634882817479,0.1493741093168145,0.22095396950508633,0.9455909943714824
Qm,8,0.9059647928203143,0.14050050700979994,0.20379530449662348,0.9544090056285179
Qm,9,0.8222630777296425,0.1811394917818286,0.2801804048083776,0.9549718574108819
Qm,10,0.8969268609264294,0.13900781757921418,0.2133642639883203,0.9465290806754223
Qm,11,0.7951754863448599,0.1694298566271688,0.30077372662031143,0.95422138836773
Qm,12,0.899631638192581,0.1435497551335707,0.21054617137819928,0.9572232645403379
Qm,13,0.8954933967777452,0.147539461853441,0.21484279648057203,0.9360225140712947
Qm,14,0.8710730608640018,0.16669067462326997,0.23862765131170235,0.9352720450281428
Qm,15,0.7302212536024723,0.20551323298326074,0.3451857006911418,0.9326454033771108
Qm,16,0.8743915797168882,0.15737689723614418,0.2355365489337057,0.9508442776735463
Qm,17,0.8888011942633605,0.1585089844417738,0.22161491829804705,0.9439024390243904
Qm,18,0.8670269176214885,0.14938107531571188,0.24234317793592972,0.9564727954971858
Qm,19,0.8509474025468418,0.1843917009859251,0.25657758020114424,0.9279549718574109
Qm,20,0.8893523773236042,0.15319951219294653,0.22106499273386568,0.9193245778611633
AF,1,0.7349216488289905,0.11934135750549385,0.16990630260132095,0.8963103635377103
AF,2,0.7450827169115022,0.10825118747274103,0.16661803157859023,0.900854584915898
AF,3,0.7092596486918827,0.11427980569903573,0.17794058511027705,0.8946554530656537
AF,4,0.7313013976092977,0.11478879991990058,0.17106259762730364,0.9183667932718393
AF,5,0.7659959375056105,0.10575508774339186,0.15963718371372201,0.9141851403509579
AF,6,0.7207648700377733,0.10981830482388129,0.17438430160756221,0.8992434184920757
AF,7,0.7321957642856133,0.11181338506486153,0.1707776683285328,0.9042322300596851
AF,8,0.7585763428255488,0.1049232591424825,0.16214825195457624,0.9048155181768854
AF,9,0.7986886290801951,0.1005141987639165,0.14806639819888878,0.9150976668475312
AF,10,0.7120408109680739,0.12469308411847985,0.17708746854255508,0.8764777297931506
AF,11,0.7639802164421197,0.10491578107333259,0.16032327017216147,0.9105972280207949
AF,12,0.7394531364748347,0.1098290450310772,0.16844777685100815,0.903174172544764
AF,13,0.7004986540803106,0.11384144027600762,0.18060166426005367,0.8957270754205101
AF,14,0.673741030354319,0.11550097081664877,0.18849662950312632,0.8962832338578406
AF,15,0.7801383785568792,0.1061277985862985,0.1547380330783632,0.90671459576777
AF,16,0.7775069947805315,0.09774286143596178,0.1556612594209172,0.9112995116657623
AF,17,0.7474871952612261,0.10505661616440275,0.16583036694943515,0.9091155724362452
AF,18,0.7571521903069373,0.10842942413181911,0.16262580310116104,0.9046934346174714
AF,19,0.7657061897646871,0.10842747529747188,0.15973598585295704,0.9023497773714982
AF,20,0.7227064979976816,0.11655816063894969,0.1737769638482848,0.8906673901247965
