Target,Repeat,Outer_fold,N_train,N_test,Selected_feature_set,Selected_model,R2,MAE,RMSE,Spearman
Pr,1,1,32,8,rheology_enhanced,RandomForest,0.03819466202755839,0.06362830257936482,0.07395150540530805,0.4047619047619048
Pr,1,2,32,8,rheology_enhanced,RandomForest,0.6576525621222586,0.0464262774470898,0.05688619477992309,0.6904761904761906
Pr,1,3,32,8,core,GradientBoosting,0.35749647885133606,0.04835332150446675,0.07289096319902223,0.5000000000000001
Pr,1,4,32,8,rheology_enhanced,GradientBoosting,0.5537478935839928,0.0744792095455869,0.0986945624724054,0.4285714285714286
Pr,1,5,32,8,core,RandomForest,-1.7623715620046156,0.06052367113095239,0.06461675182156697,0.11904761904761905
Pr,2,1,32,8,rheology_enhanced,RandomForest,0.2896822805819165,0.059691663194444675,0.07338926425225706,0.6666666666666669
Pr,2,2,32,8,core,GradientBoosting,-0.9086709382060432,0.055521363904454654,0.08299562713813284,0.2380952380952381
Pr,2,3,32,8,rheology_enhanced,RandomForest,0.17451158130284916,0.0627536139219581,0.06760869579004464,0.6666666666666669
Pr,2,4,32,8,rheology_enhanced,RandomForest,0.5978931699295207,0.042358337466930934,0.048659010052027156,0.5952380952380953
Pr,2,5,32,8,core,RandomForest,0.2917142023983511,0.07908167394179857,0.1153970112860078,0.7142857142857144
Pr,3,1,32,8,rheology_enhanced,RandomForest,0.01558690021372855,0.0624937739748677,0.07950535259455088,0.19047619047619052
Pr,3,2,32,8,rheology_enhanced,RandomForest,0.43871319163726585,0.060086163029100664,0.06896873529516585,0.6826469692905576
Pr,3,3,32,8,rheology_enhanced,RandomForest,0.380574282556321,0.06153270701058215,0.06836398750658422,0.5952380952380953
Pr,3,4,32,8,core,RandomForest,0.4235114819399919,0.07185724116161635,0.10420457573469984,0.8571428571428572
Pr,3,5,32,8,rheology_enhanced,GradientBoosting,-0.44225823082212656,0.04673440648995056,0.05758178124650749,0.4285714285714286
Pr,4,1,32,8,core,XGBoost,-0.8805377456071324,0.06368358886241911,0.09229610791891403,-0.19047619047619052
Pr,4,2,32,8,rheology_enhanced,XGBoost,-0.07915923680204329,0.046385626852512366,0.05386828139367725,0.523809523809524
Pr,4,3,32,8,core,GradientBoosting,0.30212737497943676,0.050385099744380865,0.06753017842428105,0.4523809523809524
Pr,4,4,32,8,engineered,GradientBoosting,0.46707492852540666,0.040041303796171726,0.050948370581703935,0.4761904761904762
Pr,4,5,32,8,engineered,XGBoost,0.4738029135563733,0.07593547660112379,0.1058072004423031,0.6666666666666669
Pr,5,1,32,8,rheology_enhanced,RandomForest,-0.03346921440880757,0.04545867162698396,0.053656191292704825,0.14285714285714288
Pr,5,2,32,8,engineered,RandomForest,0.4497171492202948,0.06855347503306888,0.10478697252893635,0.880952380952381
Pr,5,3,32,8,rheology_enhanced,RandomForest,0.8760832808789522,0.025854305059523672,0.03581835179947763,0.9523809523809524
Pr,5,4,32,8,core,XGBoost,0.07017747331032631,0.05348512971401216,0.06578116435258706,0.5952380952380953
Pr,5,5,32,8,core,GradientBoosting,-0.12146094190398404,0.05826927251777214,0.08011656619052164,0.4217173561228949
Pr,6,1,32,8,core,XGBoost,0.3886810209547896,0.0864141479730606,0.11692992540654598,0.23952525238265177
Pr,6,2,32,8,rheology_enhanced,RandomForest,0.031171495956494377,0.052657248181216795,0.05924772349491798,0.5952380952380953
Pr,6,3,32,8,rheology_enhanced,RandomForest,0.11644597485269093,0.06421536425264535,0.0814069835187215,0.7619047619047621
Pr,6,4,32,8,core,RandomForest,0.6960567985505256,0.03397505853174579,0.04555025271809293,0.6107893935757621
Pr,6,5,32,8,engineered,RandomForest,0.6145996439290371,0.03423922255291008,0.04115036833962479,0.28571428571428575
Pr,7,1,32,8,engineered,XGBoost,-0.20589786040568026,0.06134369045495987,0.07037861957299285,0.4761904761904762
Pr,7,2,32,8,core,GradientBoosting,0.4104434796619435,0.08273170013934694,0.11252967563887491,0.3571428571428572
Pr,7,3,32,8,rheology_enhanced,RandomForest,-1.3550554839041165,0.04456485036375692,0.05569208267161249,0.4761904761904762
Pr,7,4,32,8,rheology_enhanced,RandomForest,0.6130198014725303,0.04206598082010614,0.0497428526462309,0.7619047619047621
Pr,7,5,32,8,rheology_enhanced,RandomForest,0.2936564927707209,0.0464936111111111,0.055363149477479646,0.6666666666666669
Pr,8,1,32,8,rheology_enhanced,RandomForest,-0.034688526098961114,0.03821913144841246,0.04924070529388194,0.21557272714438658
Pr,8,2,32,8,engineered,RandomForest,-0.6769808004713553,0.08490309325396836,0.08851101190912343,0.6190476190476191
Pr,8,3,32,8,rheology_enhanced,SVR_RBF,0.4670201087707483,0.07490549523465496,0.11540465660886196,0.7619047619047621
Pr,8,4,32,8,rheology_enhanced,XGBoost,0.16831921529601823,0.07702539789676667,0.08789827398591975,0.5000000000000001
Pr,8,5,32,8,core,XGBoost,-2.0002247479765884,0.0723466960787773,0.09486298866000917,0.1325301204819277
Pr,9,1,32,8,rheology_enhanced,RandomForest,0.5936991341480592,0.04467563144841294,0.052908939033594435,0.6904761904761906
Pr,9,2,32,8,rheology_enhanced,RandomForest,0.3661199691198279,0.04105825909391504,0.04880119472559236,0.6190476190476191
Pr,9,3,32,8,rheology_enhanced,RandomForest,-0.28067045391654255,0.043798083092833326,0.050957819995037915,0.8571428571428572
Pr,9,4,32,8,core,XGBoost,-1.0341313285776894,0.055640191555023186,0.08150048294496422,0.261904761904762
Pr,9,5,32,8,core,LinearRegression,-0.24546190488597586,0.10341466653362563,0.14225963024563987,0.6428571428571429
Pr,10,1,32,8,rheology_enhanced,GradientBoosting,-0.37155165309630656,0.060441877080201684,0.0717450181691532,0.023809523809523815
Pr,10,2,32,8,rheology_enhanced,RandomForest,0.6954732971245161,0.036375555555555356,0.04274418150647237,0.6904761904761906
Pr,10,3,32,8,engineered,GradientBoosting,-0.05317929256844467,0.04131663544085988,0.0508598420567074,0.7784570702436182
Pr,10,4,32,8,core,GradientBoosting,0.16396828951869424,0.0526883043369995,0.06428608472944389,0.8571428571428572
Pr,10,5,32,8,core,GradientBoosting,0.43347982295279364,0.08893304969047489,0.11603412656500631,0.6831300510639733
Pr,11,1,32,8,engineered,RandomForest,0.18260241134421873,0.031569106316137144,0.04070193841785401,0.5952380952380953
Pr,11,2,32,8,rheology_enhanced,RandomForest,-0.22544794606324614,0.04829261441798921,0.06466463953607224,0.09523809523809526
Pr,11,3,32,8,core,LinearRegression,0.022003406696328387,0.09550920983710313,0.13529205350323864,0.6666666666666669
Pr,11,4,32,8,rheology_enhanced,RandomForest,0.6322031629903384,0.0463443860780422,0.05492374655577532,0.9047619047619048
Pr,11,5,32,8,core,XGBoost,-3.1020285939852146,0.07467498576641082,0.09636339105405768,0.11904761904761905
Pr,12,1,32,8,engineered,GradientBoosting,-0.16891411882032137,0.058932184158288686,0.0742418355696387,-0.2380952380952381
Pr,12,2,32,8,core,XGBoost,0.2029678456830154,0.04856477957963945,0.06762439767410558,0.9047619047619048
Pr,12,3,32,8,core,LinearRegression,0.05212495567238529,0.09939382908485787,0.13864493193367833,0.8333333333333335
Pr,12,4,32,8,core,LinearRegression,-0.6409949960641581,0.04807268328695062,0.061943772156692244,0.5269555552418339
Pr,12,5,32,8,core,XGBoost,-0.05470359057700813,0.06395528268814087,0.08438306522584146,0.19047619047619052
Pr,13,1,32,8,rheology_enhanced,RandomForest,0.6371718286615059,0.04487572354497357,0.05484300168073664,0.7142857142857144
Pr,13,2,32,8,rheology_enhanced,RandomForest,-0.3562800440778311,0.044014967757936826,0.061841324875949906,0.8571428571428572
Pr,13,3,32,8,engineered,RandomForest,0.3080016785436849,0.0898579250992062,0.1154640305416081,0.11904761904761905
Pr,13,4,32,8,rheology_enhanced,RandomForest,0.5528255110188012,0.04478119758597911,0.0557290914379131,0.4761904761904762
Pr,13,5,32,8,core,XGBoost,0.15324392482681126,0.05394668132066725,0.08230259921347347,0.3333333333333334
Pr,14,1,32,8,core,XGBoost,-0.8182783521755073,0.05669250714778899,0.08103244843452402,-0.047905050476530354
Pr,14,2,32,8,rheology_enhanced,RandomForest,0.35048780438273297,0.05927968303571475,0.06639021614556746,0.6666666666666669
Pr,14,3,32,8,rheology_enhanced,XGBoost,-0.6001070007540366,0.04929150354862215,0.06706266282874444,0.5000000000000001
Pr,14,4,32,8,rheology_enhanced,RandomForest,0.4265244018992478,0.0491681640211646,0.0587454915757014,0.30952380952380953
Pr,14,5,32,8,core,LinearRegression,0.11418983272406691,0.0862756373173809,0.13180854181831284,0.7380952380952381
Pr,15,1,32,8,engineered,RandomForest,0.7243098569319231,0.03725878339947067,0.0416270540073163,0.8571428571428572
Pr,15,2,32,8,core,XGBoost,0.4517695275065726,0.08901460367441176,0.11854472432011451,0.7380952380952381
Pr,15,3,32,8,rheology_enhanced,RandomForest,-1.0810157419859938,0.05795482638888898,0.07345708785056629,0.3571428571428572
Pr,15,4,32,8,engineered,GradientBoosting,0.11557132137002057,0.0674129070300141,0.07815132454572267,0.5628843430992317
Pr,15,5,32,8,core,SVR_RBF,-2.7403749608518506,0.09696028750454873,0.12010286255192425,-0.05988131309566294
Pr,16,1,32,8,core,LinearRegression,0.23190956133363227,0.06025785498420656,0.07456993188019483,0.7619047619047621
Pr,16,2,32,8,engineered,RandomForest,0.4927388937513014,0.0747790679563492,0.10597333977325313,0.9047619047619048
Pr,16,3,32,8,rheology_enhanced,RandomForest,-2.4504594911442577,0.061711062996031935,0.07803297042639912,0.30952380952380953
Pr,16,4,32,8,engineered,GradientBoosting,0.5069757282965304,0.06382703489952207,0.07098038484354502,0.8333333333333335
Pr,16,5,32,8,core,XGBoost,-0.12153495727691088,0.05009238862991333,0.0785590636792186,-0.011976262619132589
Pr,17,1,32,8,rheology_enhanced,RandomForest,0.4572882246708174,0.06744170800264537,0.074570905097545,0.5476190476190477
Pr,17,2,32,8,rheology_enhanced,GradientBoosting,0.6283256816088609,0.05602157991953485,0.06438964995752933,0.8982196964349441
Pr,17,3,32,8,rheology_enhanced,RandomForest,0.3556414701480809,0.03754991335978837,0.0442351183724627,0.5952380952380953
Pr,17,4,32,8,core,GradientBoosting,0.34405658147355456,0.07666844674196414,0.11297915717667442,0.3333333333333334
Pr,17,5,32,8,rheology_enhanced,XGBoost,-0.9472825493168904,0.04548794502019883,0.062394748470698966,0.9518072289156626
Pr,18,1,32,8,rheology_enhanced,RandomForest,0.5835540953407194,0.04325596742724909,0.04959862944103894,0.7619047619047621
Pr,18,2,32,8,engineered,XGBoost,0.5189142003866583,0.06682383036613466,0.09878277260619206,0.8333333333333335
Pr,18,3,32,8,rheology_enhanced,RandomForest,-0.5957211159403735,0.05286812194865291,0.061420348827404894,-0.07142857142857144
Pr,18,4,32,8,rheology_enhanced,RandomForest,0.15419218828927495,0.055848618551587265,0.07036429678504999,0.7619047619047621
Pr,18,5,32,8,core,SVR_RBF,-0.5777681158640597,0.07180338966685636,0.09703047014604739,0.4047619047619048
Pr,19,1,32,8,rheology_enhanced,RandomForest,0.37814876956340404,0.0474992247023812,0.0594557090143172,0.5476190476190477
Pr,19,2,32,8,core,XGBoost,0.32538159032803515,0.06201322799921033,0.0863537398014563,0.29940656547831473
Pr,19,3,32,8,engineered,GradientBoosting,-0.510140533748126,0.07175250292115713,0.09182058710404994,0.7380952380952381
Pr,19,4,32,8,engineered,RandomForest,0.42699549793204494,0.06878938244047611,0.10307368195221363,0.7619047619047621
Pr,19,5,32,8,rheology_enhanced,GradientBoosting,-5.563229594865035,0.054465167534603245,0.06172483114451718,0.28571428571428575
Pr,20,1,32,8,core,XGBoost,0.35516892285088686,0.08686017209291459,0.10752272355304308,0.467074242146171
Pr,20,2,32,8,rheology_enhanced,RandomForest,0.7326448005512474,0.03288213111772503,0.04481989982316001,0.9047619047619048
Pr,20,3,32,8,core,RandomForest,-0.00566782351991324,0.07687861656746027,0.08627898483763351,0.9285714285714287
Pr,20,4,32,8,rheology_enhanced,RandomForest,-1.5902992779898084,0.06342216087963015,0.07192434199997365,0.11904761904761905
Pr,20,5,32,8,core,XGBoost,-0.007516411678426538,0.04942649888992309,0.07834404878447997,0.28571428571428575
SR,1,1,34,9,core,LinearRegression,0.16604253715826767,1.0833899845142305,1.222548740087092,0.7
SR,1,2,34,9,engineered,SVR_RBF,0.19515191488478234,0.8714169831153059,1.0089163788688558,0.6666666666666667
SR,1,3,34,9,engineered,SVR_RBF,-0.3081046415075399,1.0064065486622962,1.484824758053945,0.38333333333333336
SR,1,4,35,8,core,LinearRegression,-1.051110556628136,1.3169689036330772,1.822208939810484,0.2380952380952381
SR,1,5,35,8,engineered,SVR_RBF,-0.18842795538845403,0.9727062490058896,1.3935693402119007,0.4047619047619048
SR,2,1,34,9,engineered,SVR_RBF,0.062497532503183684,0.7030753566188841,1.2360361123830734,0.48333333333333334
SR,2,2,34,9,engineered,SVR_RBF,-0.2248847350268932,0.8928030742389333,1.3561905815704554,0.38333333333333336
SR,2,3,34,9,rheology_enhanced,GradientBoosting,0.660647199027079,0.36857921697281093,0.464632820859084,0.9166666666666666
SR,2,4,35,8,rheology_enhanced,SVR_RBF,-0.16704963011415175,1.0918866180896605,1.6874657147758048,0.4523809523809524
SR,2,5,35,8,rheology_enhanced,RandomForest,-0.059673487567196704,1.1137808898809527,1.236240628085346,0.4047619047619048
SR,3,1,34,9,engineered,SVR_RBF,-0.09827045836715032,0.7405961288109784,1.3206345813116904,0.5
SR,3,2,34,9,engineered,SVR_RBF,0.09801342735775287,0.7247379393188234,1.013918833646615,0.3666666666666667
SR,3,3,34,9,engineered,SVR_RBF,-0.44990951056945794,1.1567909484942749,1.433214764276529,-0.11666666666666665
SR,3,4,35,8,engineered,SVR_RBF,0.8839758938843408,0.37262154255418306,0.4304883185248662,0.9047619047619048
SR,3,5,35,8,engineered,XGBoost,-0.6676123862364625,1.1525659227371214,1.713393335784211,0.2380952380952381
SR,4,1,34,9,engineered,SVR_RBF,-0.45431087111523927,0.8892137974190588,1.3236545003007603,0.39999999999999997
SR,4,2,34,9,engineered,SVR_RBF,-0.09419766981385935,0.8862483723267722,1.3233914800023672,0.2833333333333333
SR,4,3,34,9,engineered,SVR_RBF,0.30074041942479524,0.6085129739287161,0.7591557730040245,0.7833333333333333
SR,4,4,35,8,core,GradientBoosting,0.0518409983837792,1.14518933366984,1.487111501703668,0.467074242146171
SR,4,5,35,8,rheology_enhanced,SVR_RBF,-0.7234207079761426,1.0379129385180832,1.635793234544027,0.4047619047619048
SR,5,1,34,9,engineered,SVR_RBF,-0.21972059280216083,1.032169366096515,1.2925154943467763,0.3
SR,5,2,34,9,engineered,SVR_RBF,-0.6066419603652593,0.9333756454489924,1.112223252153883,0.15
SR,5,3,34,9,core,LinearRegression,0.2816924600753794,1.0035935366605455,1.1481617956044514,0.7999999999999999
SR,5,4,35,8,engineered,RandomForest,0.23738544040446352,1.050640697420633,1.4331041647804617,0.4523809523809524
SR,5,5,35,8,engineered,SVR_RBF,-0.29383914532777844,0.8014950692794615,1.388320194777855,0.19047619047619052
SR,6,1,34,9,engineered,SVR_RBF,-0.4946589402207353,1.2489027300373505,1.7399974464648094,0.13333333333333333
SR,6,2,34,9,engineered,SVR_RBF,-0.5432285055828552,0.8831228941573448,1.2979460799127411,0.35
SR,6,3,34,9,engineered,SVR_RBF,0.7374270436290962,0.4546921556052816,0.6291247329840135,0.8666666666666667
SR,6,4,35,8,engineered,SVR_RBF,0.8491889020703426,0.32557792072236014,0.3950668726221637,0.6190476190476191
SR,6,5,35,8,engineered,SVR_RBF,0.8931021173997088,0.4102106861627969,0.5007318537288311,0.8333333333333335
SR,7,1,34,9,rheology_enhanced,RandomForest,-0.7487934237502032,0.8357219814814801,1.353972262566569,0.15
SR,7,2,34,9,engineered,SVR_RBF,-0.4290902262043661,0.6829099115925827,1.1720389624865584,0.2833333333333333
SR,7,3,34,9,engineered,GradientBoosting,0.14186288556220727,1.1622743980576926,1.4495407725415255,0.4666666666666666
SR,7,4,35,8,rheology_enhanced,GradientBoosting,0.4811833410328158,0.7612366983836225,0.987326241953349,0.5030030300035688
SR,7,5,35,8,engineered,SVR_RBF,0.437872585146005,0.7218509270493527,0.8922634265068733,0.8095238095238096
SR,8,1,34,9,engineered,SVR_RBF,0.3270526971729538,0.9103453457553137,1.3307930799679564,0.5499999999999999
SR,8,2,34,9,engineered,SVR_RBF,0.6698814334305085,0.36605235747483794,0.5179108794501208,0.8833333333333333
SR,8,3,34,9,core,LinearRegression,0.01631867283475441,0.9865033405235821,1.1335851401027766,0.7333333333333334
SR,8,4,35,8,core,LinearRegression,-0.8063300797947142,1.170899938722283,1.7894636707751177,0.2142857142857143
SR,8,5,35,8,engineered,SVR_RBF,-0.7587195461048537,0.7938929535081968,1.358032647925016,0.2380952380952381
SR,9,1,34,9,core,LinearRegression,0.41557465853046904,0.7102095159247166,0.8814591645519582,0.7999999999999999
SR,9,2,34,9,rheology_enhanced,RandomForest,-0.7943253687859861,0.954116045120518,1.1820586688392725,-0.03333333333333333
SR,9,3,34,9,engineered,SVR_RBF,-0.35287272023451943,1.1084790577626065,1.4077230026892913,0.16666666666666669
SR,9,4,35,8,engineered,SVR_RBF,-0.3415776925616585,1.0047495682377154,1.4754831638874102,0.2142857142857143
SR,9,5,35,8,core,LinearRegression,-0.5561057413639328,1.2509319234962228,1.8260981966885093,0.2380952380952381
SR,10,1,34,9,engineered,SVR_RBF,-0.14677807662626186,0.8678284873077615,1.03137321172946,0.5333333333333333
SR,10,2,34,9,rheology_enhanced,RandomForest,-0.030345374199454156,1.0262174273956504,1.1231774134372863,-0.09999999999999999
SR,10,3,34,9,engineered,SVR_RBF,0.8547739669058009,0.4208651797266238,0.46158128977900253,0.9
SR,10,4,35,8,rheology_enhanced,GradientBoosting,-0.9027309129391088,0.9906630952815921,1.3946949173482532,0.19047619047619052
SR,10,5,35,8,rheology_enhanced,SVR_RBF,-0.828960497091183,1.3773846679821813,2.1390093870983664,0.1666666666666667
SR,11,1,34,9,rheology_enhanced,RandomForest,0.5991416876254176,0.6564001621105244,0.738754840496736,0.7333333333333334
SR,11,2,34,9,rheology_enhanced,GradientBoosting,0.5659686312722708,0.728894958997572,0.8436795715448265,0.7833333333333333
SR,11,3,34,9,engineered,SVR_RBF,-0.2405740460571808,0.9064544391918727,1.3293017689385698,0.19999999999999998
SR,11,4,35,8,rheology_enhanced,SVR_RBF,0.546756815610715,0.558228260017625,0.697102993517457,0.880952380952381
SR,11,5,35,8,rheology_enhanced,SVR_RBF,-3.808065717552794,1.2363657957094438,2.061514218633941,0.19047619047619052
SR,12,1,34,9,rheology_enhanced,GradientBoosting,0.5141477810998363,0.5728435137231576,0.7930418951894233,0.7333333333333334
SR,12,2,34,9,rheology_enhanced,RandomForest,-0.14702621159545814,1.1722302768959463,1.5453112457220843,0.19999999999999998
SR,12,3,34,9,rheology_enhanced,XGBoost,-1.1753649370493284,0.9656569175720213,1.5697317196125775,0.13333333333333333
SR,12,4,35,8,rheology_enhanced,RandomForest,0.4039508737205676,0.63774531845238,0.7323425172842889,0.8095238095238096
SR,12,5,35,8,engineered,SVR_RBF,-0.39033909781606924,0.878737770148763,1.509538223813679,0.5714285714285715
SR,13,1,34,9,engineered,SVR_RBF,-0.3138733165694585,1.0352151494299637,1.6642069598243197,0.15
SR,13,2,34,9,rheology_enhanced,GradientBoosting,0.5030822926092653,0.4492138090598454,0.5774796953519737,0.5166666666666667
SR,13,3,34,9,rheology_enhanced,RandomForest,0.44493404301944695,0.8030885210170484,0.9591234112413977,0.7999999999999999
SR,13,4,35,8,engineered,SVR_RBF,0.5476195100072131,0.7090721063052654,0.8136204641976618,0.8333333333333335
SR,13,5,35,8,engineered,SVR_RBF,-0.24879831642052874,1.1093468076130744,1.5551202572026672,0.4761904761904762
SR,14,1,34,9,engineered,SVR_RBF,-0.26029286040290933,0.9231692461417763,1.2515478056909892,0.3
SR,14,2,34,9,rheology_enhanced,SVR_RBF,-0.18220489250774863,1.0801390403001383,1.5408196719873168,0.43333333333333335
SR,14,3,34,9,engineered,SVR_RBF,0.20075698025590227,0.8409468011202768,1.2968218591580312,0.4666666666666666
SR,14,4,35,8,engineered,SVR_RBF,0.6171786614066461,0.5612159436532216,0.8086873425637362,0.8333333333333335
SR,14,5,35,8,engineered,GradientBoosting,0.6608541014086338,0.4693758409291262,0.5396423816052632,0.5952380952380953
SR,15,1,34,9,rheology_enhanced,XGBoost,-2.2694783867739905,1.085074372397529,1.5824737423968873,0.16666666666666669
SR,15,2,34,9,engineered,SVR_RBF,0.1407585796926769,0.6172667340121418,0.7344871067555301,0.6166666666666666
SR,15,3,34,9,engineered,SVR_RBF,0.1805021009843808,0.9771745600538794,1.346257915747176,0.33333333333333337
SR,15,4,35,8,rheology_enhanced,GradientBoosting,0.7357800150846856,0.46332524921459894,0.6015454939257153,0.880952380952381
SR,15,5,35,8,engineered,SVR_RBF,0.7522738229721057,0.6787499475145644,0.8439494789333221,0.9523809523809524
SR,16,1,34,9,rheology_enhanced,GradientBoosting,-1.2431190188268246,1.4067757192633883,2.07002036018282,-0.09999999999999999
SR,16,2,34,9,engineered,RandomForest,0.4861652727963339,0.7063988133450892,0.884979501554554,0.8166666666666667
SR,16,3,34,9,rheology_enhanced,RandomForest,0.5220808072910985,0.6501569457671978,0.7486652393752656,0.7833333333333333
SR,16,4,35,8,core,XGBoost,-0.20191244901346805,1.0265598804950713,1.451886973063677,0.2142857142857143
SR,16,5,35,8,engineered,SVR_RBF,-0.3419951345761305,1.0449730123981809,1.4770686561896718,0.4047619047619048
SR,17,1,34,9,engineered,SVR_RBF,-0.8510278996029579,0.9112030334615606,1.6929621417824352,0.4666666666666666
SR,17,2,34,9,engineered,GradientBoosting,0.5835561579338021,0.7834506965068498,0.911227305418365,0.6333333333333333
SR,17,3,34,9,engineered,GradientBoosting,0.551167574616579,0.44144520055237,0.6187502799105057,0.7333333333333334
SR,17,4,35,8,engineered,SVR_RBF,0.07039520921607179,0.7656947789159486,1.1991459371076987,0.6666666666666669
SR,17,5,35,8,rheology_enhanced,GradientBoosting,-0.8498554175748227,1.2492858753028184,1.6910031654742166,0.38095238095238104
SR,18,1,34,9,rheology_enhanced,SVR_RBF,0.7292144961608671,0.41300407005861617,0.6323501511730166,0.9166666666666666
SR,18,2,34,9,engineered,GradientBoosting,0.5799302212331031,0.5002641055523006,0.6185036128088539,0.7119666788018509
SR,18,3,34,9,engineered,XGBoost,-0.9489412403853124,1.19803150261773,1.8528658922941899,-0.16666666666666669
SR,18,4,35,8,engineered,SVR_RBF,-1.4234496912990018,1.061332239250616,1.6374650147544294,0.28571428571428575
SR,18,5,35,8,rheology_enhanced,RandomForest,0.40456074439703604,1.0914210026455033,1.194203329161171,0.7619047619047621
SR,19,1,34,9,engineered,SVR_RBF,-0.35800812818032224,0.9043131737687273,1.3252433732505489,0.3
SR,19,2,34,9,engineered,SVR_RBF,0.6258973023054804,0.5065211301754948,0.7142230849556593,0.7
SR,19,3,34,9,rheology_enhanced,RandomForest,-0.2222794319118675,0.9918077376944052,1.3768198938326754,0.2833333333333333
SR,19,4,35,8,core,LinearRegression,0.20967333796165677,1.093184856176706,1.184574763029376,0.4285714285714286
SR,19,5,35,8,engineered,SVR_RBF,-0.2492033706520722,1.0967679463114737,1.4113271941892562,0.5476190476190477
SR,20,1,34,9,rheology_enhanced,RandomForest,0.03756034862503954,0.7815762261904757,0.8362821999543081,0.15
SR,20,2,34,9,engineered,SVR_RBF,-0.20452727923063896,1.0405098767807752,1.4253491670532632,0.33333333333333337
SR,20,3,34,9,rheology_enhanced,GradientBoosting,0.7292911112290459,0.441208007261868,0.492599666005599,0.9333333333333332
SR,20,4,35,8,engineered,GradientBoosting,-0.13325802776798046,1.0993611410065116,1.4746528775151337,0.4761904761904762
SR,20,5,35,8,engineered,SVR_RBF,0.33724780495720685,0.721848430403464,1.230350608640079,0.5714285714285715
Qm,1,1,32,8,engineered,SVR_RBF,0.8012424141889772,0.2362111877132638,0.4059417982784171,0.9047619047619048
Qm,1,2,32,8,engineered,SVR_RBF,0.8082074970802948,0.19958443459966468,0.2616293221393287,1.0
Qm,1,3,32,8,engineered,SVR_RBF,0.6505160246992301,0.16605916726892203,0.22207272536637282,0.9523809523809524
Qm,1,4,32,8,engineered,SVR_RBF,0.9569652225422854,0.055812149393275265,0.06604624575471353,0.9761904761904763
Qm,1,5,32,8,engineered,LinearRegression,0.9436394369572879,0.14399667477474082,0.19305165144247363,0.8333333333333335
Qm,2,1,32,8,engineered,SVR_RBF,0.786144055368999,0.20619432084997866,0.43590963355612894,0.9761904761904763
Qm,2,2,32,8,engineered,LinearRegression,0.9093584185783207,0.16770260034286427,0.22888967082270867,0.9285714285714287
Qm,2,3,32,8,engineered,SVR_RBF,0.32228258259670184,0.1287502529186466,0.18338677777449652,0.9285714285714287
Qm,2,4,32,8,engineered,LinearRegression,0.884813218024463,0.14089506682845515,0.1998507401291067,0.8095238095238096
Qm,2,5,32,8,engineered,SVR_RBF,0.4197140553894786,0.20337859238948353,0.3090077054746192,0.9047619047619048
Qm,3,1,32,8,engineered,SVR_RBF,0.8822539790109877,0.23058056446953062,0.3057540044523271,0.9285714285714287
Qm,3,2,32,8,engineered,LinearRegression,0.8989675153646819,0.15762578594191856,0.1969712152905192,0.9761904761904763
Qm,3,3,32,8,engineered,SVR_RBF,0.9178673507226238,0.16728966824878572,0.19661196291501373,0.8095238095238096
Qm,3,4,32,8,engineered,LinearRegression,0.8773885334943656,0.13526480873184793,0.21038368950086986,0.9523809523809524
Qm,3,5,32,8,engineered,SVR_RBF,0.7781443467340629,0.09880743838497269,0.12919269316735768,0.9285714285714287
Qm,4,1,32,8,engineered,LinearRegression,0.9130762045174434,0.2178654249774717,0.28580126891792335,0.9047619047619048
Qm,4,2,32,8,engineered,LinearRegression,0.9183235358041817,0.13537846200199302,0.1751265488564463,0.8333333333333335
Qm,4,3,32,8,rheology_enhanced,SVR_RBF,0.7628245926829298,0.13025592341746473,0.2040119380864755,0.9523809523809524
Qm,4,4,32,8,engineered,LinearRegression,0.9220302326488269,0.11718106166169838,0.19112088783228215,0.8333333333333335
Qm,4,5,32,8,engineered,SVR_RBF,0.5341901593886906,0.2134902421177895,0.28009009858730527,0.9047619047619048
Qm,5,1,32,8,engineered,LinearRegression,0.34563870163337274,0.25892282515413134,0.3219713539905173,0.8095238095238096
Qm,5,2,32,8,engineered,SVR_RBF,0.5336855036405956,0.39800485894237203,0.5874948705702229,0.880952380952381
Qm,5,3,32,8,rheology_enhanced,SVR_RBF,0.7407053077964205,0.12805208240295615,0.15571302251567654,0.7857142857142858
Qm,5,4,32,8,engineered,LinearRegression,0.5117569865017065,0.14011349165506495,0.22001807225786857,0.8571428571428572
Qm,5,5,32,8,engineered,SVR_RBF,0.5259634482948226,0.39872102772990226,0.665651566908896,0.9761904761904763
Qm,6,1,32,8,engineered,SVR_RBF,0.9653533879105761,0.08996794014428294,0.14409063890268026,0.9761904761904763
Qm,6,2,32,8,engineered,SVR_RBF,0.5898565343450561,0.34389513948699857,0.5109128226548687,0.9761904761904763
Qm,6,3,32,8,engineered,LinearRegression,0.8695092143936622,0.09045290883460934,0.1107343799597561,0.9047619047619048
Qm,6,4,32,8,engineered,LinearRegression,0.9374724766246179,0.11563744234323828,0.17989212974024787,1.0
Qm,6,5,32,8,engineered,LinearRegression,0.394701335256331,0.1388437303653165,0.21528019505502496,0.8333333333333335
Qm,7,1,32,8,engineered,LinearRegression,0.9514979339453435,0.08111743809345602,0.10006253605936491,0.880952380952381
Qm,7,2,32,8,engineered,LinearRegression,0.9295411183872934,0.18677326427423058,0.2626648801406671,0.9761904761904763
Qm,7,3,32,8,engineered,LinearRegression,0.8865009094945036,0.146346144497433,0.18969795008475193,0.9761904761904763
Qm,7,4,32,8,engineered,LinearRegression,0.9315957036006531,0.13548429138475745,0.1788855311881966,0.8095238095238096
Qm,7,5,32,8,core,SVR_RBF,0.4246321691776006,0.19714940833419548,0.31162892562066524,0.9761904761904763
Qm,8,1,32,8,engineered,LinearRegression,0.936836764829434,0.1581592722621552,0.25068248768194606,0.9523809523809524
Qm,8,2,32,8,engineered,SVR_RBF,0.7374486610481491,0.20029655209221936,0.24822132308095232,0.9047619047619048
Qm,8,3,32,8,engineered,SVR_RBF,0.885334873928679,0.09808559887693416,0.1325517388742102,0.6904761904761906
Qm,8,4,32,8,engineered,SVR_RBF,0.7421684418880656,0.14643431440527327,0.20576873463934245,0.9047619047619048
Qm,8,5,32,8,engineered,LinearRegression,0.9512431329648714,0.09952679741241774,0.15263145212647664,1.0
Qm,9,1,32,8,engineered,SVR_RBF,0.6745212969309609,0.08903414954114106,0.117125892592281,0.9761904761904763
Qm,9,2,32,8,engineered,LinearRegression,0.6068907131034651,0.34896729493263645,0.4918004238156433,0.9285714285714287
Qm,9,3,32,8,engineered,SVR_RBF,0.4930430489567914,0.14483990952098597,0.20692586313877373,0.7619047619047621
Qm,9,4,32,8,engineered,LinearRegression,0.9265418557689727,0.17904383514479053,0.2413845851229513,0.9285714285714287
Qm,9,5,32,8,engineered,SVR_RBF,0.7711748225912183,0.14381226976958894,0.18929958753637255,0.8095238095238096
Qm,10,1,32,8,rheology_enhanced,LinearRegression,0.747082121050721,0.2027672271100603,0.2754538836931844,0.7857142857142858
Qm,10,2,32,8,engineered,LinearRegression,0.9287665015757967,0.16155139733564555,0.25490510770719566,0.9523809523809524
Qm,10,3,32,8,engineered,SVR_RBF,0.9851994758014955,0.06719506088077944,0.07636020030466771,1.0
Qm,10,4,32,8,engineered,SVR_RBF,0.607957383155373,0.17626605409973187,0.25771119033476286,0.8333333333333335
Qm,10,5,32,8,engineered,SVR_RBF,0.8625287019899389,0.0872593484698538,0.12051618955635579,0.9285714285714287
Qm,11,1,32,8,rheology_enhanced,LinearRegression,0.6471978920951699,0.3278804504007261,0.5459481944456395,0.9047619047619048
Qm,11,2,32,8,engineered,SVR_RBF,0.8285005890087693,0.14731110673908204,0.20345445889075514,0.9285714285714287
Qm,11,3,32,8,engineered,SVR_RBF,0.8445189391904497,0.2134306158485071,0.2927264893112651,0.9523809523809524
Qm,11,4,32,8,engineered,SVR_RBF,0.8093206129412084,0.08362566979543107,0.1115314118706513,1.0
Qm,11,5,32,8,engineered,LinearRegression,0.9551885608393264,0.07490144035209773,0.12142064028000542,0.9761904761904763
Qm,12,1,32,8,engineered,SVR_RBF,0.6859021011048816,0.15517976062790512,0.21737972095485522,0.9047619047619048
Qm,12,2,32,8,engineered,SVR_RBF,0.8830273676311433,0.17916456946908982,0.28246903880801627,0.9285714285714287
Qm,12,3,32,8,engineered,LinearRegression,0.8882188837606586,0.20922079425190163,0.26566787429546773,0.9523809523809524
Qm,12,4,32,8,engineered,LinearRegression,0.9641309943996688,0.08631646122802764,0.11649156389762531,0.9761904761904763
Qm,12,5,32,8,engineered,SVR_RBF,0.960571852466313,0.08786719009092936,0.10225481186999487,0.9761904761904763
Qm,13,1,32,8,engineered,LinearRegression,0.9283031554782801,0.17016947382419403,0.260171835765014,0.9761904761904763
Qm,13,2,32,8,engineered,LinearRegression,0.7316491306500268,0.11902717391310874,0.1696957510673115,0.8333333333333335
Qm,13,3,32,8,core,SVR_RBF,0.893724859359255,0.14272685762443513,0.20414793473114684,0.7857142857142858
Qm,13,4,32,8,engineered,LinearRegression,0.9403282286381065,0.1120170492918283,0.16105720258418613,0.9523809523809524
Qm,13,5,32,8,engineered,SVR_RBF,0.4902982283914491,0.19375675461363887,0.25823497474798013,0.9523809523809524
Qm,14,1,32,8,engineered,LinearRegression,0.29044767399366467,0.24357194670036061,0.30647944462281834,0.9523809523809524
Qm,14,2,32,8,engineered,SVR_RBF,0.9276221077298843,0.17530720291819252,0.2359334310831894,0.9761904761904763
Qm,14,3,32,8,rheology_enhanced,LinearRegression,0.8764153408841018,0.20573324155650152,0.29530363985509395,0.8095238095238096
Qm,14,4,32,8,engineered,LinearRegression,0.7504488494875108,0.11936746865633122,0.19765652567653882,0.9761904761904763
Qm,14,5,32,8,engineered,SVR_RBF,0.9728482631945243,0.0894735132849641,0.09407020845896148,0.9523809523809524
Qm,15,1,32,8,rheology_enhanced,SVR_RBF,0.4630396556171187,0.40439535204536803,0.6634339825254119,0.9285714285714287
Qm,15,2,32,8,engineered,SVR_RBF,0.9576057748682516,0.1154213172914497,0.13181998042650536,0.8571428571428572
Qm,15,3,32,8,engineered,LinearRegression,0.021955263246838053,0.1441481776964812,0.19040971245791669,0.880952380952381
Qm,15,4,32,8,rheology_enhanced,SVR_RBF,0.8270813328199396,0.16284761184504273,0.22100333558755467,0.7857142857142858
Qm,15,5,32,8,engineered,SVR_RBF,0.8863992340028024,0.20075370603796194,0.2305349224301343,0.9761904761904763
Qm,16,1,32,8,engineered,SVR_RBF,0.8573635380977442,0.09777570012376866,0.13290766388117445,0.8333333333333335
Qm,16,2,32,8,engineered,LinearRegression,0.9305085978098955,0.1587951341272581,0.24847978411626712,0.9761904761904763
Qm,16,3,32,8,rheology_enhanced,SVR_RBF,0.8610622513388535,0.2232134400628001,0.3147814253012067,0.9761904761904763
Qm,16,4,32,8,engineered,LinearRegression,0.7140818544929002,0.12516730588448213,0.17121917242540408,0.8333333333333335
Qm,16,5,32,8,engineered,LinearRegression,0.2981694793176125,0.18193290598241185,0.2637751475489727,0.9285714285714287
Qm,17,1,32,8,engineered,LinearRegression,0.730889361836838,0.16673113793832095,0.21092993976475893,0.880952380952381
Qm,17,2,32,8,engineered,LinearRegression,0.8900436420754817,0.18250033340231356,0.27558716249682186,0.9047619047619048
Qm,17,3,32,8,engineered,LinearRegression,0.855018123905926,0.13387778569833278,0.19972286739157089,0.8571428571428572
Qm,17,4,32,8,engineered,LinearRegression,-0.5574108809893159,0.239170992364385,0.28002266582879537,0.8571428571428572
Qm,17,5,32,8,engineered,SVR_RBF,0.9880256568867254,0.07026467280551685,0.08260883307528093,1.0
Qm,18,1,32,8,engineered,SVR_RBF,0.9456206300314921,0.059545567578971295,0.0859981106483995,0.9523809523809524
Qm,18,2,32,8,engineered,SVR_RBF,0.93408748278185,0.136816049022715,0.1821828137003749,0.9523809523809524
Qm,18,3,32,8,engineered,SVR_RBF,0.7907309357325223,0.19146881148749345,0.26935223293333327,0.880952380952381
Qm,18,4,32,8,engineered,SVR_RBF,0.8076664354071065,0.12840308842337791,0.15121777003364456,0.9285714285714287
Qm,18,5,32,8,engineered,SVR_RBF,0.8143748370325434,0.23067186006600165,0.3970483439802108,0.880952380952381
Qm,19,1,32,8,engineered,LinearRegression,0.9292130462094451,0.22394407857597284,0.28458387333076784,0.9523809523809524
Qm,19,2,32,8,engineered,LinearRegression,0.582645964373959,0.19297189828327937,0.24840439662184788,0.9761904761904763
Qm,19,3,32,8,rheology_enhanced,SVR_RBF,0.7836115502057347,0.19474433323783968,0.3009914270363478,1.0
Qm,19,4,32,8,engineered,LinearRegression,0.6080897397230274,0.16430810860181227,0.22228124796937598,0.9523809523809524
Qm,19,5,32,8,engineered,LinearRegression,0.8563996194934115,0.14599008623072152,0.21555221116974413,0.9047619047619048
Qm,20,1,32,8,engineered,SVR_RBF,0.9202250283180183,0.074356592412971,0.10927376813472174,0.6904761904761906
Qm,20,2,32,8,rheology_enhanced,SVR_RBF,0.31148151590845385,0.15186354254547746,0.20998994981187974,0.9047619047619048
Qm,20,3,32,8,engineered,LinearRegression,0.9050156534456588,0.1648749164100961,0.23680437571708685,1.0
Qm,20,4,32,8,engineered,LinearRegression,0.8958288054957095,0.1997969185240266,0.2875362491331647,0.9761904761904763
Qm,20,5,32,8,engineered,LinearRegression,0.8794318367511617,0.17510559107216156,0.22261786252103652,0.9761904761904763
AF,1,1,76,20,angle_engineered,RandomForest,0.8520893757677168,0.09003560290013224,0.13548015042301376,0.8947368421052632
AF,1,2,77,19,angle_engineered,LinearRegression,0.5282375464304923,0.1694417889753166,0.22188766256992556,0.8543859649122807
AF,1,3,77,19,angle_engineered,RandomForest,0.8651287738682595,0.09348856138610394,0.12993265856561034,0.9491228070175438
AF,1,4,77,19,angle_rheology_enhanced,RandomForest,0.7250389502188259,0.1032145730534672,0.148339597459561,0.9385964912280702
AF,1,5,77,19,angle_engineered,RandomForest,0.6382597280759243,0.14206866934957355,0.19600497691480642,0.9263157894736841
AF,2,1,76,20,angle_engineered,RandomForest,0.8094508183360867,0.09910141509151058,0.1383559032242456,0.9067669172932331
AF,2,2,77,19,angle_engineered,RandomForest,0.7286427884275154,0.12656643118003322,0.1719085899906336,0.9105263157894736
AF,2,3,77,19,angle_rheology_enhanced,XGBoost,0.6756539428422688,0.12393984793010515,0.22501675850292602,0.9
AF,2,4,77,19,angle_engineered,RandomForest,0.7029996371290017,0.10307057948691103,0.16683701287203284,0.9122807017543859
AF,2,5,77,19,angle_engineered,RandomForest,0.8363366311351849,0.0890592306425784,0.10999743295853388,0.8649122807017543
AF,3,1,76,20,angle_engineered,SVR_RBF,0.6273001811761141,0.13434329589682195,0.19143289599777683,0.8105263157894737
AF,3,2,77,19,angle_engineered,GradientBoosting,0.606052915103552,0.18328741105608676,0.26774599763094115,0.863157894736842
AF,3,3,77,19,angle_engineered,RandomForest,0.8286340040909532,0.0742097298470924,0.10703647464234839,0.8929824561403509
AF,3,4,77,19,angle_engineered,RandomForest,0.8657560806932956,0.07189716705374569,0.08750526297984919,0.9035087719298246
AF,3,5,77,19,angle_engineered,RandomForest,0.6671435162718833,0.10660545147312736,0.17493858402176798,0.8140350877192982
AF,4,1,76,20,angle_engineered,RandomForest,0.7462482684566891,0.1519447470092591,0.1967554276071057,0.8390977443609022
AF,4,2,77,19,angle_engineered,GradientBoosting,0.6562905031380648,0.12621551707217077,0.2103822482944988,0.9526315789473684
AF,4,3,77,19,angle_engineered,RandomForest,0.8187370090445407,0.09524091001335412,0.1375442317436104,0.887719298245614
AF,4,4,77,19,angle_rheology_enhanced,SVR_RBF,0.487485743940421,0.10492414846315551,0.17124232609620027,0.9368421052631579
AF,4,5,77,19,angle_rheology_enhanced,RandomForest,0.8031632853743353,0.0936631008789656,0.12082607102353216,0.9087719298245613
AF,5,1,76,20,angle_engineered,GradientBoosting,0.6004978181156075,0.1309409392296157,0.19524702300824343,0.8619782482463056
AF,5,2,77,19,angle_engineered,XGBoost,0.7618097999841602,0.11790211150520731,0.18854833626734033,0.9157894736842105
AF,5,3,77,19,angle_rheology_enhanced,RandomForest,0.7613942886299478,0.11784599997265881,0.17594318377671553,0.8859649122807017
AF,5,4,77,19,angle_engineered,RandomForest,0.782990147004139,0.08360221509189654,0.10660633119062628,0.9017543859649122
AF,5,5,77,19,angle_engineered,RandomForest,0.8971187514985918,0.0771586017867271,0.1037412094390703,0.9140350877192982
AF,6,1,76,20,angle_engineered,XGBoost,0.5951834546381938,0.12483686304473873,0.18419142775549782,0.8390977443609022
AF,6,2,77,19,angle_engineered,XGBoost,0.5827979018038246,0.1786224276452316,0.24276421362095932,0.8810882813979407
AF,6,3,77,19,angle_engineered,RandomForest,0.9314310752881397,0.06515875733234616,0.09579308999018558,0.843859649122807
AF,6,4,77,19,angle_engineered,RandomForest,0.8320019125560899,0.0709702222036783,0.09877748079947207,0.7842105263157895
AF,6,5,77,19,angle_rheology_enhanced,RandomForest,0.24151408236088856,0.108712803460735,0.20017514052681423,0.9140350877192982
AF,7,1,76,20,angle_engineered,RandomForest,0.6225556530254139,0.11244102572949707,0.1595382132588487,0.9157894736842105
AF,7,2,77,19,angle_engineered,RandomForest,0.8777176376445902,0.06361486944210264,0.09007694426558253,0.9596491228070174
AF,7,3,77,19,angle_engineered,RandomForest,0.8781151216898129,0.07823969590991342,0.12237260620604755,0.9105263157894736
AF,7,4,77,19,angle_engineered,RandomForest,0.7161068203115908,0.14817250067795792,0.20540140609994287,0.8964912280701753
AF,7,5,77,19,angle_engineered,XGBoost,0.5674697337660668,0.1565657998456453,0.23513691477732013,0.8684210526315789
AF,8,1,76,20,angle_engineered,RandomForest,0.7821604349860253,0.10469675496626984,0.1731227540575846,0.9052631578947368
AF,8,2,77,19,angle_engineered,XGBoost,0.5624819096882019,0.1295777013096057,0.1811086676794485,0.8333333333333334
AF,8,3,77,19,angle_engineered,RandomForest,0.229557163981856,0.09633903907717535,0.17101985546326423,0.9035087719298246
AF,8,4,77,19,angle_engineered,RandomForest,0.8613648590432907,0.08997835673970253,0.12566622831734964,0.9245614035087718
AF,8,5,77,19,angle_engineered,RandomForest,0.8462350889676192,0.10403636489209124,0.1531502345462312,0.9631578947368421
AF,9,1,76,20,angle_engineered,RandomForest,0.8099154724600917,0.09055228780820115,0.13156458845188868,0.9218045112781955
AF,9,2,77,19,angle_engineered,RandomForest,0.8678438988403794,0.07870323213418633,0.11999693164321105,0.943859649122807
AF,9,3,77,19,angle_engineered,RandomForest,0.7372367867309726,0.10488317792498952,0.15045929559649177,0.9175438596491228
AF,9,4,77,19,angle_engineered,RandomForest,0.7340966881045279,0.11871085197855767,0.170652979397352,0.8929824561403509
AF,9,5,77,19,angle_engineered,RandomForest,0.8184802542903475,0.11024575507658026,0.16245680010900324,0.8175438596491227
AF,10,1,76,20,angle_engineered,GradientBoosting,0.4621916780249772,0.18693292004550355,0.24871711643318914,0.7995487590626728
AF,10,2,77,19,angle_engineered,RandomForest,0.8986305811133584,0.06896537645781113,0.08439440088510057,0.8052631578947368
AF,10,3,77,19,angle_engineered,LinearRegression,0.5359443818865564,0.15054245416558834,0.1890876977489472,0.8245614035087718
AF,10,4,77,19,angle_engineered,XGBoost,0.5242174216151139,0.10216188731344124,0.14885796549949146,0.8240457133791498
AF,10,5,77,19,angle_engineered,RandomForest,0.8150182288507288,0.11158700177179055,0.16822339890602075,0.9052631578947368
AF,11,1,76,20,angle_rheology_enhanced,RandomForest,0.743035159700416,0.12755251332311227,0.1914081043819506,0.932330827067669
AF,11,2,77,19,angle_engineered,RandomForest,0.7526786652373042,0.10478793458159268,0.14495443227137678,0.9280701754385964
AF,11,3,77,19,angle_rheology_enhanced,RandomForest,0.8124459713335251,0.1064927918596998,0.17209395339481579,0.9
AF,11,4,77,19,angle_engineered,RandomForest,0.6303134727210276,0.10588081664647711,0.1703070797198738,0.9087719298245613
AF,11,5,77,19,angle_engineered,RandomForest,0.6818259149655713,0.0786734419952663,0.10803993134805193,0.7792892369336368
AF,12,1,76,20,angle_rheology_enhanced,RandomForest,0.8218340828462967,0.07720534560503844,0.12656861560267138,0.9112781954887217
AF,12,2,77,19,angle_rheology_enhanced,RandomForest,0.6040080255387674,0.13489311623117167,0.19618666669188967,0.9157894736842105
AF,12,3,77,19,angle_engineered,RandomForest,0.22523079847240146,0.1480573381023893,0.22172260877002853,0.8771929824561402
AF,12,4,77,19,angle_engineered,RandomForest,0.892819200204945,0.08057626272417176,0.12099548324194154,0.8701754385964912
AF,12,5,77,19,angle_engineered,RandomForest,0.809417419134699,0.11013019930451144,0.15560812316997144,0.9228070175438597
AF,13,1,76,20,angle_engineered,GradientBoosting,0.6621238288541486,0.1344515852003234,0.21192550551981165,0.8887218045112781
AF,13,2,77,19,angle_engineered,XGBoost,0.7072841827545001,0.11242893355720922,0.18485159082071717,0.8754385964912281
AF,13,3,77,19,angle_rheology_enhanced,RandomForest,0.5879960404592037,0.10260554243898885,0.1681481456780808,0.8929824561403509
AF,13,4,77,19,angle_engineered,XGBoost,0.6984803092033958,0.140257397738005,0.19934802125676157,0.8333333333333334
AF,13,5,77,19,angle_engineered,RandomForest,0.8292406920851643,0.07837899797581083,0.12386166988433954,0.8842105263157896
AF,14,1,76,20,angle_rheology_enhanced,SVR_RBF,0.6393466724393133,0.11799267274338239,0.20035002700706103,0.8406015037593983
AF,14,2,77,19,angle_engineered,LinearRegression,0.7892122974627805,0.10083028953170982,0.15486444592682946,0.9333333333333333
AF,14,3,77,19,angle_engineered,RandomForest,0.5352959630972711,0.08633389893838132,0.12191078572873444,0.8947368421052632
AF,14,4,77,19,angle_engineered,XGBoost,0.7791400942383887,0.09948622067702442,0.18047123487380398,0.9017543859649122
AF,14,5,77,19,angle_rheology_enhanced,RandomForest,0.45845063955244547,0.17273062998607563,0.25662633027494186,0.8736842105263157
AF,15,1,76,20,angle_engineered,XGBoost,0.7168181711466142,0.15650083357810973,0.19843782041309183,0.8556390977443609
AF,15,2,77,19,angle_rheology_enhanced,RandomForest,0.7536121175400827,0.0923997248447505,0.15110561992040725,0.9
AF,15,3,77,19,angle_engineered,RandomForest,0.7829181041873579,0.10240227399432952,0.15016410278142495,0.9491228070175438
AF,15,4,77,19,angle_engineered,RandomForest,0.8875672187320326,0.07147803287081328,0.10372372690817575,0.9614035087719298
AF,15,5,77,19,angle_engineered,RandomForest,0.7212449968320251,0.10520691527549944,0.15293347463893145,0.763157894736842
AF,16,1,76,20,angle_rheology_enhanced,RandomForest,0.6473252804968268,0.10114446948611089,0.1815370943632192,0.900751879699248
AF,16,2,77,19,angle_rheology_enhanced,RandomForest,0.7724989306201837,0.08506897341130597,0.14108362624328397,0.9315789473684211
AF,16,3,77,19,angle_engineered,RandomForest,0.7971708614237091,0.09099552721709558,0.14154537258351244,0.9315789473684211
AF,16,4,77,19,angle_engineered,RandomForest,0.8982654882584228,0.07726558678153761,0.11414652211727896,0.9473684210526316
AF,16,5,77,19,angle_engineered,RandomForest,0.7352634740891612,0.1340607182811194,0.1864620214775509,0.8228070175438595
AF,17,1,76,20,angle_rheology_enhanced,RandomForest,0.8811576448692282,0.07073387775667397,0.10073775751319786,0.8781954887218045
AF,17,2,77,19,angle_engineered,RandomForest,0.5720884127019553,0.09332635607003652,0.17175211033715523,0.9228070175438597
AF,17,3,77,19,angle_rheology_enhanced,RandomForest,0.6978379139339395,0.10854562456766921,0.183995715225966,0.8947368421052632
AF,17,4,77,19,angle_engineered,RandomForest,0.7225214398203417,0.11180343241088862,0.13907407090916876,0.843859649122807
AF,17,5,77,19,angle_engineered,XGBoost,0.7537559714638566,0.14268024993294165,0.21346871499833578,0.8982456140350877
AF,18,1,76,20,angle_engineered,RandomForest,0.8427507209630293,0.08358321419648854,0.12624538123341303,0.9398496240601503
AF,18,2,77,19,angle_engineered,RandomForest,0.5307586203824928,0.14140270782233344,0.20940176565487104,0.8596491228070176
AF,18,3,77,19,angle_engineered,RandomForest,0.7466123997857497,0.13929659398774674,0.20077054771202357,0.9070175438596491
AF,18,4,77,19,angle_engineered,RandomForest,0.7746479937241173,0.0788920238686999,0.09832291025560132,0.8649122807017543
AF,18,5,77,19,angle_engineered,RandomForest,0.7988004558364638,0.10028027604358114,0.15174213202951245,0.8473684210526315
AF,19,1,76,20,angle_engineered,GradientBoosting,0.8092562013197091,0.10457794651997658,0.16242802825239067,0.9251598999502234
AF,19,2,77,19,angle_rheology_enhanced,RandomForest,0.5563887418191953,0.13115890959513696,0.19482576219355557,0.8421052631578947
AF,19,3,77,19,angle_engineered,RandomForest,0.8083800012886532,0.10367957013993294,0.13984197683505836,0.9228070175438597
AF,19,4,77,19,angle_engineered,RandomForest,0.7024318281795767,0.08047734286359842,0.10931128355608659,0.787719298245614
AF,19,5,77,19,angle_engineered,RandomForest,0.7939873179108702,0.12244621414647736,0.17801011891204857,0.8614035087719297
AF,20,1,76,20,angle_engineered,RandomForest,0.7581801476762127,0.1238623661944449,0.19191031781589377,0.8571428571428572
AF,20,2,77,19,angle_engineered,LinearRegression,0.7149479805890555,0.17699960798471223,0.21808918660058593,0.9157894736842105
AF,20,3,77,19,angle_engineered,RandomForest,0.92514170183405,0.06996679517126138,0.08493804110256216,0.9140350877192982
AF,20,4,77,19,angle_rheology_enhanced,RandomForest,0.05330212829143954,0.13672987513164214,0.21606132400651487,0.882456140350877
AF,20,5,77,19,angle_rheology_enhanced,RandomForest,0.7876959798448949,0.07484772684134593,0.11114732862844805,0.8912280701754386
