Alg_mg_ml,HA_mg_ml,Pressure_kPa,Angle_deg,Alg_pct_wv,HA_pct_wv,Total_polymer_mg_ml,Total_polymer_pct_wv,HA_fraction,Alg_fraction,Alg_HA_ratio,Formulation_label,TP,TP_pct_wv,HF,Alg_fraction_feature,Alg_HA_ratio_safe,P_over_TP,P_over_Alg,P_over_HA,Alg_x_P,HA_x_P,TP_x_P,HF_x_P,Alg_x_HA,Alg_fraction_x_HA_fraction,Angle_rad,sin_angle,cos_angle,P_x_Angle,Alg_x_Angle,HA_x_Angle,TP_x_Angle,Predicted_AF,AF_error_from_ideal_1,AF_within_1p00_1p25
10,80,50,60,1.0,8.0,90,9.0,0.8888888888888888,0.1111111111111111,0.125,1ALG8HA,90,9.0,0.8888888888888888,0.1111111111111111,0.125,0.5555555555555556,5.0,0.625,500,4000,4500,44.44444444444444,800,0.09876543209876543,1.0471975511965976,0.8660254037844386,0.5000000000000001,3000,600,4800,5400,2.2094,1.2093999,False
10,80,50,90,1.0,8.0,90,9.0,0.8888888888888888,0.1111111111111111,0.125,1ALG8HA,90,9.0,0.8888888888888888,0.1111111111111111,0.125,0.5555555555555556,5.0,0.625,500,4000,4500,44.44444444444444,800,0.09876543209876543,1.5707963267948966,1.0,6.123233995736766e-17,4500,900,7200,8100,1.6273686,0.62736857,False
10,80,50,120,1.0,8.0,90,9.0,0.8888888888888888,0.1111111111111111,0.125,1ALG8HA,90,9.0,0.8888888888888888,0.1111111111111111,0.125,0.5555555555555556,5.0,0.625,500,4000,4500,44.44444444444444,800,0.09876543209876543,2.0943951023931953,0.8660254037844387,-0.4999999999999998,6000,1200,9600,10800,1.3800651,0.38006508,False
10,80,55,60,1.0,8.0,90,9.0,0.8888888888888888,0.1111111111111111,0.125,1ALG8HA,90,9.0,0.8888888888888888,0.1111111111111111,0.125,0.6111111111111112,5.5,0.6875,550,4400,4950,48.888888888888886,800,0.09876543209876543,1.0471975511965976,0.8660254037844386,0.5000000000000001,3300,600,4800,5400,1.7917377,0.7917377,False
10,80,55,90,1.0,8.0,90,9.0,0.8888888888888888,0.1111111111111111,0.125,1ALG8HA,90,9.0,0.8888888888888888,0.1111111111111111,0.125,0.6111111111111112,5.5,0.6875,550,4400,4950,48.888888888888886,800,0.09876543209876543,1.5707963267948966,1.0,6.123233995736766e-17,4950,900,7200,8100,1.303393,0.303393,False
10,80,55,120,1.0,8.0,90,9.0,0.8888888888888888,0.1111111111111111,0.125,1ALG8HA,90,9.0,0.8888888888888888,0.1111111111111111,0.125,0.6111111111111112,5.5,0.6875,550,4400,4950,48.888888888888886,800,0.09876543209876543,2.0943951023931953,0.8660254037844387,-0.4999999999999998,6600,1200,9600,10800,1.1144252,0.11442518,True
10,80,60,60,1.0,8.0,90,9.0,0.8888888888888888,0.1111111111111111,0.125,1ALG8HA,90,9.0,0.8888888888888888,0.1111111111111111,0.125,0.6666666666666666,6.0,0.75,600,4800,5400,53.33333333333333,800,0.09876543209876543,1.0471975511965976,0.8660254037844386,0.5000000000000001,3600,600,4800,5400,1.8062418,0.80624175,False
10,80,60,90,1.0,8.0,90,9.0,0.8888888888888888,0.1111111111111111,0.125,1ALG8HA,90,9.0,0.8888888888888888,0.1111111111111111,0.125,0.6666666666666666,6.0,0.75,600,4800,5400,53.33333333333333,800,0.09876543209876543,1.5707963267948966,1.0,6.123233995736766e-17,5400,900,7200,8100,1.315419,0.31541896,False
10,80,60,120,1.0,8.0,90,9.0,0.8888888888888888,0.1111111111111111,0.125,1ALG8HA,90,9.0,0.8888888888888888,0.1111111111111111,0.125,0.6666666666666666,6.0,0.75,600,4800,5400,53.33333333333333,800,0.09876543209876543,2.0943951023931953,0.8660254037844387,-0.4999999999999998,7200,1200,9600,10800,1.1369022,0.13690221,True
10,80,65,60,1.0,8.0,90,9.0,0.8888888888888888,0.1111111111111111,0.125,1ALG8HA,90,9.0,0.8888888888888888,0.1111111111111111,0.125,0.7222222222222222,6.5,0.8125,650,5200,5850,57.77777777777777,800,0.09876543209876543,1.0471975511965976,0.8660254037844386,0.5000000000000001,3900,600,4800,5400,1.8250843,0.8250843,False
10,80,65,90,1.0,8.0,90,9.0,0.8888888888888888,0.1111111111111111,0.125,1ALG8HA,90,9.0,0.8888888888888888,0.1111111111111111,0.125,0.7222222222222222,6.5,0.8125,650,5200,5850,57.77777777777777,800,0.09876543209876543,1.5707963267948966,1.0,6.123233995736766e-17,5850,900,7200,8100,1.338391,0.33839095,False
10,80,65,120,1.0,8.0,90,9.0,0.8888888888888888,0.1111111111111111,0.125,1ALG8HA,90,9.0,0.8888888888888888,0.1111111111111111,0.125,0.7222222222222222,6.5,0.8125,650,5200,5850,57.77777777777777,800,0.09876543209876543,2.0943951023931953,0.8660254037844387,-0.4999999999999998,7800,1200,9600,10800,1.1648701,0.16487014,True
10,80,70,60,1.0,8.0,90,9.0,0.8888888888888888,0.1111111111111111,0.125,1ALG8HA,90,9.0,0.8888888888888888,0.1111111111111111,0.125,0.7777777777777778,7.0,0.875,700,5600,6300,62.22222222222222,800,0.09876543209876543,1.0471975511965976,0.8660254037844386,0.5000000000000001,4200,600,4800,5400,1.8442876,0.84428763,False
10,80,70,90,1.0,8.0,90,9.0,0.8888888888888888,0.1111111111111111,0.125,1ALG8HA,90,9.0,0.8888888888888888,0.1111111111111111,0.125,0.7777777777777778,7.0,0.875,700,5600,6300,62.22222222222222,800,0.09876543209876543,1.5707963267948966,1.0,6.123233995736766e-17,6300,900,7200,8100,1.3663685,0.36636853,False
10,80,70,120,1.0,8.0,90,9.0,0.8888888888888888,0.1111111111111111,0.125,1ALG8HA,90,9.0,0.8888888888888888,0.1111111111111111,0.125,0.7777777777777778,7.0,0.875,700,5600,6300,62.22222222222222,800,0.09876543209876543,2.0943951023931953,0.8660254037844387,-0.4999999999999998,8400,1200,9600,10800,1.1988354,0.19883537,True
20,80,75,60,2.0,8.0,100,10.0,0.8,0.2,0.25,2ALG8HA,100,10.0,0.8,0.2,0.25,0.75,3.75,0.9375,1500,6000,7500,60.0,1600,0.16000000000000003,1.0471975511965976,0.8660254037844386,0.5000000000000001,4500,1200,4800,6000,1.9673358,0.9673358,False
20,80,75,90,2.0,8.0,100,10.0,0.8,0.2,0.25,2ALG8HA,100,10.0,0.8,0.2,0.25,0.75,3.75,0.9375,1500,6000,7500,60.0,1600,0.16000000000000003,1.5707963267948966,1.0,6.123233995736766e-17,6750,1800,7200,9000,1.4052045,0.40520453,False
20,80,75,120,2.0,8.0,100,10.0,0.8,0.2,0.25,2ALG8HA,100,10.0,0.8,0.2,0.25,0.75,3.75,0.9375,1500,6000,7500,60.0,1600,0.16000000000000003,2.0943951023931953,0.8660254037844387,-0.4999999999999998,9000,2400,9600,12000,1.2118254,0.21182537,True
20,80,80,60,2.0,8.0,100,10.0,0.8,0.2,0.25,2ALG8HA,100,10.0,0.8,0.2,0.25,0.8,4.0,1.0,1600,6400,8000,64.0,1600,0.16000000000000003,1.0471975511965976,0.8660254037844386,0.5000000000000001,4800,1200,4800,6000,1.9673358,0.9673358,False
20,80,80,90,2.0,8.0,100,10.0,0.8,0.2,0.25,2ALG8HA,100,10.0,0.8,0.2,0.25,0.8,4.0,1.0,1600,6400,8000,64.0,1600,0.16000000000000003,1.5707963267948966,1.0,6.123233995736766e-17,7200,1800,7200,9000,1.4052045,0.40520453,False
20,80,80,120,2.0,8.0,100,10.0,0.8,0.2,0.25,2ALG8HA,100,10.0,0.8,0.2,0.25,0.8,4.0,1.0,1600,6400,8000,64.0,1600,0.16000000000000003,2.0943951023931953,0.8660254037844387,-0.4999999999999998,9600,2400,9600,12000,1.2118254,0.21182537,True
20,80,85,60,2.0,8.0,100,10.0,0.8,0.2,0.25,2ALG8HA,100,10.0,0.8,0.2,0.25,0.85,4.25,1.0625,1700,6800,8500,68.0,1600,0.16000000000000003,1.0471975511965976,0.8660254037844386,0.5000000000000001,5100,1200,4800,6000,1.9536715,0.95367146,False
20,80,85,90,2.0,8.0,100,10.0,0.8,0.2,0.25,2ALG8HA,100,10.0,0.8,0.2,0.25,0.85,4.25,1.0625,1700,6800,8500,68.0,1600,0.16000000000000003,1.5707963267948966,1.0,6.123233995736766e-17,7650,1800,7200,9000,1.400183,0.40018296,False
20,80,85,120,2.0,8.0,100,10.0,0.8,0.2,0.25,2ALG8HA,100,10.0,0.8,0.2,0.25,0.85,4.25,1.0625,1700,6800,8500,68.0,1600,0.16000000000000003,2.0943951023931953,0.8660254037844387,-0.4999999999999998,10200,2400,9600,12000,1.2042123,0.20421231,True
20,80,90,60,2.0,8.0,100,10.0,0.8,0.2,0.25,2ALG8HA,100,10.0,0.8,0.2,0.25,0.9,4.5,1.125,1800,7200,9000,72.0,1600,0.16000000000000003,1.0471975511965976,0.8660254037844386,0.5000000000000001,5400,1200,4800,6000,1.8974327,0.8974327,False
20,80,90,90,2.0,8.0,100,10.0,0.8,0.2,0.25,2ALG8HA,100,10.0,0.8,0.2,0.25,0.9,4.5,1.125,1800,7200,9000,72.0,1600,0.16000000000000003,1.5707963267948966,1.0,6.123233995736766e-17,8100,1800,7200,9000,1.3967134,0.39671338,False
20,80,90,120,2.0,8.0,100,10.0,0.8,0.2,0.25,2ALG8HA,100,10.0,0.8,0.2,0.25,0.9,4.5,1.125,1800,7200,9000,72.0,1600,0.16000000000000003,2.0943951023931953,0.8660254037844387,-0.4999999999999998,10800,2400,9600,12000,1.2007427,0.20074272,True
20,80,95,60,2.0,8.0,100,10.0,0.8,0.2,0.25,2ALG8HA,100,10.0,0.8,0.2,0.25,0.95,4.75,1.1875,1900,7600,9500,76.0,1600,0.16000000000000003,1.0471975511965976,0.8660254037844386,0.5000000000000001,5700,1200,4800,6000,1.881754,0.88175404,False
20,80,95,90,2.0,8.0,100,10.0,0.8,0.2,0.25,2ALG8HA,100,10.0,0.8,0.2,0.25,0.95,4.75,1.1875,1900,7600,9500,76.0,1600,0.16000000000000003,1.5707963267948966,1.0,6.123233995736766e-17,8550,1800,7200,9000,1.3860091,0.3860091,False
20,80,95,120,2.0,8.0,100,10.0,0.8,0.2,0.25,2ALG8HA,100,10.0,0.8,0.2,0.25,0.95,4.75,1.1875,1900,7600,9500,76.0,1600,0.16000000000000003,2.0943951023931953,0.8660254037844387,-0.4999999999999998,11400,2400,9600,12000,1.1900384,0.19003844,True
20,80,100,60,2.0,8.0,100,10.0,0.8,0.2,0.25,2ALG8HA,100,10.0,0.8,0.2,0.25,1.0,5.0,1.25,2000,8000,10000,80.0,1600,0.16000000000000003,1.0471975511965976,0.8660254037844386,0.5000000000000001,6000,1200,4800,6000,1.7332686,0.7332686,False
20,80,100,90,2.0,8.0,100,10.0,0.8,0.2,0.25,2ALG8HA,100,10.0,0.8,0.2,0.25,1.0,5.0,1.25,2000,8000,10000,80.0,1600,0.16000000000000003,1.5707963267948966,1.0,6.123233995736766e-17,9000,1800,7200,9000,1.3850269,0.38502693,False
20,80,100,120,2.0,8.0,100,10.0,0.8,0.2,0.25,2ALG8HA,100,10.0,0.8,0.2,0.25,1.0,5.0,1.25,2000,8000,10000,80.0,1600,0.16000000000000003,2.0943951023931953,0.8660254037844387,-0.4999999999999998,12000,2400,9600,12000,1.1890563,0.18905628,True
20,80,105,60,2.0,8.0,100,10.0,0.8,0.2,0.25,2ALG8HA,100,10.0,0.8,0.2,0.25,1.05,5.25,1.3125,2100,8400,10500,84.0,1600,0.16000000000000003,1.0471975511965976,0.8660254037844386,0.5000000000000001,6300,1200,4800,6000,1.7022624,0.7022624,False
20,80,105,90,2.0,8.0,100,10.0,0.8,0.2,0.25,2ALG8HA,100,10.0,0.8,0.2,0.25,1.05,5.25,1.3125,2100,8400,10500,84.0,1600,0.16000000000000003,1.5707963267948966,1.0,6.123233995736766e-17,9450,1800,7200,9000,1.4015093,0.40150928,False
20,80,105,120,2.0,8.0,100,10.0,0.8,0.2,0.25,2ALG8HA,100,10.0,0.8,0.2,0.25,1.05,5.25,1.3125,2100,8400,10500,84.0,1600,0.16000000000000003,2.0943951023931953,0.8660254037844387,-0.4999999999999998,12600,2400,9600,12000,1.2017474,0.20174742,True
20,80,110,60,2.0,8.0,100,10.0,0.8,0.2,0.25,2ALG8HA,100,10.0,0.8,0.2,0.25,1.1,5.5,1.375,2200,8800,11000,88.0,1600,0.16000000000000003,1.0471975511965976,0.8660254037844386,0.5000000000000001,6600,1200,4800,6000,1.731802,0.731802,False
20,80,110,90,2.0,8.0,100,10.0,0.8,0.2,0.25,2ALG8HA,100,10.0,0.8,0.2,0.25,1.1,5.5,1.375,2200,8800,11000,88.0,1600,0.16000000000000003,1.5707963267948966,1.0,6.123233995736766e-17,9900,1800,7200,9000,1.4271113,0.42711127,False
20,80,110,120,2.0,8.0,100,10.0,0.8,0.2,0.25,2ALG8HA,100,10.0,0.8,0.2,0.25,1.1,5.5,1.375,2200,8800,11000,88.0,1600,0.16000000000000003,2.0943951023931953,0.8660254037844387,-0.4999999999999998,13200,2400,9600,12000,1.2392632,0.23926318,True
20,80,115,60,2.0,8.0,100,10.0,0.8,0.2,0.25,2ALG8HA,100,10.0,0.8,0.2,0.25,1.15,5.75,1.4375,2300,9200,11500,92.0,1600,0.16000000000000003,1.0471975511965976,0.8660254037844386,0.5000000000000001,6900,1200,4800,6000,1.7097181,0.7097181,False
20,80,115,90,2.0,8.0,100,10.0,0.8,0.2,0.25,2ALG8HA,100,10.0,0.8,0.2,0.25,1.15,5.75,1.4375,2300,9200,11500,92.0,1600,0.16000000000000003,1.5707963267948966,1.0,6.123233995736766e-17,10350,1800,7200,9000,1.4050274,0.4050274,False
20,80,115,120,2.0,8.0,100,10.0,0.8,0.2,0.25,2ALG8HA,100,10.0,0.8,0.2,0.25,1.15,5.75,1.4375,2300,9200,11500,92.0,1600,0.16000000000000003,2.0943951023931953,0.8660254037844387,-0.4999999999999998,13800,2400,9600,12000,1.2171793,0.2171793,True
40,40,50,60,4.0,4.0,80,8.0,0.5,0.5,1.0,4ALG4HA,80,8.0,0.5,0.5,1.0,0.625,1.25,1.25,2000,2000,4000,25.0,1600,0.25,1.0471975511965976,0.8660254037844386,0.5000000000000001,3000,2400,2400,4800,1.9359576,0.93595755,False
40,40,50,90,4.0,4.0,80,8.0,0.5,0.5,1.0,4ALG4HA,80,8.0,0.5,0.5,1.0,0.625,1.25,1.25,2000,2000,4000,25.0,1600,0.25,1.5707963267948966,1.0,6.123233995736766e-17,4500,3600,3600,7200,1.4953932,0.49539316,False
40,40,50,120,4.0,4.0,80,8.0,0.5,0.5,1.0,4ALG4HA,80,8.0,0.5,0.5,1.0,0.625,1.25,1.25,2000,2000,4000,25.0,1600,0.25,2.0943951023931953,0.8660254037844387,-0.4999999999999998,6000,4800,4800,9600,1.1591487,0.1591487,True
40,40,55,60,4.0,4.0,80,8.0,0.5,0.5,1.0,4ALG4HA,80,8.0,0.5,0.5,1.0,0.6875,1.375,1.375,2200,2200,4400,27.5,1600,0.25,1.0471975511965976,0.8660254037844386,0.5000000000000001,3300,2400,2400,4800,2.2292302,1.2292302,False
40,40,55,90,4.0,4.0,80,8.0,0.5,0.5,1.0,4ALG4HA,80,8.0,0.5,0.5,1.0,0.6875,1.375,1.375,2200,2200,4400,27.5,1600,0.25,1.5707963267948966,1.0,6.123233995736766e-17,4950,3600,3600,7200,1.5756488,0.5756488,False
40,40,55,120,4.0,4.0,80,8.0,0.5,0.5,1.0,4ALG4HA,80,8.0,0.5,0.5,1.0,0.6875,1.375,1.375,2200,2200,4400,27.5,1600,0.25,2.0943951023931953,0.8660254037844387,-0.4999999999999998,6600,4800,4800,9600,1.1947907,0.19479072,True
40,40,60,60,4.0,4.0,80,8.0,0.5,0.5,1.0,4ALG4HA,80,8.0,0.5,0.5,1.0,0.75,1.5,1.5,2400,2400,4800,30.0,1600,0.25,1.0471975511965976,0.8660254037844386,0.5000000000000001,3600,2400,2400,4800,2.13245,1.1324501,False
40,40,60,90,4.0,4.0,80,8.0,0.5,0.5,1.0,4ALG4HA,80,8.0,0.5,0.5,1.0,0.75,1.5,1.5,2400,2400,4800,30.0,1600,0.25,1.5707963267948966,1.0,6.123233995736766e-17,5400,3600,3600,7200,1.4346586,0.43465865,False
40,40,60,120,4.0,4.0,80,8.0,0.5,0.5,1.0,4ALG4HA,80,8.0,0.5,0.5,1.0,0.75,1.5,1.5,2400,2400,4800,30.0,1600,0.25,2.0943951023931953,0.8660254037844387,-0.4999999999999998,7200,4800,4800,9600,1.1109327,0.11093271,True
40,40,65,60,4.0,4.0,80,8.0,0.5,0.5,1.0,4ALG4HA,80,8.0,0.5,0.5,1.0,0.8125,1.625,1.625,2600,2600,5200,32.5,1600,0.25,1.0471975511965976,0.8660254037844386,0.5000000000000001,3900,2400,2400,4800,2.167129,1.167129,False
40,40,65,90,4.0,4.0,80,8.0,0.5,0.5,1.0,4ALG4HA,80,8.0,0.5,0.5,1.0,0.8125,1.625,1.625,2600,2600,5200,32.5,1600,0.25,1.5707963267948966,1.0,6.123233995736766e-17,5850,3600,3600,7200,1.4332622,0.43326223,False
40,40,65,120,4.0,4.0,80,8.0,0.5,0.5,1.0,4ALG4HA,80,8.0,0.5,0.5,1.0,0.8125,1.625,1.625,2600,2600,5200,32.5,1600,0.25,2.0943951023931953,0.8660254037844387,-0.4999999999999998,7800,4800,4800,9600,1.1511781,0.15117812,True
40,40,70,60,4.0,4.0,80,8.0,0.5,0.5,1.0,4ALG4HA,80,8.0,0.5,0.5,1.0,0.875,1.75,1.75,2800,2800,5600,35.0,1600,0.25,1.0471975511965976,0.8660254037844386,0.5000000000000001,4200,2400,2400,4800,2.1476407,1.1476407,False
40,40,70,90,4.0,4.0,80,8.0,0.5,0.5,1.0,4ALG4HA,80,8.0,0.5,0.5,1.0,0.875,1.75,1.75,2800,2800,5600,35.0,1600,0.25,1.5707963267948966,1.0,6.123233995736766e-17,6300,3600,3600,7200,1.4676565,0.4676565,False
40,40,70,120,4.0,4.0,80,8.0,0.5,0.5,1.0,4ALG4HA,80,8.0,0.5,0.5,1.0,0.875,1.75,1.75,2800,2800,5600,35.0,1600,0.25,2.0943951023931953,0.8660254037844387,-0.4999999999999998,8400,4800,4800,9600,1.1890312,0.18903124,True
40,60,65,60,4.0,6.0,100,10.0,0.6,0.4,0.6666666666666666,4ALG6HA,100,10.0,0.6,0.4,0.6666666666666666,0.65,1.625,1.0833333333333333,2600,3900,6500,39.0,2400,0.24,1.0471975511965976,0.8660254037844386,0.5000000000000001,3900,2400,3600,6000,2.058999,1.0589991,False
40,60,65,90,4.0,6.0,100,10.0,0.6,0.4,0.6666666666666666,4ALG6HA,100,10.0,0.6,0.4,0.6666666666666666,0.65,1.625,1.0833333333333333,2600,3900,6500,39.0,2400,0.24,1.5707963267948966,1.0,6.123233995736766e-17,5850,3600,5400,9000,1.3882415,0.38824153,False
40,60,65,120,4.0,6.0,100,10.0,0.6,0.4,0.6666666666666666,4ALG6HA,100,10.0,0.6,0.4,0.6666666666666666,0.65,1.625,1.0833333333333333,2600,3900,6500,39.0,2400,0.24,2.0943951023931953,0.8660254037844387,-0.4999999999999998,7800,4800,7200,12000,1.188692,0.18869197,True
40,60,70,60,4.0,6.0,100,10.0,0.6,0.4,0.6666666666666666,4ALG6HA,100,10.0,0.6,0.4,0.6666666666666666,0.7,1.75,1.1666666666666667,2800,4200,7000,42.0,2400,0.24,1.0471975511965976,0.8660254037844386,0.5000000000000001,4200,2400,3600,6000,2.0084615,1.0084615,False
40,60,70,90,4.0,6.0,100,10.0,0.6,0.4,0.6666666666666666,4ALG6HA,100,10.0,0.6,0.4,0.6666666666666666,0.7,1.75,1.1666666666666667,2800,4200,7000,42.0,2400,0.24,1.5707963267948966,1.0,6.123233995736766e-17,6300,3600,5400,9000,1.3987393,0.39873934,False
40,60,70,120,4.0,6.0,100,10.0,0.6,0.4,0.6666666666666666,4ALG6HA,100,10.0,0.6,0.4,0.6666666666666666,0.7,1.75,1.1666666666666667,2800,4200,7000,42.0,2400,0.24,2.0943951023931953,0.8660254037844387,-0.4999999999999998,8400,4800,7200,12000,1.1991898,0.19918978,True
40,60,75,60,4.0,6.0,100,10.0,0.6,0.4,0.6666666666666666,4ALG6HA,100,10.0,0.6,0.4,0.6666666666666666,0.75,1.875,1.25,3000,4500,7500,45.0,2400,0.24,1.0471975511965976,0.8660254037844386,0.5000000000000001,4500,2400,3600,6000,2.0084615,1.0084615,False
40,60,75,90,4.0,6.0,100,10.0,0.6,0.4,0.6666666666666666,4ALG6HA,100,10.0,0.6,0.4,0.6666666666666666,0.75,1.875,1.25,3000,4500,7500,45.0,2400,0.24,1.5707963267948966,1.0,6.123233995736766e-17,6750,3600,5400,9000,1.3987393,0.39873934,False
40,60,75,120,4.0,6.0,100,10.0,0.6,0.4,0.6666666666666666,4ALG6HA,100,10.0,0.6,0.4,0.6666666666666666,0.75,1.875,1.25,3000,4500,7500,45.0,2400,0.24,2.0943951023931953,0.8660254037844387,-0.4999999999999998,9000,4800,7200,12000,1.1991898,0.19918978,True
40,60,80,60,4.0,6.0,100,10.0,0.6,0.4,0.6666666666666666,4ALG6HA,100,10.0,0.6,0.4,0.6666666666666666,0.8,2.0,1.3333333333333333,3200,4800,8000,48.0,2400,0.24,1.0471975511965976,0.8660254037844386,0.5000000000000001,4800,2400,3600,6000,2.0316336,1.0316336,False
40,60,80,90,4.0,6.0,100,10.0,0.6,0.4,0.6666666666666666,4ALG6HA,100,10.0,0.6,0.4,0.6666666666666666,0.8,2.0,1.3333333333333333,3200,4800,8000,48.0,2400,0.24,1.5707963267948966,1.0,6.123233995736766e-17,7200,3600,5400,9000,1.3999604,0.3999604,False
40,60,80,120,4.0,6.0,100,10.0,0.6,0.4,0.6666666666666666,4ALG6HA,100,10.0,0.6,0.4,0.6666666666666666,0.8,2.0,1.3333333333333333,3200,4800,8000,48.0,2400,0.24,2.0943951023931953,0.8660254037844387,-0.4999999999999998,9600,4800,7200,12000,1.2004108,0.20041084,True
40,60,85,60,4.0,6.0,100,10.0,0.6,0.4,0.6666666666666666,4ALG6HA,100,10.0,0.6,0.4,0.6666666666666666,0.85,2.125,1.4166666666666667,3400,5100,8500,51.0,2400,0.24,1.0471975511965976,0.8660254037844386,0.5000000000000001,5100,2400,3600,6000,2.0573792,1.0573792,False
40,60,85,90,4.0,6.0,100,10.0,0.6,0.4,0.6666666666666666,4ALG6HA,100,10.0,0.6,0.4,0.6666666666666666,0.85,2.125,1.4166666666666667,3400,5100,8500,51.0,2400,0.24,1.5707963267948966,1.0,6.123233995736766e-17,7650,3600,5400,9000,1.4106253,0.41062534,False
40,60,85,120,4.0,6.0,100,10.0,0.6,0.4,0.6666666666666666,4ALG6HA,100,10.0,0.6,0.4,0.6666666666666666,0.85,2.125,1.4166666666666667,3400,5100,8500,51.0,2400,0.24,2.0943951023931953,0.8660254037844387,-0.4999999999999998,10200,4800,7200,12000,1.209996,0.20999599,True
40,60,90,60,4.0,6.0,100,10.0,0.6,0.4,0.6666666666666666,4ALG6HA,100,10.0,0.6,0.4,0.6666666666666666,0.9,2.25,1.5,3600,5400,9000,54.0,2400,0.24,1.0471975511965976,0.8660254037844386,0.5000000000000001,5400,2400,3600,6000,1.9522651,0.95226514,False
40,60,90,90,4.0,6.0,100,10.0,0.6,0.4,0.6666666666666666,4ALG6HA,100,10.0,0.6,0.4,0.6666666666666666,0.9,2.25,1.5,3600,5400,9000,54.0,2400,0.24,1.5707963267948966,1.0,6.123233995736766e-17,8100,3600,5400,9000,1.3582808,0.35828078,False
40,60,90,120,4.0,6.0,100,10.0,0.6,0.4,0.6666666666666666,4ALG6HA,100,10.0,0.6,0.4,0.6666666666666666,0.9,2.25,1.5,3600,5400,9000,54.0,2400,0.24,2.0943951023931953,0.8660254037844387,-0.4999999999999998,10800,4800,7200,12000,1.1576514,0.15765142,True
40,60,95,60,4.0,6.0,100,10.0,0.6,0.4,0.6666666666666666,4ALG6HA,100,10.0,0.6,0.4,0.6666666666666666,0.95,2.375,1.5833333333333333,3800,5700,9500,57.0,2400,0.24,1.0471975511965976,0.8660254037844386,0.5000000000000001,5700,2400,3600,6000,1.9656032,0.96560323,False
40,60,95,90,4.0,6.0,100,10.0,0.6,0.4,0.6666666666666666,4ALG6HA,100,10.0,0.6,0.4,0.6666666666666666,0.95,2.375,1.5833333333333333,3800,5700,9500,57.0,2400,0.24,1.5707963267948966,1.0,6.123233995736766e-17,8550,3600,5400,9000,1.3716189,0.37161887,False
40,60,95,120,4.0,6.0,100,10.0,0.6,0.4,0.6666666666666666,4ALG6HA,100,10.0,0.6,0.4,0.6666666666666666,0.95,2.375,1.5833333333333333,3800,5700,9500,57.0,2400,0.24,2.0943951023931953,0.8660254037844387,-0.4999999999999998,11400,4800,7200,12000,1.1709895,0.17098951,True
40,60,100,60,4.0,6.0,100,10.0,0.6,0.4,0.6666666666666666,4ALG6HA,100,10.0,0.6,0.4,0.6666666666666666,1.0,2.5,1.6666666666666667,4000,6000,10000,60.0,2400,0.24,1.0471975511965976,0.8660254037844386,0.5000000000000001,6000,2400,3600,6000,1.7991979,0.7991979,False
40,60,100,90,4.0,6.0,100,10.0,0.6,0.4,0.6666666666666666,4ALG6HA,100,10.0,0.6,0.4,0.6666666666666666,1.0,2.5,1.6666666666666667,4000,6000,10000,60.0,2400,0.24,1.5707963267948966,1.0,6.123233995736766e-17,9000,3600,5400,9000,1.3833877,0.38338768,False
40,60,100,120,4.0,6.0,100,10.0,0.6,0.4,0.6666666666666666,4ALG6HA,100,10.0,0.6,0.4,0.6666666666666666,1.0,2.5,1.6666666666666667,4000,6000,10000,60.0,2400,0.24,2.0943951023931953,0.8660254037844387,-0.4999999999999998,12000,4800,7200,12000,1.1827583,0.18275833,True
40,60,105,60,4.0,6.0,100,10.0,0.6,0.4,0.6666666666666666,4ALG6HA,100,10.0,0.6,0.4,0.6666666666666666,1.05,2.625,1.75,4200,6300,10500,63.0,2400,0.24,1.0471975511965976,0.8660254037844386,0.5000000000000001,6300,2400,3600,6000,1.8072647,0.8072647,False
40,60,105,90,4.0,6.0,100,10.0,0.6,0.4,0.6666666666666666,4ALG6HA,100,10.0,0.6,0.4,0.6666666666666666,1.05,2.625,1.75,4200,6300,10500,63.0,2400,0.24,1.5707963267948966,1.0,6.123233995736766e-17,9450,3600,5400,9000,1.3914545,0.39145446,False
40,60,105,120,4.0,6.0,100,10.0,0.6,0.4,0.6666666666666666,4ALG6HA,100,10.0,0.6,0.4,0.6666666666666666,1.05,2.625,1.75,4200,6300,10500,63.0,2400,0.24,2.0943951023931953,0.8660254037844387,-0.4999999999999998,12600,4800,7200,12000,1.187673,0.18767297,True
40,80,110,60,4.0,8.0,120,12.0,0.6666666666666666,0.3333333333333333,0.5,4ALG8HA,120,12.0,0.6666666666666666,0.3333333333333333,0.5,0.9166666666666666,2.75,1.375,4400,8800,13200,73.33333333333333,3200,0.2222222222222222,1.0471975511965976,0.8660254037844386,0.5000000000000001,6600,2400,4800,7200,1.8133409,0.8133409,False
40,80,110,90,4.0,8.0,120,12.0,0.6666666666666666,0.3333333333333333,0.5,4ALG8HA,120,12.0,0.6666666666666666,0.3333333333333333,0.5,0.9166666666666666,2.75,1.375,4400,8800,13200,73.33333333333333,3200,0.2222222222222222,1.5707963267948966,1.0,6.123233995736766e-17,9900,3600,7200,10800,1.4152914,0.41529143,False
40,80,110,120,4.0,8.0,120,12.0,0.6666666666666666,0.3333333333333333,0.5,4ALG8HA,120,12.0,0.6666666666666666,0.3333333333333333,0.5,0.9166666666666666,2.75,1.375,4400,8800,13200,73.33333333333333,3200,0.2222222222222222,2.0943951023931953,0.8660254037844387,-0.4999999999999998,13200,4800,9600,14400,1.2184224,0.21842241,True
40,80,115,60,4.0,8.0,120,12.0,0.6666666666666666,0.3333333333333333,0.5,4ALG8HA,120,12.0,0.6666666666666666,0.3333333333333333,0.5,0.9583333333333334,2.875,1.4375,4600,9200,13800,76.66666666666666,3200,0.2222222222222222,1.0471975511965976,0.8660254037844386,0.5000000000000001,6900,2400,4800,7200,1.7826487,0.7826487,False
40,80,115,90,4.0,8.0,120,12.0,0.6666666666666666,0.3333333333333333,0.5,4ALG8HA,120,12.0,0.6666666666666666,0.3333333333333333,0.5,0.9583333333333334,2.875,1.4375,4600,9200,13800,76.66666666666666,3200,0.2222222222222222,1.5707963267948966,1.0,6.123233995736766e-17,10350,3600,7200,10800,1.3845992,0.3845992,False
40,80,115,120,4.0,8.0,120,12.0,0.6666666666666666,0.3333333333333333,0.5,4ALG8HA,120,12.0,0.6666666666666666,0.3333333333333333,0.5,0.9583333333333334,2.875,1.4375,4600,9200,13800,76.66666666666666,3200,0.2222222222222222,2.0943951023931953,0.8660254037844387,-0.4999999999999998,13800,4800,9600,14400,1.1877302,0.1877302,True
40,80,120,60,4.0,8.0,120,12.0,0.6666666666666666,0.3333333333333333,0.5,4ALG8HA,120,12.0,0.6666666666666666,0.3333333333333333,0.5,1.0,3.0,1.5,4800,9600,14400,80.0,3200,0.2222222222222222,1.0471975511965976,0.8660254037844386,0.5000000000000001,7200,2400,4800,7200,1.7310718,0.7310718,False
40,80,120,90,4.0,8.0,120,12.0,0.6666666666666666,0.3333333333333333,0.5,4ALG8HA,120,12.0,0.6666666666666666,0.3333333333333333,0.5,1.0,3.0,1.5,4800,9600,14400,80.0,3200,0.2222222222222222,1.5707963267948966,1.0,6.123233995736766e-17,10800,3600,7200,10800,1.3480889,0.34808886,False
40,80,120,120,4.0,8.0,120,12.0,0.6666666666666666,0.3333333333333333,0.5,4ALG8HA,120,12.0,0.6666666666666666,0.3333333333333333,0.5,1.0,3.0,1.5,4800,9600,14400,80.0,3200,0.2222222222222222,2.0943951023931953,0.8660254037844387,-0.4999999999999998,14400,4800,9600,14400,1.1512198,0.15121984,True
40,80,130,60,4.0,8.0,120,12.0,0.6666666666666666,0.3333333333333333,0.5,4ALG8HA,120,12.0,0.6666666666666666,0.3333333333333333,0.5,1.0833333333333333,3.25,1.625,5200,10400,15600,86.66666666666666,3200,0.2222222222222222,1.0471975511965976,0.8660254037844386,0.5000000000000001,7800,2400,4800,7200,1.8083937,0.8083937,False
40,80,130,90,4.0,8.0,120,12.0,0.6666666666666666,0.3333333333333333,0.5,4ALG8HA,120,12.0,0.6666666666666666,0.3333333333333333,0.5,1.0833333333333333,3.25,1.625,5200,10400,15600,86.66666666666666,3200,0.2222222222222222,1.5707963267948966,1.0,6.123233995736766e-17,11700,3600,7200,10800,1.3772626,0.3772626,False
40,80,130,120,4.0,8.0,120,12.0,0.6666666666666666,0.3333333333333333,0.5,4ALG8HA,120,12.0,0.6666666666666666,0.3333333333333333,0.5,1.0833333333333333,3.25,1.625,5200,10400,15600,86.66666666666666,3200,0.2222222222222222,2.0943951023931953,0.8660254037844387,-0.4999999999999998,15600,4800,9600,14400,1.1867917,0.18679166,True
40,80,140,60,4.0,8.0,120,12.0,0.6666666666666666,0.3333333333333333,0.5,4ALG8HA,120,12.0,0.6666666666666666,0.3333333333333333,0.5,1.1666666666666667,3.5,1.75,5600,11200,16800,93.33333333333333,3200,0.2222222222222222,1.0471975511965976,0.8660254037844386,0.5000000000000001,8400,2400,4800,7200,1.8101863,0.81018627,False
40,80,140,90,4.0,8.0,120,12.0,0.6666666666666666,0.3333333333333333,0.5,4ALG8HA,120,12.0,0.6666666666666666,0.3333333333333333,0.5,1.1666666666666667,3.5,1.75,5600,11200,16800,93.33333333333333,3200,0.2222222222222222,1.5707963267948966,1.0,6.123233995736766e-17,12600,3600,7200,10800,1.3790551,0.37905514,False
40,80,140,120,4.0,8.0,120,12.0,0.6666666666666666,0.3333333333333333,0.5,4ALG8HA,120,12.0,0.6666666666666666,0.3333333333333333,0.5,1.1666666666666667,3.5,1.75,5600,11200,16800,93.33333333333333,3200,0.2222222222222222,2.0943951023931953,0.8660254037844387,-0.4999999999999998,16800,4800,9600,14400,1.1885842,0.18858421,True
40,80,145,60,4.0,8.0,120,12.0,0.6666666666666666,0.3333333333333333,0.5,4ALG8HA,120,12.0,0.6666666666666666,0.3333333333333333,0.5,1.2083333333333333,3.625,1.8125,5800,11600,17400,96.66666666666666,3200,0.2222222222222222,1.0471975511965976,0.8660254037844386,0.5000000000000001,8700,2400,4800,7200,1.843153,0.843153,False
40,80,145,90,4.0,8.0,120,12.0,0.6666666666666666,0.3333333333333333,0.5,4ALG8HA,120,12.0,0.6666666666666666,0.3333333333333333,0.5,1.2083333333333333,3.625,1.8125,5800,11600,17400,96.66666666666666,3200,0.2222222222222222,1.5707963267948966,1.0,6.123233995736766e-17,13050,3600,7200,10800,1.4118645,0.41186452,False
40,80,145,120,4.0,8.0,120,12.0,0.6666666666666666,0.3333333333333333,0.5,4ALG8HA,120,12.0,0.6666666666666666,0.3333333333333333,0.5,1.2083333333333333,3.625,1.8125,5800,11600,17400,96.66666666666666,3200,0.2222222222222222,2.0943951023931953,0.8660254037844387,-0.4999999999999998,17400,4800,9600,14400,1.2176628,0.21766281,True
40,80,150,60,4.0,8.0,120,12.0,0.6666666666666666,0.3333333333333333,0.5,4ALG8HA,120,12.0,0.6666666666666666,0.3333333333333333,0.5,1.25,3.75,1.875,6000,12000,18000,100.0,3200,0.2222222222222222,1.0471975511965976,0.8660254037844386,0.5000000000000001,9000,2400,4800,7200,1.8427309,0.8427309,False
40,80,150,90,4.0,8.0,120,12.0,0.6666666666666666,0.3333333333333333,0.5,4ALG8HA,120,12.0,0.6666666666666666,0.3333333333333333,0.5,1.25,3.75,1.875,6000,12000,18000,100.0,3200,0.2222222222222222,1.5707963267948966,1.0,6.123233995736766e-17,13500,3600,7200,10800,1.442222,0.442222,False
40,80,150,120,4.0,8.0,120,12.0,0.6666666666666666,0.3333333333333333,0.5,4ALG8HA,120,12.0,0.6666666666666666,0.3333333333333333,0.5,1.25,3.75,1.875,6000,12000,18000,100.0,3200,0.2222222222222222,2.0943951023931953,0.8660254037844387,-0.4999999999999998,18000,4800,9600,14400,1.2371502,0.23715019,True
60,20,50,60,6.0,2.0,80,8.0,0.25,0.75,3.0,6ALG2HA,80,8.0,0.25,0.75,3.0,0.625,0.8333333333333334,2.5,3000,1000,4000,12.5,1200,0.1875,1.0471975511965976,0.8660254037844386,0.5000000000000001,3000,3600,1200,4800,1.8383286,0.8383286,False
60,20,50,90,6.0,2.0,80,8.0,0.25,0.75,3.0,6ALG2HA,80,8.0,0.25,0.75,3.0,0.625,0.8333333333333334,2.5,3000,1000,4000,12.5,1200,0.1875,1.5707963267948966,1.0,6.123233995736766e-17,4500,5400,1800,7200,1.4841589,0.48415887,False
60,20,50,120,6.0,2.0,80,8.0,0.25,0.75,3.0,6ALG2HA,80,8.0,0.25,0.75,3.0,0.625,0.8333333333333334,2.5,3000,1000,4000,12.5,1200,0.1875,2.0943951023931953,0.8660254037844387,-0.4999999999999998,6000,7200,2400,9600,1.1304842,0.13048422,True
60,20,55,60,6.0,2.0,80,8.0,0.25,0.75,3.0,6ALG2HA,80,8.0,0.25,0.75,3.0,0.6875,0.9166666666666666,2.75,3300,1100,4400,13.75,1200,0.1875,1.0471975511965976,0.8660254037844386,0.5000000000000001,3300,3600,1200,4800,2.026619,1.026619,False
60,20,55,90,6.0,2.0,80,8.0,0.25,0.75,3.0,6ALG2HA,80,8.0,0.25,0.75,3.0,0.6875,0.9166666666666666,2.75,3300,1100,4400,13.75,1200,0.1875,1.5707963267948966,1.0,6.123233995736766e-17,4950,5400,1800,7200,1.5565281,0.5565281,False
60,20,55,120,6.0,2.0,80,8.0,0.25,0.75,3.0,6ALG2HA,80,8.0,0.25,0.75,3.0,0.6875,0.9166666666666666,2.75,3300,1100,4400,13.75,1200,0.1875,2.0943951023931953,0.8660254037844387,-0.4999999999999998,6600,7200,2400,9600,1.1742917,0.17429173,True
60,20,60,60,6.0,2.0,80,8.0,0.25,0.75,3.0,6ALG2HA,80,8.0,0.25,0.75,3.0,0.75,1.0,3.0,3600,1200,4800,15.0,1200,0.1875,1.0471975511965976,0.8660254037844386,0.5000000000000001,3600,3600,1200,4800,2.0385768,1.0385768,False
60,20,60,90,6.0,2.0,80,8.0,0.25,0.75,3.0,6ALG2HA,80,8.0,0.25,0.75,3.0,0.75,1.0,3.0,3600,1200,4800,15.0,1200,0.1875,1.5707963267948966,1.0,6.123233995736766e-17,5400,5400,1800,7200,1.4915441,0.49154413,False
60,20,60,120,6.0,2.0,80,8.0,0.25,0.75,3.0,6ALG2HA,80,8.0,0.25,0.75,3.0,0.75,1.0,3.0,3600,1200,4800,15.0,1200,0.1875,2.0943951023931953,0.8660254037844387,-0.4999999999999998,7200,7200,2400,9600,1.1631283,0.16312826,True
60,20,65,60,6.0,2.0,80,8.0,0.25,0.75,3.0,6ALG2HA,80,8.0,0.25,0.75,3.0,0.8125,1.0833333333333333,3.25,3900,1300,5200,16.25,1200,0.1875,1.0471975511965976,0.8660254037844386,0.5000000000000001,3900,3600,1200,4800,2.1958663,1.1958663,False
60,20,65,90,6.0,2.0,80,8.0,0.25,0.75,3.0,6ALG2HA,80,8.0,0.25,0.75,3.0,0.8125,1.0833333333333333,3.25,3900,1300,5200,16.25,1200,0.1875,1.5707963267948966,1.0,6.123233995736766e-17,5850,5400,1800,7200,1.5272465,0.5272465,False
60,20,65,120,6.0,2.0,80,8.0,0.25,0.75,3.0,6ALG2HA,80,8.0,0.25,0.75,3.0,0.8125,1.0833333333333333,3.25,3900,1300,5200,16.25,1200,0.1875,2.0943951023931953,0.8660254037844387,-0.4999999999999998,7800,7200,2400,9600,1.2230914,0.22309136,True
60,20,70,60,6.0,2.0,80,8.0,0.25,0.75,3.0,6ALG2HA,80,8.0,0.25,0.75,3.0,0.875,1.1666666666666667,3.5,4200,1400,5600,17.5,1200,0.1875,1.0471975511965976,0.8660254037844386,0.5000000000000001,4200,3600,1200,4800,2.218317,1.218317,False
60,20,70,90,6.0,2.0,80,8.0,0.25,0.75,3.0,6ALG2HA,80,8.0,0.25,0.75,3.0,0.875,1.1666666666666667,3.5,4200,1400,5600,17.5,1200,0.1875,1.5707963267948966,1.0,6.123233995736766e-17,6300,5400,1800,7200,1.5656912,0.56569123,False
60,20,70,120,6.0,2.0,80,8.0,0.25,0.75,3.0,6ALG2HA,80,8.0,0.25,0.75,3.0,0.875,1.1666666666666667,3.5,4200,1400,5600,17.5,1200,0.1875,2.0943951023931953,0.8660254037844387,-0.4999999999999998,8400,7200,2400,9600,1.2627467,0.2627467,False
60,40,85,60,6.0,4.0,100,10.0,0.4,0.6,1.5,6ALG4HA,100,10.0,0.4,0.6,1.5,0.85,1.4166666666666667,2.125,5100,3400,8500,34.0,2400,0.24,1.0471975511965976,0.8660254037844386,0.5000000000000001,5100,3600,2400,6000,2.1685483,1.1685483,False
60,40,85,90,6.0,4.0,100,10.0,0.4,0.6,1.5,6ALG4HA,100,10.0,0.4,0.6,1.5,0.85,1.4166666666666667,2.125,5100,3400,8500,34.0,2400,0.24,1.5707963267948966,1.0,6.123233995736766e-17,7650,5400,3600,9000,1.3956914,0.3956914,False
60,40,85,120,6.0,4.0,100,10.0,0.4,0.6,1.5,6ALG4HA,100,10.0,0.4,0.6,1.5,0.85,1.4166666666666667,2.125,5100,3400,8500,34.0,2400,0.24,2.0943951023931953,0.8660254037844387,-0.4999999999999998,10200,7200,4800,12000,1.195062,0.19506204,True
60,40,90,60,6.0,4.0,100,10.0,0.4,0.6,1.5,6ALG4HA,100,10.0,0.4,0.6,1.5,0.9,1.5,2.25,5400,3600,9000,36.0,2400,0.24,1.0471975511965976,0.8660254037844386,0.5000000000000001,5400,3600,2400,6000,2.11231,1.1123099,False
60,40,90,90,6.0,4.0,100,10.0,0.4,0.6,1.5,6ALG4HA,100,10.0,0.4,0.6,1.5,0.9,1.5,2.25,5400,3600,9000,36.0,2400,0.24,1.5707963267948966,1.0,6.123233995736766e-17,8100,5400,3600,9000,1.3922218,0.3922218,False
60,40,90,120,6.0,4.0,100,10.0,0.4,0.6,1.5,6ALG4HA,100,10.0,0.4,0.6,1.5,0.9,1.5,2.25,5400,3600,9000,36.0,2400,0.24,2.0943951023931953,0.8660254037844387,-0.4999999999999998,10800,7200,4800,12000,1.1915925,0.19159245,True
60,40,95,60,6.0,4.0,100,10.0,0.4,0.6,1.5,6ALG4HA,100,10.0,0.4,0.6,1.5,0.95,1.5833333333333333,2.375,5700,3800,9500,38.0,2400,0.24,1.0471975511965976,0.8660254037844386,0.5000000000000001,5700,3600,2400,6000,2.1188018,1.1188018,False
60,40,95,90,6.0,4.0,100,10.0,0.4,0.6,1.5,6ALG4HA,100,10.0,0.4,0.6,1.5,0.95,1.5833333333333333,2.375,5700,3800,9500,38.0,2400,0.24,1.5707963267948966,1.0,6.123233995736766e-17,8550,5400,3600,9000,1.3939408,0.3939408,False
60,40,95,120,6.0,4.0,100,10.0,0.4,0.6,1.5,6ALG4HA,100,10.0,0.4,0.6,1.5,0.95,1.5833333333333333,2.375,5700,3800,9500,38.0,2400,0.24,2.0943951023931953,0.8660254037844387,-0.4999999999999998,11400,7200,4800,12000,1.1914481,0.19144809,True
60,40,100,60,6.0,4.0,100,10.0,0.4,0.6,1.5,6ALG4HA,100,10.0,0.4,0.6,1.5,1.0,1.6666666666666667,2.5,6000,4000,10000,40.0,2400,0.24,1.0471975511965976,0.8660254037844386,0.5000000000000001,6000,3600,2400,6000,1.7684379,0.76843786,False
60,40,100,90,6.0,4.0,100,10.0,0.4,0.6,1.5,6ALG4HA,100,10.0,0.4,0.6,1.5,1.0,1.6666666666666667,2.5,6000,4000,10000,40.0,2400,0.24,1.5707963267948966,1.0,6.123233995736766e-17,9000,5400,3600,9000,1.3557972,0.35579717,False
60,40,100,120,6.0,4.0,100,10.0,0.4,0.6,1.5,6ALG4HA,100,10.0,0.4,0.6,1.5,1.0,1.6666666666666667,2.5,6000,4000,10000,40.0,2400,0.24,2.0943951023931953,0.8660254037844387,-0.4999999999999998,12000,7200,4800,12000,1.148948,0.14894795,True
60,40,105,60,6.0,4.0,100,10.0,0.4,0.6,1.5,6ALG4HA,100,10.0,0.4,0.6,1.5,1.05,1.75,2.625,6300,4200,10500,42.0,2400,0.24,1.0471975511965976,0.8660254037844386,0.5000000000000001,6300,3600,2400,6000,1.7458096,0.74580956,False
60,40,105,90,6.0,4.0,100,10.0,0.4,0.6,1.5,6ALG4HA,100,10.0,0.4,0.6,1.5,1.05,1.75,2.625,6300,4200,10500,42.0,2400,0.24,1.5707963267948966,1.0,6.123233995736766e-17,9450,5400,3600,9000,1.3620827,0.36208272,False
60,40,105,120,6.0,4.0,100,10.0,0.4,0.6,1.5,6ALG4HA,100,10.0,0.4,0.6,1.5,1.05,1.75,2.625,6300,4200,10500,42.0,2400,0.24,2.0943951023931953,0.8660254037844387,-0.4999999999999998,12600,7200,4800,12000,1.149447,0.14944696,True
60,60,140,60,6.0,6.0,120,12.0,0.5,0.5,1.0,6ALG6HA,120,12.0,0.5,0.5,1.0,1.1666666666666667,2.3333333333333335,2.3333333333333335,8400,8400,16800,70.0,3600,0.25,1.0471975511965976,0.8660254037844386,0.5000000000000001,8400,3600,3600,7200,1.6612924,0.66129243,False
60,60,140,90,6.0,6.0,120,12.0,0.5,0.5,1.0,6ALG6HA,120,12.0,0.5,0.5,1.0,1.1666666666666667,2.3333333333333335,2.3333333333333335,8400,8400,16800,70.0,3600,0.25,1.5707963267948966,1.0,6.123233995736766e-17,12600,5400,5400,10800,1.3467603,0.34676027,False
60,60,140,120,6.0,6.0,120,12.0,0.5,0.5,1.0,6ALG6HA,120,12.0,0.5,0.5,1.0,1.1666666666666667,2.3333333333333335,2.3333333333333335,8400,8400,16800,70.0,3600,0.25,2.0943951023931953,0.8660254037844387,-0.4999999999999998,16800,7200,7200,14400,1.1451032,0.14510322,True
60,60,145,60,6.0,6.0,120,12.0,0.5,0.5,1.0,6ALG6HA,120,12.0,0.5,0.5,1.0,1.2083333333333333,2.4166666666666665,2.4166666666666665,8700,8700,17400,72.5,3600,0.25,1.0471975511965976,0.8660254037844386,0.5000000000000001,8700,3600,3600,7200,1.7350557,0.7350557,False
60,60,145,90,6.0,6.0,120,12.0,0.5,0.5,1.0,6ALG6HA,120,12.0,0.5,0.5,1.0,1.2083333333333333,2.4166666666666665,2.4166666666666665,8700,8700,17400,72.5,3600,0.25,1.5707963267948966,1.0,6.123233995736766e-17,13050,5400,5400,10800,1.4350772,0.4350772,False
60,60,145,120,6.0,6.0,120,12.0,0.5,0.5,1.0,6ALG6HA,120,12.0,0.5,0.5,1.0,1.2083333333333333,2.4166666666666665,2.4166666666666665,8700,8700,17400,72.5,3600,0.25,2.0943951023931953,0.8660254037844387,-0.4999999999999998,17400,7200,7200,14400,1.2263784,0.22637844,True
60,60,150,60,6.0,6.0,120,12.0,0.5,0.5,1.0,6ALG6HA,120,12.0,0.5,0.5,1.0,1.25,2.5,2.5,9000,9000,18000,75.0,3600,0.25,1.0471975511965976,0.8660254037844386,0.5000000000000001,9000,3600,3600,7200,1.77938,0.77937996,False
60,60,150,90,6.0,6.0,120,12.0,0.5,0.5,1.0,6ALG6HA,120,12.0,0.5,0.5,1.0,1.25,2.5,2.5,9000,9000,18000,75.0,3600,0.25,1.5707963267948966,1.0,6.123233995736766e-17,13500,5400,5400,10800,1.5135132,0.5135132,False
60,60,150,120,6.0,6.0,120,12.0,0.5,0.5,1.0,6ALG6HA,120,12.0,0.5,0.5,1.0,1.25,2.5,2.5,9000,9000,18000,75.0,3600,0.25,2.0943951023931953,0.8660254037844387,-0.4999999999999998,18000,7200,7200,14400,1.3008702,0.30087018,False
60,60,155,60,6.0,6.0,120,12.0,0.5,0.5,1.0,6ALG6HA,120,12.0,0.5,0.5,1.0,1.2916666666666667,2.5833333333333335,2.5833333333333335,9300,9300,18600,77.5,3600,0.25,1.0471975511965976,0.8660254037844386,0.5000000000000001,9300,3600,3600,7200,1.77938,0.77937996,False
60,60,155,90,6.0,6.0,120,12.0,0.5,0.5,1.0,6ALG6HA,120,12.0,0.5,0.5,1.0,1.2916666666666667,2.5833333333333335,2.5833333333333335,9300,9300,18600,77.5,3600,0.25,1.5707963267948966,1.0,6.123233995736766e-17,13950,5400,5400,10800,1.5123824,0.5123824,False
60,60,155,120,6.0,6.0,120,12.0,0.5,0.5,1.0,6ALG6HA,120,12.0,0.5,0.5,1.0,1.2916666666666667,2.5833333333333335,2.5833333333333335,9300,9300,18600,77.5,3600,0.25,2.0943951023931953,0.8660254037844387,-0.4999999999999998,18600,7200,7200,14400,1.3008702,0.30087018,False
60,60,160,60,6.0,6.0,120,12.0,0.5,0.5,1.0,6ALG6HA,120,12.0,0.5,0.5,1.0,1.3333333333333333,2.6666666666666665,2.6666666666666665,9600,9600,19200,80.0,3600,0.25,1.0471975511965976,0.8660254037844386,0.5000000000000001,9600,3600,3600,7200,1.7585561,0.7585561,False
60,60,160,90,6.0,6.0,120,12.0,0.5,0.5,1.0,6ALG6HA,120,12.0,0.5,0.5,1.0,1.3333333333333333,2.6666666666666665,2.6666666666666665,9600,9600,19200,80.0,3600,0.25,1.5707963267948966,1.0,6.123233995736766e-17,14400,5400,5400,10800,1.4947107,0.49471068,False
60,60,160,120,6.0,6.0,120,12.0,0.5,0.5,1.0,6ALG6HA,120,12.0,0.5,0.5,1.0,1.3333333333333333,2.6666666666666665,2.6666666666666665,9600,9600,19200,80.0,3600,0.25,2.0943951023931953,0.8660254037844387,-0.4999999999999998,19200,7200,7200,14400,1.2459358,0.2459358,True
