Reference_best_formulation,Reference_best_pressure_kPa,Comparator_formulation,Comparator_pressure_kPa,DeltaE_comparator_minus_best_q2p5,DeltaE_comparator_minus_best_median,DeltaE_comparator_minus_best_q97p5,P_reference_best_lower_error,Statistically_separated_at_95pct
1ALG8HA,65,4ALG6HA,105,-0.19224219369057466,0.016312656658890756,0.08695071468686727,0.641,False
1ALG8HA,65,4ALG8HA,130,-0.1863241935729363,0.02117030081032334,0.15677961288810405,0.701,False
1ALG8HA,65,4ALG8HA,140,-0.15585055899185063,0.028737063149872788,0.1427794285475315,0.736,False
1ALG8HA,65,2ALG8HA,90,-0.08174450104942751,0.025614213678344544,0.06583066056420196,0.725,False
1ALG8HA,65,2ALG8HA,95,-0.09238694205741646,0.01882467793562631,0.06904130383850496,0.68,False
1ALG8HA,65,4ALG6HA,100,-0.2204635108971896,0.019775155451945747,0.08566148239602395,0.674,False
1ALG8HA,65,1ALG8HA,70,-0.03573863020319347,0.04129465156828094,0.09193395753176274,0.854,False
1ALG8HA,65,2ALG8HA,85,-0.07703442359243128,0.031140260080176785,0.0842312900119392,0.737,False
1ALG8HA,65,4ALG6HA,95,-0.24839561015380968,0.01431066977871509,0.09933564621139539,0.627,False
1ALG8HA,65,2ALG8HA,100,-0.08431487315949066,0.028701042978853397,0.07711514829150859,0.78,False
1ALG8HA,65,4ALG4HA,70,-0.20646191767904942,0.037575974934354495,0.20326712245219808,0.743,False
1ALG8HA,65,2ALG8HA,80,-0.07940662933607212,0.04170677180301352,0.1125198066412685,0.794,False
1ALG8HA,65,4ALG8HA,145,-0.13826748481363504,0.04986927113521722,0.1457052105857188,0.819,False
1ALG8HA,65,2ALG8HA,75,-0.08725612916624988,0.05287931490509534,0.13612580193573257,0.819,False
1ALG8HA,65,6ALG6HA,145,-0.10534914847778373,0.06086939691616472,0.1898999716820594,0.844,False
1ALG8HA,65,6ALG6HA,160,-0.15992109862333126,0.04713151894763401,0.13433623197619113,0.806,False
