Run,Alg_mg_ml,HA_mg_ml,Pressure_kPa,Angle_deg,AF_mean,AF_std,Alg_pct_wv,HA_pct_wv,Total_polymer_mg_ml,Total_polymer_pct_wv,HA_fraction,Alg_fraction,Alg_HA_ratio,Formulation_label
1,10,80,50,60,2.29017,0.0936253,1.0,8.0,90,9.0,0.8888888888888888,0.1111111111111111,0.125,1ALG8HA
2,10,80,55,60,1.7596,0.0301965,1.0,8.0,90,9.0,0.8888888888888888,0.1111111111111111,0.125,1ALG8HA
3,10,80,60,60,1.80526,0.0412513,1.0,8.0,90,9.0,0.8888888888888888,0.1111111111111111,0.125,1ALG8HA
4,10,80,55,90,1.29597,0.0210961,1.0,8.0,90,9.0,0.8888888888888888,0.1111111111111111,0.125,1ALG8HA
5,10,80,65,60,1.75407,0.0158443,1.0,8.0,90,9.0,0.8888888888888888,0.1111111111111111,0.125,1ALG8HA
6,10,80,60,90,1.28243,0.029433,1.0,8.0,90,9.0,0.8888888888888888,0.1111111111111111,0.125,1ALG8HA
7,10,80,65,90,1.30412,0.0453863,1.0,8.0,90,9.0,0.8888888888888888,0.1111111111111111,0.125,1ALG8HA
8,10,80,70,90,1.38795,0.0513345,1.0,8.0,90,9.0,0.8888888888888888,0.1111111111111111,0.125,1ALG8HA
9,10,80,55,120,1.05256,0.0295853,1.0,8.0,90,9.0,0.8888888888888888,0.1111111111111111,0.125,1ALG8HA
10,10,80,60,120,1.17187,0.022162,1.0,8.0,90,9.0,0.8888888888888888,0.1111111111111111,0.125,1ALG8HA
11,10,80,65,120,1.17573,0.0194448,1.0,8.0,90,9.0,0.8888888888888888,0.1111111111111111,0.125,1ALG8HA
12,10,80,70,120,1.28156,0.0144789,1.0,8.0,90,9.0,0.8888888888888888,0.1111111111111111,0.125,1ALG8HA
13,20,80,75,60,2.04975,0.016115,2.0,8.0,100,10.0,0.8,0.2,0.25,2ALG8HA
14,20,80,85,60,1.87831,0.0167196,2.0,8.0,100,10.0,0.8,0.2,0.25,2ALG8HA
15,20,80,95,60,1.74885,0.0334194,2.0,8.0,100,10.0,0.8,0.2,0.25,2ALG8HA
16,20,80,85,90,1.4926,0.0162292,2.0,8.0,100,10.0,0.8,0.2,0.25,2ALG8HA
17,20,80,95,90,1.39505,0.0125334,2.0,8.0,100,10.0,0.8,0.2,0.25,2ALG8HA
18,20,80,105,90,1.44103,0.00846958,2.0,8.0,100,10.0,0.8,0.2,0.25,2ALG8HA
19,20,80,115,90,1.42223,0.00551604,2.0,8.0,100,10.0,0.8,0.2,0.25,2ALG8HA
20,20,80,75,120,1.2125,0.0185018,2.0,8.0,100,10.0,0.8,0.2,0.25,2ALG8HA
21,20,80,85,120,1.19111,0.0182752,2.0,8.0,100,10.0,0.8,0.2,0.25,2ALG8HA
22,20,80,95,120,1.16533,0.0153714,2.0,8.0,100,10.0,0.8,0.2,0.25,2ALG8HA
23,20,80,105,120,1.16534,0.0191255,2.0,8.0,100,10.0,0.8,0.2,0.25,2ALG8HA
24,20,80,115,120,1.20579,0.0158535,2.0,8.0,100,10.0,0.8,0.2,0.25,2ALG8HA
25,40,40,50,60,1.80422,0.0482703,4.0,4.0,80,8.0,0.5,0.5,1.0,4ALG4HA
26,40,40,55,60,2.44505,0.0673524,4.0,4.0,80,8.0,0.5,0.5,1.0,4ALG4HA
27,40,40,65,60,2.14773,0.0410755,4.0,4.0,80,8.0,0.5,0.5,1.0,4ALG4HA
28,40,40,55,90,1.55854,0.0404212,4.0,4.0,80,8.0,0.5,0.5,1.0,4ALG4HA
29,40,40,60,90,1.38725,0.0237332,4.0,4.0,80,8.0,0.5,0.5,1.0,4ALG4HA
30,40,40,65,90,1.36564,0.0275376,4.0,4.0,80,8.0,0.5,0.5,1.0,4ALG4HA
31,40,40,70,90,1.52016,0.00885943,4.0,4.0,80,8.0,0.5,0.5,1.0,4ALG4HA
32,40,40,50,120,1.21458,0.031865,4.0,4.0,80,8.0,0.5,0.5,1.0,4ALG4HA
33,40,40,55,120,1.18475,0.0251478,4.0,4.0,80,8.0,0.5,0.5,1.0,4ALG4HA
34,40,40,60,120,1.00068,0.028701,4.0,4.0,80,8.0,0.5,0.5,1.0,4ALG4HA
35,40,40,65,120,1.15143,0.053961,4.0,4.0,80,8.0,0.5,0.5,1.0,4ALG4HA
36,40,40,70,120,1.18045,0.020291,4.0,4.0,80,8.0,0.5,0.5,1.0,4ALG4HA
37,40,60,75,60,1.97211,0.115179,4.0,6.0,100,10.0,0.6,0.4,0.6666666666666666,4ALG6HA
38,40,60,85,60,2.18925,0.0312527,4.0,6.0,100,10.0,0.6,0.4,0.6666666666666666,4ALG6HA
39,40,60,95,60,1.94988,0.0269887,4.0,6.0,100,10.0,0.6,0.4,0.6666666666666666,4ALG6HA
40,40,60,65,90,1.45212,0.0365994,4.0,6.0,100,10.0,0.6,0.4,0.6666666666666666,4ALG6HA
41,40,60,75,90,1.42363,0.0644926,4.0,6.0,100,10.0,0.6,0.4,0.6666666666666666,4ALG6HA
42,40,60,95,90,1.35048,0.0178555,4.0,6.0,100,10.0,0.6,0.4,0.6666666666666666,4ALG6HA
43,40,60,105,120,1.23805,0.0418633,4.0,6.0,100,10.0,0.6,0.4,0.6666666666666666,4ALG6HA
44,40,60,75,120,1.18126,0.0479477,4.0,6.0,100,10.0,0.6,0.4,0.6666666666666666,4ALG6HA
45,40,60,85,120,1.20002,0.0268969,4.0,6.0,100,10.0,0.6,0.4,0.6666666666666666,4ALG6HA
46,40,60,95,120,1.15453,0.0215345,4.0,6.0,100,10.0,0.6,0.4,0.6666666666666666,4ALG6HA
47,40,80,120,60,1.60113,0.0298627,4.0,8.0,120,12.0,0.6666666666666666,0.3333333333333333,0.5,4ALG8HA
48,40,80,130,60,1.95358,0.0216747,4.0,8.0,120,12.0,0.6666666666666666,0.3333333333333333,0.5,4ALG8HA
49,40,80,140,60,1.82522,0.0133087,4.0,8.0,120,12.0,0.6666666666666666,0.3333333333333333,0.5,4ALG8HA
50,40,80,150,60,1.92546,0.0219518,4.0,8.0,120,12.0,0.6666666666666666,0.3333333333333333,0.5,4ALG8HA
51,40,80,120,90,1.36288,0.0282561,4.0,8.0,120,12.0,0.6666666666666666,0.3333333333333333,0.5,4ALG8HA
52,40,80,130,90,1.34172,0.0445454,4.0,8.0,120,12.0,0.6666666666666666,0.3333333333333333,0.5,4ALG8HA
53,40,80,150,90,1.42105,0.0145608,4.0,8.0,120,12.0,0.6666666666666666,0.3333333333333333,0.5,4ALG8HA
54,40,80,110,120,1.22687,0.0203316,4.0,8.0,120,12.0,0.6666666666666666,0.3333333333333333,0.5,4ALG8HA
55,40,80,130,120,1.18756,0.0206974,4.0,8.0,120,12.0,0.6666666666666666,0.3333333333333333,0.5,4ALG8HA
56,40,80,140,120,1.18237,0.0173148,4.0,8.0,120,12.0,0.6666666666666666,0.3333333333333333,0.5,4ALG8HA
57,40,80,150,120,1.19584,0.0204479,4.0,8.0,120,12.0,0.6666666666666666,0.3333333333333333,0.5,4ALG8HA
58,60,20,50,60,1.80075,0.120007,6.0,2.0,80,8.0,0.25,0.75,3.0,6ALG2HA
59,60,20,55,60,1.93806,0.0437234,6.0,2.0,80,8.0,0.25,0.75,3.0,6ALG2HA
60,60,20,60,60,2.0106,0.0630045,6.0,2.0,80,8.0,0.25,0.75,3.0,6ALG2HA
61,60,20,65,60,2.31133,0.0988328,6.0,2.0,80,8.0,0.25,0.75,3.0,6ALG2HA
62,60,20,50,90,1.5134,0.0504629,6.0,2.0,80,8.0,0.25,0.75,3.0,6ALG2HA
63,60,20,55,90,1.53985,0.0697319,6.0,2.0,80,8.0,0.25,0.75,3.0,6ALG2HA
64,60,20,60,90,1.49433,0.0310203,6.0,2.0,80,8.0,0.25,0.75,3.0,6ALG2HA
65,60,20,65,90,1.4624,0.0374672,6.0,2.0,80,8.0,0.25,0.75,3.0,6ALG2HA
66,60,20,70,90,1.62994,0.0274714,6.0,2.0,80,8.0,0.25,0.75,3.0,6ALG2HA
67,60,20,50,120,1.09488,0.0162623,6.0,2.0,80,8.0,0.25,0.75,3.0,6ALG2HA
68,60,20,55,120,1.21931,0.0365402,6.0,2.0,80,8.0,0.25,0.75,3.0,6ALG2HA
69,60,20,65,120,1.22121,0.00902439,6.0,2.0,80,8.0,0.25,0.75,3.0,6ALG2HA
70,60,20,70,120,1.27114,0.0290935,6.0,2.0,80,8.0,0.25,0.75,3.0,6ALG2HA
71,60,40,95,60,2.36855,0.123116,6.0,4.0,100,10.0,0.4,0.6,1.5,6ALG4HA
72,60,40,100,60,1.56292,0.0428463,6.0,4.0,100,10.0,0.4,0.6,1.5,6ALG4HA
73,60,40,105,60,1.7423,0.0698619,6.0,4.0,100,10.0,0.4,0.6,1.5,6ALG4HA
74,60,40,90,90,1.41795,0.0411236,6.0,4.0,100,10.0,0.4,0.6,1.5,6ALG4HA
75,60,40,95,90,1.31523,0.00945609,6.0,4.0,100,10.0,0.4,0.6,1.5,6ALG4HA
76,60,40,100,90,1.32876,0.0307992,6.0,4.0,100,10.0,0.4,0.6,1.5,6ALG4HA
77,60,40,105,90,1.46489,0.0155806,6.0,4.0,100,10.0,0.4,0.6,1.5,6ALG4HA
78,60,40,85,120,1.17845,0.0104487,6.0,4.0,100,10.0,0.4,0.6,1.5,6ALG4HA
79,60,40,90,120,1.14397,0.0103393,6.0,4.0,100,10.0,0.4,0.6,1.5,6ALG4HA
80,60,40,95,120,1.19772,0.0201288,6.0,4.0,100,10.0,0.4,0.6,1.5,6ALG4HA
81,60,40,100,120,1.16671,0.0273399,6.0,4.0,100,10.0,0.4,0.6,1.5,6ALG4HA
82,60,40,105,120,1.11558,0.0117484,6.0,4.0,100,10.0,0.4,0.6,1.5,6ALG4HA
83,60,60,140,60,1.50363,0.047354,6.0,6.0,120,12.0,0.5,0.5,1.0,6ALG6HA
84,60,60,150,60,1.81434,0.0715356,6.0,6.0,120,12.0,0.5,0.5,1.0,6ALG6HA
85,60,60,155,60,1.78987,0.0386035,6.0,6.0,120,12.0,0.5,0.5,1.0,6ALG6HA
86,60,60,160,60,1.70334,0.0283493,6.0,6.0,120,12.0,0.5,0.5,1.0,6ALG6HA
87,60,60,140,90,1.27302,0.0232889,6.0,6.0,120,12.0,0.5,0.5,1.0,6ALG6HA
88,60,60,145,90,1.4647,0.0146547,6.0,6.0,120,12.0,0.5,0.5,1.0,6ALG6HA
89,60,60,150,90,1.62833,0.0337752,6.0,6.0,120,12.0,0.5,0.5,1.0,6ALG6HA
90,60,60,155,90,1.49292,0.0278472,6.0,6.0,120,12.0,0.5,0.5,1.0,6ALG6HA
91,60,60,160,90,1.54228,0.0432433,6.0,6.0,120,12.0,0.5,0.5,1.0,6ALG6HA
92,60,60,140,120,1.20107,0.00993045,6.0,6.0,120,12.0,0.5,0.5,1.0,6ALG6HA
93,60,60,145,120,1.21688,0.0252817,6.0,6.0,120,12.0,0.5,0.5,1.0,6ALG6HA
94,60,60,150,120,1.30275,0.00780293,6.0,6.0,120,12.0,0.5,0.5,1.0,6ALG6HA
95,60,60,155,120,1.35987,0.0105086,6.0,6.0,120,12.0,0.5,0.5,1.0,6ALG6HA
96,60,60,160,120,1.16353,0.0154409,6.0,6.0,120,12.0,0.5,0.5,1.0,6ALG6HA
