Held_out_formulation,N_test,R2,MAE,RMSE,Spearman,Target,Target_column,Feature_set,Model
1ALG8HA,5,-1.3556005502782122,0.03842992323439083,0.06334527765639608,-0.09999999999999999,Pr,Pr_mean,core,LinearRegression
2ALG8HA,5,0.5900312618924517,0.039071373913043515,0.05237007984471093,0.9999999999999999,Pr,Pr_mean,core,LinearRegression
4ALG4HA,5,-1.451230457194209,0.052856056260341934,0.05943993213136649,0.49999999999999994,Pr,Pr_mean,core,LinearRegression
4ALG6HA,5,-0.7865749575445857,0.05785514343762697,0.0824187105005758,0.3,Pr,Pr_mean,core,LinearRegression
4ALG8HA,5,-2.4370181154560866,0.05712745127436294,0.07526639846983076,0.6,Pr,Pr_mean,core,LinearRegression
6ALG2HA,5,-3.33343078105057,0.08074804943993827,0.09168512620001756,0.09999999999999999,Pr,Pr_mean,core,LinearRegression
6ALG4HA,5,-2.1572065985134286,0.16265553994732213,0.19090712425312892,0.49999999999999994,Pr,Pr_mean,core,LinearRegression
6ALG6HA,5,-16.2220104590957,0.06509989897532123,0.07245183771259606,-0.3,Pr,Pr_mean,core,LinearRegression
1ALG8HA,5,-8.92184066016023,0.11985175948935944,0.13000484704095966,-0.09999999999999999,Pr,Pr_mean,core,SVR_RBF
2ALG8HA,5,-1.6797135267848997,0.11192902424537207,0.13389120486434752,-0.9999999999999999,Pr,Pr_mean,core,SVR_RBF
4ALG4HA,5,-1.0095446997887403,0.047632461546086934,0.05381893113475505,-0.49999999999999994,Pr,Pr_mean,core,SVR_RBF
4ALG6HA,5,-1.547810005478853,0.07652959566225612,0.098423479365604,0.3,Pr,Pr_mean,core,SVR_RBF
4ALG8HA,5,-13.725652127938156,0.14168706081888305,0.15579283957664034,0.6,Pr,Pr_mean,core,SVR_RBF
6ALG2HA,5,-21.86696405417011,0.2054105370694744,0.21061398707313198,0.09999999999999999,Pr,Pr_mean,core,SVR_RBF
6ALG4HA,5,-4.120784953144348,0.22219267320734196,0.24313019801151212,0.49999999999999994,Pr,Pr_mean,core,SVR_RBF
6ALG6HA,5,-24.49853280104294,0.07782195753999574,0.08815867965071772,-0.3,Pr,Pr_mean,core,SVR_RBF
1ALG8HA,5,-2.1422479589619026,0.06185248571428563,0.07316167619193847,0.7,Pr,Pr_mean,core,RandomForest
2ALG8HA,5,-0.37211066009605,0.08009674417989428,0.09580814567841793,-0.09999999999999999,Pr,Pr_mean,core,RandomForest
4ALG4HA,5,-13.787376201314787,0.1415973703703698,0.1459929195595702,0.15389675281277312,Pr,Pr_mean,core,RandomForest
4ALG6HA,5,-0.017951213958433465,0.05914247433862414,0.062212646525157546,0.3,Pr,Pr_mean,core,RandomForest
4ALG8HA,5,-0.7631970613872741,0.044565994973545096,0.05390892249397089,-0.6,Pr,Pr_mean,core,RandomForest
6ALG2HA,5,-2.125159317143297,0.07277631746031714,0.07786083129383645,0.8207826816681233,Pr,Pr_mean,core,RandomForest
6ALG4HA,5,-2.8672565092688376,0.18312127195767164,0.21128668259120295,0.3,Pr,Pr_mean,core,RandomForest
6ALG6HA,5,-131.62517188547093,0.2002981587301577,0.2010575847629018,,Pr,Pr_mean,core,RandomForest
1ALG8HA,5,-4.370394612258769,0.08974652266379438,0.09564593560787654,0.7181848464596079,Pr,Pr_mean,core,GradientBoosting
2ALG8HA,5,-0.17874240282095388,0.06477265185947352,0.08880089006360084,0.3,Pr,Pr_mean,core,GradientBoosting
4ALG4HA,5,-13.5390567254145,0.14166190007787505,0.1447619245580256,0.15389675281277312,Pr,Pr_mean,core,GradientBoosting
4ALG6HA,5,-0.041214671330247254,0.05667481174685329,0.06291951028691349,0.7,Pr,Pr_mean,core,GradientBoosting
4ALG8HA,5,-3.459820881237486,0.07036209490980953,0.08573712830093433,0.0,Pr,Pr_mean,core,GradientBoosting
6ALG2HA,5,-15.524148156426929,0.1767708403530522,0.1790368776530781,0.8999999999999998,Pr,Pr_mean,core,GradientBoosting
6ALG4HA,5,-3.088781825058736,0.19170464946566196,0.21725391107123482,0.5773502691896257,Pr,Pr_mean,core,GradientBoosting
6ALG6HA,5,-97.56865454729885,0.17143358093889421,0.1733312606139372,0.0,Pr,Pr_mean,core,GradientBoosting
1ALG8HA,5,-1.2789774393488185,0.05934792671203615,0.06230651113073453,0.8207826816681233,Pr,Pr_mean,core,XGBoost
2ALG8HA,5,-0.4839067318405559,0.07747456350326536,0.09963482629550882,-0.09999999999999999,Pr,Pr_mean,core,XGBoost
4ALG4HA,5,-15.272125388525701,0.15017310066223144,0.15314695769098863,0.19999999999999998,Pr,Pr_mean,core,XGBoost
4ALG6HA,5,0.00483614310049163,0.05208305187225339,0.061512374447334046,0.49999999999999994,Pr,Pr_mean,core,XGBoost
4ALG8HA,5,-1.8396402937988672,0.05502770204544068,0.06841351268463741,-0.6668859288553501,Pr,Pr_mean,core,XGBoost
6ALG2HA,5,-8.037426291147858,0.12742035636901855,0.13240529074255408,0.9999999999999999,Pr,Pr_mean,core,XGBoost
6ALG4HA,5,-2.5969212484632695,0.17753524684906002,0.2037680547184975,0.5797509043642028,Pr,Pr_mean,core,XGBoost
6ALG6HA,5,-56.52264620767055,0.13066700553894045,0.13241186715735845,0.0,Pr,Pr_mean,core,XGBoost
1ALG8HA,5,-7208.971684288845,3.4911014849972863,3.504533373487114,-0.09999999999999999,Pr,Pr_mean,engineered,LinearRegression
2ALG8HA,5,-219.44003597287764,1.2032409495422627,1.2143757944939426,-0.9999999999999999,Pr,Pr_mean,engineered,LinearRegression
4ALG4HA,5,-7072.259911281994,3.1772527767087166,3.192978845173491,-0.49999999999999994,Pr,Pr_mean,engineered,LinearRegression
4ALG6HA,5,-194.6829569231366,0.8539158323820633,0.8625647288724905,0.3,Pr,Pr_mean,engineered,LinearRegression
4ALG8HA,5,-414776.98208631814,25.995896810822405,26.146771525256288,0.6,Pr,Pr_mean,engineered,LinearRegression
6ALG2HA,5,-244.06061892343138,0.5615687207091629,0.689476896648778,0.09999999999999999,Pr,Pr_mean,engineered,LinearRegression
6ALG4HA,5,-116.83049323317933,1.1580843421833453,1.1662710155390676,-0.49999999999999994,Pr,Pr_mean,engineered,LinearRegression
6ALG6HA,5,-54767707.18836679,129.05917993850872,129.20215731873117,0.3,Pr,Pr_mean,engineered,LinearRegression
1ALG8HA,5,-1.4292185417775776,0.06299113260661322,0.06432750603595318,-0.09999999999999999,Pr,Pr_mean,engineered,SVR_RBF
2ALG8HA,5,-0.89878047699822,0.08377837887168374,0.11270553485185082,-0.9999999999999999,Pr,Pr_mean,engineered,SVR_RBF
4ALG4HA,5,-0.8333164136996511,0.04194730902991084,0.051404950598654756,-0.49999999999999994,Pr,Pr_mean,engineered,SVR_RBF
4ALG6HA,5,-3.0769449037791565,0.09851657142731356,0.12450380249355021,0.3,Pr,Pr_mean,engineered,SVR_RBF
4ALG8HA,5,-1.3553514443591679,0.05284716906589724,0.06230717827546482,0.6,Pr,Pr_mean,engineered,SVR_RBF
6ALG2HA,5,-1.1971622369870327,0.06006400762804418,0.06528509166568529,0.09999999999999999,Pr,Pr_mean,engineered,SVR_RBF
6ALG4HA,5,-3.4762534009786323,0.20106958762767593,0.2273149329884355,0.3,Pr,Pr_mean,engineered,SVR_RBF
6ALG6HA,5,-21.87304231452867,0.08027204424420202,0.08349672626797006,-0.3,Pr,Pr_mean,engineered,SVR_RBF
1ALG8HA,5,-2.2282145706407226,0.07150016402116395,0.07415571338886995,-0.3,Pr,Pr_mean,engineered,RandomForest
2ALG8HA,5,-0.13581783417970494,0.06903230423280424,0.08716902878780255,-0.7,Pr,Pr_mean,engineered,RandomForest
4ALG4HA,5,-3.8923058459480417,0.07732813994709013,0.08397365035602351,0.7,Pr,Pr_mean,engineered,RandomForest
4ALG6HA,5,-0.12684042567441045,0.05757667698412692,0.06545553905424824,0.09999999999999999,Pr,Pr_mean,engineered,RandomForest
4ALG8HA,5,-0.13201984690445534,0.03379574153439173,0.043195374665139785,0.6,Pr,Pr_mean,engineered,RandomForest
6ALG2HA,5,-10.236483740299992,0.14099501746031695,0.14763800533325952,-0.19999999999999998,Pr,Pr_mean,engineered,RandomForest
6ALG4HA,5,-2.5707025210123375,0.1755076984126973,0.20302404197916563,0.49999999999999994,Pr,Pr_mean,engineered,RandomForest
6ALG6HA,5,-17.802793751754923,0.07345072380952274,0.07570397304986633,-0.09999999999999999,Pr,Pr_mean,engineered,RandomForest
1ALG8HA,5,-10.636697771644384,0.13508916958098935,0.14079210365688086,-0.09999999999999999,Pr,Pr_mean,engineered,GradientBoosting
2ALG8HA,5,-0.12243276400746406,0.06020930155387698,0.08665388394046564,0.3,Pr,Pr_mean,engineered,GradientBoosting
4ALG4HA,5,-5.897123190325038,0.0937231232753321,0.09970575450598086,0.49999999999999994,Pr,Pr_mean,engineered,GradientBoosting
4ALG6HA,5,-0.6531656869377569,0.0631899643979515,0.07928177879088777,0.3,Pr,Pr_mean,engineered,GradientBoosting
4ALG8HA,5,-0.5170511851583752,0.04175967245420524,0.050004644238564884,0.8999999999999998,Pr,Pr_mean,engineered,GradientBoosting
6ALG2HA,5,-29.674530236479782,0.24125789354727628,0.24393376300531466,0.39999999999999997,Pr,Pr_mean,engineered,GradientBoosting
6ALG4HA,5,-2.4684441364803025,0.1762932105712259,0.2000958063875253,0.46169025843831935,Pr,Pr_mean,engineered,GradientBoosting
6ALG6HA,5,-10.833990136376988,0.05702618595156861,0.06005830661588534,0.0,Pr,Pr_mean,engineered,GradientBoosting
1ALG8HA,5,-8.013212529216979,0.11857133026123046,0.12390910681128063,-0.20519567041703082,Pr,Pr_mean,engineered,XGBoost
2ALG8HA,5,-0.14849292786329404,0.06226584129333494,0.08765405825480628,-0.09999999999999999,Pr,Pr_mean,engineered,XGBoost
4ALG4HA,5,-14.188189565182444,0.14313388748168945,0.1479582674664428,0.7,Pr,Pr_mean,engineered,XGBoost
4ALG6HA,5,-0.7428878889135604,0.06598580322265621,0.08140478251129711,0.3,Pr,Pr_mean,engineered,XGBoost
4ALG8HA,5,-0.4717185181519805,0.043153574657440186,0.049251856110798714,-0.09999999999999999,Pr,Pr_mean,engineered,XGBoost
6ALG2HA,5,-28.275121491982816,0.23633847484588624,0.23830453557372344,0.41039134083406165,Pr,Pr_mean,engineered,XGBoost
6ALG4HA,5,-2.1636919104246197,0.16561214828491208,0.19110309766505,0.7,Pr,Pr_mean,engineered,XGBoost
6ALG6HA,5,-45.447152234164896,0.11700571632385257,0.11898357870300182,-0.7999999999999999,Pr,Pr_mean,engineered,XGBoost
1ALG8HA,5,-3770.6709857744586,2.5161181682649385,2.5347219224221886,-0.09999999999999999,Pr,Pr_mean,rheology_enhanced,LinearRegression
2ALG8HA,5,-73.53805645090455,0.6868244928437615,0.706149893130006,-0.9999999999999999,Pr,Pr_mean,rheology_enhanced,LinearRegression
4ALG4HA,5,-6926.367717871888,3.1439866467925204,3.159878278325267,-0.49999999999999994,Pr,Pr_mean,rheology_enhanced,LinearRegression
4ALG6HA,5,-8.277219992329737,0.17337733536580374,0.18781233922731605,0.3,Pr,Pr_mean,rheology_enhanced,LinearRegression
4ALG8HA,5,-377779.0083381476,24.79526387736623,24.953398985774832,0.6,Pr,Pr_mean,rheology_enhanced,LinearRegression
6ALG2HA,5,-4494.466724597749,2.9134866913321096,2.9530469300442395,0.09999999999999999,Pr,Pr_mean,rheology_enhanced,LinearRegression
6ALG4HA,5,-28.999349499073713,0.5720767018514283,0.5884730162696564,-0.49999999999999994,Pr,Pr_mean,rheology_enhanced,LinearRegression
6ALG6HA,5,-54088287.064544,128.25437486752307,128.398248438493,0.3,Pr,Pr_mean,rheology_enhanced,LinearRegression
1ALG8HA,5,-1.0091818633046885,0.05701955304555169,0.05850231408438246,-0.09999999999999999,Pr,Pr_mean,rheology_enhanced,SVR_RBF
2ALG8HA,5,-0.7518330650527691,0.07991259719949517,0.10825656059524803,-0.9999999999999999,Pr,Pr_mean,rheology_enhanced,SVR_RBF
4ALG4HA,5,-8.541960223295336,0.11127915702397224,0.11727488984198195,-0.3,Pr,Pr_mean,rheology_enhanced,SVR_RBF
4ALG6HA,5,-4.371821256619183,0.11291938172685434,0.14291439363852473,0.3,Pr,Pr_mean,rheology_enhanced,SVR_RBF
4ALG8HA,5,-0.5726896360302449,0.04035975952727573,0.050913357438794896,0.6,Pr,Pr_mean,rheology_enhanced,SVR_RBF
6ALG2HA,5,-0.32922782341077594,0.030588450765853946,0.050778827290172454,0.09999999999999999,Pr,Pr_mean,rheology_enhanced,SVR_RBF
6ALG4HA,5,-3.8232135234475804,0.21024674756167627,0.23596026705627682,-0.09999999999999999,Pr,Pr_mean,rheology_enhanced,SVR_RBF
6ALG6HA,5,-2.7439988654189147,0.030166473942994054,0.033781220436504104,-0.3,Pr,Pr_mean,rheology_enhanced,SVR_RBF
1ALG8HA,5,-3.123589599154604,0.0804704788359784,0.0838110223466097,-0.3,Pr,Pr_mean,rheology_enhanced,RandomForest
2ALG8HA,5,-0.05864614489150077,0.06710356693121744,0.08415564940003108,-0.39999999999999997,Pr,Pr_mean,rheology_enhanced,RandomForest
4ALG4HA,5,-2.6736672081300816,0.06433689312169373,0.07276727950879014,0.8999999999999998,Pr,Pr_mean,rheology_enhanced,RandomForest
4ALG6HA,5,-0.07193212656188575,0.05644204285714298,0.06384087604606112,0.09999999999999999,Pr,Pr_mean,rheology_enhanced,RandomForest
4ALG8HA,5,-0.08613528095604317,0.03270126772486757,0.04231089239762013,0.49999999999999994,Pr,Pr_mean,rheology_enhanced,RandomForest
6ALG2HA,5,-2.5474179277580453,0.07619835317460333,0.0829543440271947,0.7,Pr,Pr_mean,rheology_enhanced,RandomForest
6ALG4HA,5,-2.687939282588042,0.17887130476190344,0.2063300654351743,0.3,Pr,Pr_mean,rheology_enhanced,RandomForest
6ALG6HA,5,-1.8493544790954126,0.025133766666666047,0.0294700397900695,0.10259783520851541,Pr,Pr_mean,rheology_enhanced,RandomForest
1ALG8HA,5,-7.721524326925824,0.11294073098271326,0.1218876261129837,-0.09999999999999999,Pr,Pr_mean,rheology_enhanced,GradientBoosting
2ALG8HA,5,-0.07367891605467736,0.06327973123379063,0.08475104813380903,0.09999999999999999,Pr,Pr_mean,rheology_enhanced,GradientBoosting
4ALG4HA,5,-1.3078007277871722,0.051947780755589944,0.05767470552160043,0.7,Pr,Pr_mean,rheology_enhanced,GradientBoosting
4ALG6HA,5,-0.18421168728862436,0.05710175847358179,0.06710113493035208,0.3,Pr,Pr_mean,rheology_enhanced,GradientBoosting
4ALG8HA,5,-0.5356411643976706,0.037067902333254965,0.05031009036770673,0.49999999999999994,Pr,Pr_mean,rheology_enhanced,GradientBoosting
6ALG2HA,5,-18.66968160899925,0.19184980722064257,0.19533569866361128,0.3,Pr,Pr_mean,rheology_enhanced,GradientBoosting
6ALG4HA,5,-2.594171957388496,0.18051843916255975,0.2036901652198992,0.46169025843831935,Pr,Pr_mean,rheology_enhanced,GradientBoosting
6ALG6HA,5,-0.061028837289213156,0.014897792640354512,0.01798336980673398,0.0,Pr,Pr_mean,rheology_enhanced,GradientBoosting
1ALG8HA,5,-8.413068001338173,0.12242701168060302,0.1266277874567801,-0.09999999999999999,Pr,Pr_mean,rheology_enhanced,XGBoost
2ALG8HA,5,-0.13854311248221363,0.06221145858764647,0.08727354270114171,-0.09999999999999999,Pr,Pr_mean,rheology_enhanced,XGBoost
4ALG4HA,5,-2.8279805769664845,0.06850932521820068,0.07427986324985006,0.8720815992723809,Pr,Pr_mean,rheology_enhanced,XGBoost
4ALG6HA,5,-0.39244799868623215,0.05524008245468139,0.07276200988623695,0.3,Pr,Pr_mean,rheology_enhanced,XGBoost
4ALG8HA,5,-0.6718806550663052,0.045015146923065186,0.05249438608943329,0.49999999999999994,Pr,Pr_mean,rheology_enhanced,XGBoost
6ALG2HA,5,-25.842041277381053,0.22653885135650637,0.22818690880836026,0.8207826816681233,Pr,Pr_mean,rheology_enhanced,XGBoost
6ALG4HA,5,-2.2449875040910956,0.16825325393676754,0.193542857662653,0.7,Pr,Pr_mean,rheology_enhanced,XGBoost
6ALG6HA,5,-5.4896781546107976,0.04006036376953128,0.04447531789122328,-0.49999999999999994,Pr,Pr_mean,rheology_enhanced,XGBoost
1ALG8HA,6,-0.0832361786307596,1.0667627840358096,1.1828121445405948,0.4285714285714286,SR,SR_mean,core,LinearRegression
2ALG8HA,5,0.1675643452864921,0.7870016624014385,1.2486250873789464,0.7999999999999999,SR,SR_mean,core,LinearRegression
4ALG4HA,6,0.23346724132378982,1.1095345548237538,1.1459831998275036,0.942857142857143,SR,SR_mean,core,LinearRegression
4ALG6HA,5,0.4116435213907299,0.5917360918727501,0.6630019769567538,0.7,SR,SR_mean,core,LinearRegression
4ALG8HA,5,-2.504134277949622,1.0793046949447789,1.1462057774787355,0.8999999999999998,SR,SR_mean,core,LinearRegression
6ALG2HA,6,-1.674749809343214,1.3092770874628703,2.069293470527727,0.14285714285714288,SR,SR_mean,core,LinearRegression
6ALG4HA,5,-15.218978067368504,1.9957018429824864,2.015097611020122,0.9999999999999999,SR,SR_mean,core,LinearRegression
6ALG6HA,5,-0.726146465141648,0.6146630937485084,0.7062455136428566,0.6,SR,SR_mean,core,LinearRegression
1ALG8HA,6,-0.540533392356366,1.2963672875688894,1.4105541240029793,0.4285714285714286,SR,SR_mean,core,SVR_RBF
2ALG8HA,5,-0.43043431031351775,1.3628314705466529,1.6367813918883634,-0.7,SR,SR_mean,core,SVR_RBF
4ALG4HA,6,0.3945136666679311,0.7494051206707942,1.0185094516162205,0.942857142857143,SR,SR_mean,core,SVR_RBF
4ALG6HA,5,0.2110329739310085,0.703863932432852,0.7677573447046198,0.6,SR,SR_mean,core,SVR_RBF
4ALG8HA,5,-6.385480929379282,1.6030614516945136,1.6640317703898455,0.8999999999999998,SR,SR_mean,core,SVR_RBF
6ALG2HA,6,-1.0346042198691698,1.5297336164406428,1.8047642318242534,0.14285714285714288,SR,SR_mean,core,SVR_RBF
6ALG4HA,5,-1.592201386741038,0.6838258786390705,0.8055986211131952,-0.9999999999999999,SR,SR_mean,core,SVR_RBF
6ALG6HA,5,-5.942573706882277,1.2460959535235647,1.4163713390019284,-0.6,SR,SR_mean,core,SVR_RBF
1ALG8HA,6,-0.46683710996231853,1.2331071302910042,1.376401512456603,-0.8285714285714287,SR,SR_mean,core,RandomForest
2ALG8HA,5,-0.6350938650568327,1.2802894301587326,1.749959768051646,-0.8999999999999998,SR,SR_mean,core,RandomForest
4ALG4HA,6,0.10327000439521405,1.2092114239418006,1.2394920330252814,0.6957252427829382,SR,SR_mean,core,RandomForest
4ALG6HA,5,-0.1836607936321064,0.7917862873015873,0.9403903952248261,-0.7,SR,SR_mean,core,RandomForest
4ALG8HA,5,-9.56873386554055,1.835691874338623,1.9905986454549658,-0.3,SR,SR_mean,core,RandomForest
6ALG2HA,6,-0.858077015006099,1.2933974371693122,1.7246952221494347,0.11595420713048969,SR,SR_mean,core,RandomForest
6ALG4HA,5,-4.145407355856726,0.995640070105819,1.134995726728598,-0.7,SR,SR_mean,core,RandomForest
6ALG6HA,5,-0.0457453004480981,0.4276342960317459,0.5497051948543774,,SR,SR_mean,core,RandomForest
1ALG8HA,6,-0.6010548706992545,1.2821466780552102,1.4379947644920201,-0.2942449431682498,SR,SR_mean,core,GradientBoosting
2ALG8HA,5,-0.6673145799277753,1.5573576630391512,1.7671177682504393,-0.6,SR,SR_mean,core,GradientBoosting
4ALG4HA,6,-0.14972127726524387,1.342122905831421,1.403489524347587,0.5507824838698261,SR,SR_mean,core,GradientBoosting
4ALG6HA,5,0.63549605917637,0.43579849083574834,0.5218499755098569,0.8999999999999998,SR,SR_mean,core,GradientBoosting
4ALG8HA,5,-11.648961198747248,1.8905916048397107,2.177708034470819,-0.051298917604257706,SR,SR_mean,core,GradientBoosting
6ALG2HA,6,-1.2778017632872323,1.5456574689846097,1.9095826809550671,0.11595420713048969,SR,SR_mean,core,GradientBoosting
6ALG4HA,5,-0.03639688449564993,0.3979956887423766,0.5093864570437668,0.22360679774997894,SR,SR_mean,core,GradientBoosting
6ALG6HA,5,0.5332684973851278,0.3047339727224939,0.3672403883349794,0.8660254037844386,SR,SR_mean,core,GradientBoosting
1ALG8HA,6,-0.363469542724999,1.1713127835591637,1.3270183163912324,-0.23190841426097938,SR,SR_mean,core,XGBoost
2ALG8HA,5,-0.048093705709707946,1.1594271179199218,1.4010601353542722,-0.19999999999999998,SR,SR_mean,core,XGBoost
4ALG4HA,6,0.058545671026275836,1.1317129567464193,1.27002572950109,0.08571428571428573,SR,SR_mean,core,XGBoost
4ALG6HA,5,0.41326297584853755,0.6474349800109861,0.6620888899023063,0.3,SR,SR_mean,core,XGBoost
4ALG8HA,5,-12.387183362535625,2.043728475952149,2.240354940112393,-0.20519567041703082,SR,SR_mean,core,XGBoost
6ALG2HA,6,-0.7612550060629462,1.1832623647054037,1.6791582401715746,0.14285714285714288,SR,SR_mean,core,XGBoost
6ALG4HA,5,-2.9119342594650317,0.8503329315185548,0.9896465586145721,0.051298917604257706,SR,SR_mean,core,XGBoost
6ALG6HA,5,-0.04319830730055729,0.4985931007385254,0.5490353620979597,0.8660254037844386,SR,SR_mean,core,XGBoost
1ALG8HA,6,-124.76886498190453,12.202785370816573,12.74502722683499,0.4285714285714286,SR,SR_mean,engineered,LinearRegression
2ALG8HA,5,-3.642055639765477,2.593032329929558,2.94857304184936,-0.7999999999999999,SR,SR_mean,engineered,LinearRegression
4ALG4HA,6,-64.48530586347385,9.49522152889837,10.59216704459332,-0.942857142857143,SR,SR_mean,engineered,LinearRegression
4ALG6HA,5,-3.0312348715400805,1.4609645848711446,1.7354559890004995,0.7,SR,SR_mean,engineered,LinearRegression
4ALG8HA,5,-83126.60327807182,175.3873637177051,176.54070347694665,0.8999999999999998,SR,SR_mean,engineered,LinearRegression
6ALG2HA,6,-41571.45377927229,257.87855316908207,257.97839371566516,0.14285714285714288,SR,SR_mean,engineered,LinearRegression
6ALG4HA,5,-2155.5161655790366,23.22266243867195,23.235964479428976,-0.9999999999999999,SR,SR_mean,engineered,LinearRegression
6ALG6HA,5,-2928494.998626428,918.8607926761748,919.8969901753435,-0.6,SR,SR_mean,engineered,LinearRegression
1ALG8HA,6,-0.0008717005188680904,1.0012258512585177,1.136955329290322,0.4285714285714286,SR,SR_mean,engineered,SVR_RBF
2ALG8HA,5,0.31285579948110176,0.8626509469598463,1.134437730735632,0.6,SR,SR_mean,engineered,SVR_RBF
4ALG4HA,6,0.22790453291111612,0.9490516774559835,1.1501338683435884,0.942857142857143,SR,SR_mean,engineered,SVR_RBF
4ALG6HA,5,0.3738445517954747,0.5759666791118268,0.6839677667600986,0.7,SR,SR_mean,engineered,SVR_RBF
4ALG8HA,5,-0.31654816657067886,0.6099966227167422,0.7025716148645904,0.8999999999999998,SR,SR_mean,engineered,SVR_RBF
6ALG2HA,6,0.07505394051344827,1.0479073428937091,1.2168546555866382,0.8285714285714287,SR,SR_mean,engineered,SVR_RBF
6ALG4HA,5,-1.5382284817315037,0.7471144088883811,0.7971677146371519,0.9999999999999999,SR,SR_mean,engineered,SVR_RBF
6ALG6HA,5,-0.015473030176735625,0.45892756623571085,0.5416903229254421,0.6,SR,SR_mean,engineered,SVR_RBF
1ALG8HA,6,-0.1605785443996277,1.110871958112875,1.2243101938710592,0.2,SR,SR_mean,engineered,RandomForest
2ALG8HA,5,-0.5885208473581836,1.2365617809523826,1.7248573320578542,-0.8999999999999998,SR,SR_mean,engineered,RandomForest
4ALG4HA,6,-0.09353094846468779,1.0088133009259252,1.3687635466261718,0.7714285714285715,SR,SR_mean,engineered,RandomForest
4ALG6HA,5,0.14872263231120197,0.6308774968253965,0.79749890795445,0.7,SR,SR_mean,engineered,RandomForest
4ALG8HA,5,-7.333346740590477,1.6473695920634952,1.767591683633342,-0.19999999999999998,SR,SR_mean,engineered,RandomForest
6ALG2HA,6,-0.5163966656338401,1.0531010873015878,1.5580698194337328,0.14285714285714288,SR,SR_mean,engineered,RandomForest
6ALG4HA,5,-14.423438311904055,1.893353301058206,1.9650560629139953,0.0,SR,SR_mean,engineered,RandomForest
6ALG6HA,5,-4.493084156212627,1.1451553375661339,1.2598678883267989,0.35909242322980395,SR,SR_mean,engineered,RandomForest
1ALG8HA,6,-2.5545711312655204,1.7961618303364622,2.142633059332752,0.1449427589131121,SR,SR_mean,engineered,GradientBoosting
2ALG8HA,5,-1.757697822632874,1.7655709894913485,2.272636920809813,-0.49999999999999994,SR,SR_mean,engineered,GradientBoosting
4ALG4HA,6,0.3602781318296535,0.8727172203666568,1.0469079300492485,0.7142857142857143,SR,SR_mean,engineered,GradientBoosting
4ALG6HA,5,0.4256606420733964,0.6040150685488713,0.6550566239044613,0.41039134083406165,SR,SR_mean,engineered,GradientBoosting
4ALG8HA,5,-11.098216737245496,2.006367409015283,2.1297709722269285,0.6,SR,SR_mean,engineered,GradientBoosting
6ALG2HA,6,-1.7279653077910115,1.6490976627616185,2.0897769095942875,0.057977103565244846,SR,SR_mean,engineered,GradientBoosting
6ALG4HA,5,-17.06686246498502,2.046738979499033,2.1267954088620216,-0.051298917604257706,SR,SR_mean,engineered,GradientBoosting
6ALG6HA,5,-2.0156683239536894,0.823549829166434,0.9334878454084351,0.9746794344808964,SR,SR_mean,engineered,GradientBoosting
1ALG8HA,6,-1.6887400508559964,1.4566193402608232,1.8634966011383818,0.3768511731740915,SR,SR_mean,engineered,XGBoost
2ALG8HA,5,-1.4375233242468761,1.4723335224151612,2.136638795834777,-0.41039134083406165,SR,SR_mean,engineered,XGBoost
4ALG4HA,6,0.17006358195124582,0.8592286615371704,1.1924366124600634,0.6,SR,SR_mean,engineered,XGBoost
4ALG6HA,5,0.4772387690412676,0.5121206245422363,0.6249513914774726,0.49999999999999994,SR,SR_mean,engineered,XGBoost
4ALG8HA,5,-12.58968196224886,2.192764978790284,2.257235489106848,0.7181848464596079,SR,SR_mean,engineered,XGBoost
6ALG2HA,6,-1.1827061916999035,1.103598680496216,1.8692962940272193,0.11595420713048969,SR,SR_mean,engineered,XGBoost
6ALG4HA,5,-24.03846707674269,2.473546597671509,2.5037341513072398,0.9999999999999999,SR,SR_mean,engineered,XGBoost
6ALG6HA,5,-1.3554539584826881,0.7191692916870117,0.8250004590572704,0.8720815992723809,SR,SR_mean,engineered,XGBoost
1ALG8HA,6,-180.66128645839672,14.869275615721769,15.317411842176469,0.4285714285714286,SR,SR_mean,rheology_enhanced,LinearRegression
2ALG8HA,5,-4.347931441515606,2.8365203951344933,3.164824524531278,-0.7999999999999999,SR,SR_mean,rheology_enhanced,LinearRegression
4ALG4HA,6,-146.57737544391955,15.192271153833355,15.900939394555213,-0.942857142857143,SR,SR_mean,rheology_enhanced,LinearRegression
4ALG6HA,5,-5.425060586636927,1.980628035711753,2.190953533819764,0.7,SR,SR_mean,rheology_enhanced,LinearRegression
4ALG8HA,5,-82500.77315474047,174.71716563584553,175.87490042672943,0.8999999999999998,SR,SR_mean,rheology_enhanced,LinearRegression
6ALG2HA,6,-513.940714016735,27.800343247457636,28.711714059109966,0.14285714285714288,SR,SR_mean,rheology_enhanced,LinearRegression
6ALG4HA,5,-589.0499225679445,12.128816041690271,12.154265634827276,-0.9999999999999999,SR,SR_mean,rheology_enhanced,LinearRegression
6ALG6HA,5,-2886726.960710982,912.2696829058177,913.3133583635075,-0.6,SR,SR_mean,rheology_enhanced,LinearRegression
1ALG8HA,6,-0.016838609227976198,1.0211422964348904,1.1459883713881067,0.4285714285714286,SR,SR_mean,rheology_enhanced,SVR_RBF
2ALG8HA,5,0.43553661771642294,0.7548668441182445,1.0281929142629487,0.7999999999999999,SR,SR_mean,rheology_enhanced,SVR_RBF
4ALG4HA,6,0.5044573021530383,0.7012153943040419,0.9214110824599216,0.942857142857143,SR,SR_mean,rheology_enhanced,SVR_RBF
4ALG6HA,5,0.49952138271299973,0.5307396690933188,0.6114871245689889,0.7,SR,SR_mean,rheology_enhanced,SVR_RBF
4ALG8HA,5,-1.460829801080791,0.908524792431001,0.9605345967758825,0.8999999999999998,SR,SR_mean,rheology_enhanced,SVR_RBF
6ALG2HA,6,0.04512614110694324,1.0505303100497303,1.2363843716295426,0.8285714285714287,SR,SR_mean,rheology_enhanced,SVR_RBF
6ALG4HA,5,-2.2716291572145653,0.8775530076219529,0.9050370945542607,0.9999999999999999,SR,SR_mean,rheology_enhanced,SVR_RBF
6ALG6HA,5,0.2199935996286514,0.3665442862259969,0.4747510823941403,0.6,SR,SR_mean,rheology_enhanced,SVR_RBF
1ALG8HA,6,-0.19238685014250545,1.1333591862874783,1.2409742948098874,0.2,SR,SR_mean,rheology_enhanced,RandomForest
2ALG8HA,5,-0.36710050751737877,1.1176428455026468,1.6001361691152354,-0.7,SR,SR_mean,rheology_enhanced,RandomForest
4ALG4HA,6,-0.02406466259489637,1.0067006684303352,1.3245750830734344,0.6,SR,SR_mean,rheology_enhanced,RandomForest
4ALG6HA,5,0.30773233332722505,0.6523573957671959,0.7191700242824387,0.7,SR,SR_mean,rheology_enhanced,RandomForest
4ALG8HA,5,-9.192589542948463,1.8670245219576742,1.9548547368266351,0.3,SR,SR_mean,rheology_enhanced,RandomForest
6ALG2HA,6,-0.4161524978686715,1.0334098606701947,1.505689826859615,0.14285714285714288,SR,SR_mean,rheology_enhanced,RandomForest
6ALG4HA,5,-10.828180910685855,1.6462486349206351,1.7208512200855939,0.0,SR,SR_mean,rheology_enhanced,RandomForest
6ALG6HA,5,-0.9337908691769714,0.6638324984126976,0.747517962559752,0.35909242322980395,SR,SR_mean,rheology_enhanced,RandomForest
1ALG8HA,6,-1.8023923222222082,1.4755890268457748,1.9024737099271694,0.1449427589131121,SR,SR_mean,rheology_enhanced,GradientBoosting
2ALG8HA,5,-1.805899101031887,1.776804934116684,2.292412377619498,-0.7999999999999999,SR,SR_mean,rheology_enhanced,GradientBoosting
4ALG4HA,6,0.00491165571939145,1.1000039996991213,1.305700921742903,0.7142857142857143,SR,SR_mean,rheology_enhanced,GradientBoosting
4ALG6HA,5,0.41445873216577533,0.6441607548295846,0.6614138849881874,0.6155870112510925,SR,SR_mean,rheology_enhanced,GradientBoosting
4ALG8HA,5,-14.72351052691046,2.331934984929825,2.427990488705078,0.6,SR,SR_mean,rheology_enhanced,GradientBoosting
6ALG2HA,6,-0.757359393988887,1.0612582213622475,1.677300198547771,0.23190841426097938,SR,SR_mean,rheology_enhanced,GradientBoosting
6ALG4HA,5,-13.241495620175728,1.8593798114041662,1.8882615298463648,0.8720815992723809,SR,SR_mean,rheology_enhanced,GradientBoosting
6ALG6HA,5,-0.3680204458947114,0.565593736645468,0.6287285395715375,0.9746794344808964,SR,SR_mean,rheology_enhanced,GradientBoosting
1ALG8HA,6,-1.824820707542508,1.5385029296874997,1.9100715717617072,0.4285714285714286,SR,SR_mean,rheology_enhanced,XGBoost
2ALG8HA,5,-1.4241675308078103,1.4667482810974122,2.1307771691519024,-0.3,SR,SR_mean,rheology_enhanced,XGBoost
4ALG4HA,6,0.10405847653930056,0.8800251255035402,1.2389469860936158,0.6,SR,SR_mean,rheology_enhanced,XGBoost
4ALG6HA,5,0.4697282725023785,0.5516035041809081,0.6294247116701818,0.49999999999999994,SR,SR_mean,rheology_enhanced,XGBoost
4ALG8HA,5,-11.376899809851418,2.0996196083068854,2.1541610098329547,0.7,SR,SR_mean,rheology_enhanced,XGBoost
6ALG2HA,6,-1.0989805940086832,1.0935301049550377,1.833093917839865,0.14285714285714288,SR,SR_mean,rheology_enhanced,XGBoost
6ALG4HA,5,-17.617256227355337,2.1247605773925784,2.158948003624481,0.9999999999999999,SR,SR_mean,rheology_enhanced,XGBoost
6ALG6HA,5,0.054424681287572274,0.3953648239135742,0.5227149775702831,0.9486832980505138,SR,SR_mean,rheology_enhanced,XGBoost
1ALG8HA,5,-0.8728626395378465,0.5110361054247702,0.5415803888953555,0.9999999999999999,Qm,Qm_mean_mg_s,core,LinearRegression
2ALG8HA,5,-1.5933037821791602,0.6645972480818412,0.669778760748371,0.9999999999999999,Qm,Qm_mean_mg_s,core,LinearRegression
4ALG4HA,5,-0.38833476914019327,0.7220738665195805,0.9157577673639561,0.9999999999999999,Qm,Qm_mean_mg_s,core,LinearRegression
4ALG6HA,5,-0.038563506021858984,0.8145157903291343,1.04526584632882,0.9999999999999999,Qm,Qm_mean_mg_s,core,LinearRegression
4ALG8HA,5,-4.1628040311133585,0.6316329585207396,0.6852386958847917,0.9999999999999999,Qm,Qm_mean_mg_s,core,LinearRegression
6ALG2HA,5,-16.261657305171823,0.9342109437363206,0.9356410955946177,0.9999999999999999,Qm,Qm_mean_mg_s,core,LinearRegression
6ALG4HA,5,0.7166363505411739,0.10592780509218461,0.12100708481271268,0.8999999999999998,Qm,Qm_mean_mg_s,core,LinearRegression
6ALG6HA,5,-60.38488714487131,1.1087039399624783,1.122932844524502,0.9999999999999999,Qm,Qm_mean_mg_s,core,LinearRegression
1ALG8HA,5,-1.6322358213651458,0.555373345768212,0.6420551947782426,0.9999999999999999,Qm,Qm_mean_mg_s,core,SVR_RBF
2ALG8HA,5,-3.537071402884134,0.863673964049517,0.8859158707087355,0.9999999999999999,Qm,Qm_mean_mg_s,core,SVR_RBF
4ALG4HA,5,-1.3336017518344865,1.0395841559142305,1.1872628588502743,0.9999999999999999,Qm,Qm_mean_mg_s,core,SVR_RBF
4ALG6HA,5,0.44030620692209943,0.7133164311491783,0.7673358281840775,0.8999999999999998,Qm,Qm_mean_mg_s,core,SVR_RBF
4ALG8HA,5,0.20904103792484108,0.22365071847781454,0.2682106602656429,0.9999999999999999,Qm,Qm_mean_mg_s,core,SVR_RBF
6ALG2HA,5,0.9445090681396039,0.04552878090757906,0.05304922609862197,0.9999999999999999,Qm,Qm_mean_mg_s,core,SVR_RBF
6ALG4HA,5,-10.280354315485294,0.7588502594962641,0.763484281649039,0.8999999999999998,Qm,Qm_mean_mg_s,core,SVR_RBF
6ALG6HA,5,-46.93563320208534,0.9799304402065724,0.9923212418055702,-0.7,Qm,Qm_mean_mg_s,core,SVR_RBF
1ALG8HA,5,-1.9959679223103381,0.534595955026455,0.684981033071639,-0.6668859288553501,Qm,Qm_mean_mg_s,core,RandomForest
2ALG8HA,5,-0.8868973987659288,0.48389977445887417,0.5713191978295389,0.9999999999999999,Qm,Qm_mean_mg_s,core,RandomForest
4ALG4HA,5,-1.6250597591790736,1.0162650576719576,1.2592243354718349,0.9746794344808964,Qm,Qm_mean_mg_s,core,RandomForest
4ALG6HA,5,-0.050596180518670986,0.9888092014430019,1.0513035721074797,-0.8999999999999998,Qm,Qm_mean_mg_s,core,RandomForest
4ALG8HA,5,-5.015527678502663,0.6725340947089953,0.7396664568934067,0.0,Qm,Qm_mean_mg_s,core,RandomForest
6ALG2HA,5,-1.1052206610232975,0.3054848547619045,0.3267509473819014,0.6668859288553501,Qm,Qm_mean_mg_s,core,RandomForest
6ALG4HA,5,-0.3212806016752392,0.20169259206349222,0.26129810452919744,0.8720815992723809,Qm,Qm_mean_mg_s,core,RandomForest
6ALG6HA,5,-17.3894849846833,0.5976768214285725,0.614621625777162,,Qm,Qm_mean_mg_s,core,RandomForest
1ALG8HA,5,-4.723993551417111,0.8796438633292334,0.9468028020271182,0.7071067811865475,Qm,Qm_mean_mg_s,core,GradientBoosting
2ALG8HA,5,-4.618418073017432,0.9646069268140403,0.9858519528770163,0.9746794344808964,Qm,Qm_mean_mg_s,core,GradientBoosting
4ALG4HA,5,-1.2734155685547282,0.9295492656138272,1.171852432311528,0.8999999999999998,Qm,Qm_mean_mg_s,core,GradientBoosting
4ALG6HA,5,0.06252156286339994,0.9305055304014223,0.9930951820550858,0.6668859288553501,Qm,Qm_mean_mg_s,core,GradientBoosting
4ALG8HA,5,-6.299017189412944,0.7756107350210314,0.8147629141784777,0.22360679774997894,Qm,Qm_mean_mg_s,core,GradientBoosting
6ALG2HA,5,-4.617626359253087,0.4759489616480915,0.5337580876244087,0.9746794344808964,Qm,Qm_mean_mg_s,core,GradientBoosting
6ALG4HA,5,-2.8958031656805017,0.4189157448069561,0.4486805390223654,0.7905694150420948,Qm,Qm_mean_mg_s,core,GradientBoosting
6ALG6HA,5,-128.46253030220387,1.627093951799377,1.6307789584958223,0.8660254037844386,Qm,Qm_mean_mg_s,core,GradientBoosting
1ALG8HA,5,-4.104863402958125,0.8005875581979751,0.8941328057483501,0.051298917604257706,Qm,Qm_mean_mg_s,core,XGBoost
2ALG8HA,5,-2.073970759203545,0.6963612653732302,0.7292132324706528,0.9999999999999999,Qm,Qm_mean_mg_s,core,XGBoost
4ALG4HA,5,-1.0246065026058848,0.8889700697898864,1.105869358066324,0.9746794344808964,Qm,Qm_mean_mg_s,core,XGBoost
4ALG6HA,5,-0.12307992079744179,0.8758231189727784,1.0869650062045246,0.3,Qm,Qm_mean_mg_s,core,XGBoost
4ALG8HA,5,-12.015172549225706,0.9887130962371824,1.0879877980871067,-0.6324555320336759,Qm,Qm_mean_mg_s,core,XGBoost
6ALG2HA,5,-0.1792948038274449,0.2006160999119282,0.24455651454074315,0.8999999999999998,Qm,Qm_mean_mg_s,core,XGBoost
6ALG4HA,5,-3.7462453465903085,0.4529586359024048,0.4952378414829884,0.7905694150420948,Qm,Qm_mean_mg_s,core,XGBoost
6ALG6HA,5,-34.97169172566273,0.8475813158035278,0.8596140104135341,,Qm,Qm_mean_mg_s,core,XGBoost
1ALG8HA,5,-736.5063305457656,10.672855147678868,10.747138429730274,-0.9999999999999999,Qm,Qm_mean_mg_s,engineered,LinearRegression
2ALG8HA,5,-67.1108952283561,3.3660588530737123,3.4325191523135685,0.9999999999999999,Qm,Qm_mean_mg_s,engineered,LinearRegression
4ALG4HA,5,-138.85138348172055,9.098230567551015,9.191087367925737,0.9999999999999999,Qm,Qm_mean_mg_s,engineered,LinearRegression
4ALG6HA,5,-1.4012752021784172,1.5069213032653757,1.5893926460381045,0.9999999999999999,Qm,Qm_mean_mg_s,engineered,LinearRegression
4ALG8HA,5,-121807.97525546298,104.61141858884923,105.25402302462416,-0.9999999999999999,Qm,Qm_mean_mg_s,engineered,LinearRegression
6ALG2HA,5,-88686.8551030359,67.03620438673677,67.06564712307085,-0.9999999999999999,Qm,Qm_mean_mg_s,engineered,LinearRegression
6ALG4HA,5,-1493.6170997894783,8.776877562673231,8.788276313900548,0.8999999999999998,Qm,Qm_mean_mg_s,engineered,LinearRegression
6ALG6HA,5,-13819527.608756991,532.2122489066044,532.8066889648284,0.9999999999999999,Qm,Qm_mean_mg_s,engineered,LinearRegression
1ALG8HA,5,-0.18138706705584506,0.3065647996040157,0.43013627793240905,0.9999999999999999,Qm,Qm_mean_mg_s,engineered,SVR_RBF
2ALG8HA,5,-4.089640400262505,0.8725361342536406,0.9383140609145498,0.9999999999999999,Qm,Qm_mean_mg_s,engineered,SVR_RBF
4ALG4HA,5,-1.3691113003593567,1.0152359791527985,1.1962618229442326,0.8999999999999998,Qm,Qm_mean_mg_s,engineered,SVR_RBF
4ALG6HA,5,0.42797142488011675,0.5325929396720742,0.7757451933676525,0.9999999999999999,Qm,Qm_mean_mg_s,engineered,SVR_RBF
4ALG8HA,5,0.8574586847195477,0.08665460966064494,0.11385954411069135,0.9999999999999999,Qm,Qm_mean_mg_s,engineered,SVR_RBF
6ALG2HA,5,-7.736231231457332,0.6399600906108864,0.6656257337679405,0.9999999999999999,Qm,Qm_mean_mg_s,engineered,SVR_RBF
6ALG4HA,5,-18.064519549653703,0.9840389225910917,0.9925483285469366,0.8999999999999998,Qm,Qm_mean_mg_s,engineered,SVR_RBF
6ALG6HA,5,-22.825870454793435,0.6943145515302477,0.6995961999765574,0.9999999999999999,Qm,Qm_mean_mg_s,engineered,SVR_RBF
1ALG8HA,5,-1.1219381156774442,0.5004319214285711,0.5764694855812779,0.9746794344808964,Qm,Qm_mean_mg_s,engineered,RandomForest
2ALG8HA,5,-0.28448918035640314,0.41271297513227545,0.47137864109445743,0.9999999999999999,Qm,Qm_mean_mg_s,engineered,RandomForest
4ALG4HA,5,-1.415603614223801,1.052521295502645,1.2079427353340864,0.9999999999999999,Qm,Qm_mean_mg_s,engineered,RandomForest
4ALG6HA,5,-0.2256898819549531,0.8069248658730157,1.135535018266218,0.8999999999999998,Qm,Qm_mean_mg_s,engineered,RandomForest
4ALG8HA,5,-2.5369047945675893,0.5509845523809522,0.5671667264899445,0.9999999999999999,Qm,Qm_mean_mg_s,engineered,RandomForest
6ALG2HA,5,-19.411762726977816,1.013809598412698,1.0174388090829691,0.9999999999999999,Qm,Qm_mean_mg_s,engineered,RandomForest
6ALG4HA,5,-6.632526053785438,0.6226062365079362,0.6280191367466307,0.8999999999999998,Qm,Qm_mean_mg_s,engineered,RandomForest
6ALG6HA,5,-79.25166389409544,1.2759766470899474,1.2839558092001184,-0.051298917604257706,Qm,Qm_mean_mg_s,engineered,RandomForest
1ALG8HA,5,0.13051146383559664,0.2735614544107067,0.36901319592512277,0.8999999999999998,Qm,Qm_mean_mg_s,engineered,GradientBoosting
2ALG8HA,5,-1.3292805500814007,0.6158237143874563,0.6347688039726189,0.9999999999999999,Qm,Qm_mean_mg_s,engineered,GradientBoosting
4ALG4HA,5,-1.461912722111248,1.0772618786584285,1.2194663958402,0.9999999999999999,Qm,Qm_mean_mg_s,engineered,GradientBoosting
4ALG6HA,5,0.18294761490597555,0.6298442449818564,0.9271183614826097,0.9999999999999999,Qm,Qm_mean_mg_s,engineered,GradientBoosting
4ALG8HA,5,-12.027937826713096,1.0343147680672755,1.0885212163845233,0.9999999999999999,Qm,Qm_mean_mg_s,engineered,GradientBoosting
6ALG2HA,5,-31.638766290467217,1.2832631874821154,1.286574415597634,0.9746794344808964,Qm,Qm_mean_mg_s,engineered,GradientBoosting
6ALG4HA,5,-1.3816245800910614,0.33466159748718627,0.350812760302924,0.8999999999999998,Qm,Qm_mean_mg_s,engineered,GradientBoosting
6ALG6HA,5,-222.59779088666272,2.1421017947754577,2.1431709208647747,0.9999999999999999,Qm,Qm_mean_mg_s,engineered,GradientBoosting
1ALG8HA,5,-0.45838270977235873,0.44097847585678107,0.47790956207077795,0.8999999999999998,Qm,Qm_mean_mg_s,engineered,XGBoost
2ALG8HA,5,-0.6461381682207514,0.5081189133644104,0.5336270267137968,0.9999999999999999,Qm,Qm_mean_mg_s,engineered,XGBoost
4ALG4HA,5,-0.6047776246131589,0.8596591530799866,0.9845571741459008,0.9999999999999999,Qm,Qm_mean_mg_s,engineered,XGBoost
4ALG6HA,5,-0.0015426334140944409,0.7519356971740723,1.0264669054574305,0.9999999999999999,Qm,Qm_mean_mg_s,engineered,XGBoost
4ALG8HA,5,-3.706053402351796,0.6128760801315308,0.6542255262007358,0.9999999999999999,Qm,Qm_mean_mg_s,engineered,XGBoost
6ALG2HA,5,-28.66578214861875,1.2257783086776732,1.2265801869571813,0.9999999999999999,Qm,Qm_mean_mg_s,engineered,XGBoost
6ALG4HA,5,-3.0818707795009264,0.4437093301773071,0.4592702941158178,0.8999999999999998,Qm,Qm_mean_mg_s,engineered,XGBoost
6ALG6HA,5,-97.3472588906697,1.4164132125854492,1.421360308891999,0.39999999999999997,Qm,Qm_mean_mg_s,engineered,XGBoost
1ALG8HA,5,-755.4441897310427,10.810906444900862,10.884247589284662,-0.9999999999999999,Qm,Qm_mean_mg_s,rheology_enhanced,LinearRegression
2ALG8HA,5,-58.90887696766643,3.1482571560792065,3.2192170864120806,0.9999999999999999,Qm,Qm_mean_mg_s,rheology_enhanced,LinearRegression
4ALG4HA,5,-224.89258095105802,11.608198942794768,11.681120247648597,0.9999999999999999,Qm,Qm_mean_mg_s,rheology_enhanced,LinearRegression
4ALG6HA,5,0.2749958970083356,0.7122888749300952,0.8733341917010744,0.9999999999999999,Qm,Qm_mean_mg_s,rheology_enhanced,LinearRegression
4ALG8HA,5,-120388.96731824687,103.99274729292135,104.63915114920384,-0.9999999999999999,Qm,Qm_mean_mg_s,rheology_enhanced,LinearRegression
6ALG2HA,5,-5983.494742184268,17.307659749780477,17.421349301075548,-0.9999999999999999,Qm,Qm_mean_mg_s,rheology_enhanced,LinearRegression
6ALG4HA,5,-406.02598626833515,4.564285321028087,4.5861662977983215,0.8999999999999998,Qm,Qm_mean_mg_s,rheology_enhanced,LinearRegression
6ALG6HA,5,-13758459.640677357,531.0324000614806,531.6281593694005,0.9999999999999999,Qm,Qm_mean_mg_s,rheology_enhanced,LinearRegression
1ALG8HA,5,-1.1106394409328497,0.4634014286425668,0.5749326747948879,0.9999999999999999,Qm,Qm_mean_mg_s,rheology_enhanced,SVR_RBF
2ALG8HA,5,-5.962032480145793,1.0343207990626389,1.097419561931403,0.9999999999999999,Qm,Qm_mean_mg_s,rheology_enhanced,SVR_RBF
4ALG4HA,5,-1.976853461612512,1.1692787828336955,1.3409489335402713,0.9999999999999999,Qm,Qm_mean_mg_s,rheology_enhanced,SVR_RBF
4ALG6HA,5,-0.10305683019379219,0.8608312636346216,1.0772318247870356,0.9999999999999999,Qm,Qm_mean_mg_s,rheology_enhanced,SVR_RBF
4ALG8HA,5,0.45035612642813905,0.20976996398174014,0.2235835026186908,0.9999999999999999,Qm,Qm_mean_mg_s,rheology_enhanced,SVR_RBF
6ALG2HA,5,-9.47493580931797,0.7045047170921325,0.7288593489639331,0.9999999999999999,Qm,Qm_mean_mg_s,rheology_enhanced,SVR_RBF
6ALG4HA,5,-51.29794645994504,1.6300509184743142,1.6439213959483998,0.8999999999999998,Qm,Qm_mean_mg_s,rheology_enhanced,SVR_RBF
6ALG6HA,5,-28.56527771668205,0.7702015865708711,0.7793167939294758,0.9999999999999999,Qm,Qm_mean_mg_s,rheology_enhanced,SVR_RBF
1ALG8HA,5,-1.3819292585751164,0.5248020865079364,0.6107653578045585,0.8999999999999998,Qm,Qm_mean_mg_s,rheology_enhanced,RandomForest
2ALG8HA,5,-0.1622606778438691,0.3922116629629627,0.4483905460317665,0.9999999999999999,Qm,Qm_mean_mg_s,rheology_enhanced,RandomForest
4ALG4HA,5,-1.4671466602625447,1.074945631096681,1.2207619785260524,0.9999999999999999,Qm,Qm_mean_mg_s,rheology_enhanced,RandomForest
4ALG6HA,5,-0.2927212678865274,0.8318759690476194,1.1661721839196522,0.8999999999999998,Qm,Qm_mean_mg_s,rheology_enhanced,RandomForest
4ALG8HA,5,-1.1297571672475968,0.4366360169552662,0.4401129057347539,0.9999999999999999,Qm,Qm_mean_mg_s,rheology_enhanced,RandomForest
6ALG2HA,5,-43.15153612046086,1.4936599523809533,1.4963767534574064,0.9999999999999999,Qm,Qm_mean_mg_s,rheology_enhanced,RandomForest
6ALG4HA,5,-34.131760493118584,1.340455994708994,1.347375625446789,0.8999999999999998,Qm,Qm_mean_mg_s,rheology_enhanced,RandomForest
6ALG6HA,5,-63.5448476036467,1.1422741804232803,1.1514732244606154,-0.3,Qm,Qm_mean_mg_s,rheology_enhanced,RandomForest
1ALG8HA,5,-0.44041362094362113,0.4040549592352386,0.47495621655281023,0.9999999999999999,Qm,Qm_mean_mg_s,rheology_enhanced,GradientBoosting
2ALG8HA,5,-1.226095160203112,0.592165102805562,0.6205496536796979,0.8999999999999998,Qm,Qm_mean_mg_s,rheology_enhanced,GradientBoosting
4ALG4HA,5,-1.8045305077443738,1.1463913250880946,1.3015582077779102,0.9999999999999999,Qm,Qm_mean_mg_s,rheology_enhanced,GradientBoosting
4ALG6HA,5,-0.23887924648244385,0.8524412095567506,1.1416282845471686,0.9746794344808964,Qm,Qm_mean_mg_s,rheology_enhanced,GradientBoosting
4ALG8HA,5,-11.451173396481137,1.0569011825659556,1.0641533100467708,0.9999999999999999,Qm,Qm_mean_mg_s,rheology_enhanced,GradientBoosting
6ALG2HA,5,-59.675586240350626,1.7519760022450086,1.754183550588687,0.9999999999999999,Qm,Qm_mean_mg_s,rheology_enhanced,GradientBoosting
6ALG4HA,5,-62.39510481115946,1.8086219873358544,1.8099500597748364,0.8999999999999998,Qm,Qm_mean_mg_s,rheology_enhanced,GradientBoosting
6ALG6HA,5,-134.44192413257076,1.6611975482929768,1.668013691862009,-0.5642880936468347,Qm,Qm_mean_mg_s,rheology_enhanced,GradientBoosting
1ALG8HA,5,-0.7035197012633969,0.4461945856094361,0.5165157238439241,0.8999999999999998,Qm,Qm_mean_mg_s,rheology_enhanced,XGBoost
2ALG8HA,5,-0.5013128083377283,0.4680870391845703,0.5096127320062882,0.9999999999999999,Qm,Qm_mean_mg_s,rheology_enhanced,XGBoost
4ALG4HA,5,-1.1645756773875342,1.008937781906128,1.1434571592274074,0.8999999999999998,Qm,Qm_mean_mg_s,rheology_enhanced,XGBoost
4ALG6HA,5,-0.40367809624729434,0.9490740900993349,1.215189456557937,0.9999999999999999,Qm,Qm_mean_mg_s,rheology_enhanced,XGBoost
4ALG8HA,5,-7.148279130213417,0.8396476016998289,0.8608589690216077,0.9999999999999999,Qm,Qm_mean_mg_s,rheology_enhanced,XGBoost
6ALG2HA,5,-48.69770582832117,1.5864415557861329,1.587582175251119,0.9999999999999999,Qm,Qm_mean_mg_s,rheology_enhanced,XGBoost
6ALG4HA,5,-39.43929683188664,1.4426596208572389,1.4455746627694064,0.8999999999999998,Qm,Qm_mean_mg_s,rheology_enhanced,XGBoost
6ALG6HA,5,-76.12912774169118,1.252293730545044,1.2587290743961779,0.22360679774997894,Qm,Qm_mean_mg_s,rheology_enhanced,XGBoost
1ALG8HA,12,0.011847197422781841,0.2968987850032038,0.3436441108103229,0.19325441292891318,AF,AF_mean,core,LinearRegression
2ALG8HA,12,0.005928722908353445,0.23410568238593085,0.2853899144006462,0.3494432953371279,AF,AF_mean,core,LinearRegression
4ALG4HA,12,0.006615687262820247,0.33250064884439884,0.416295460846943,0.24960235381223425,AF,AF_mean,core,LinearRegression
4ALG6HA,10,0.005868578147224968,0.30672449791829726,0.36075681959851486,0.261785157202368,AF,AF_mean,core,LinearRegression
4ALG8HA,11,-0.08359595918329688,0.2542685438572522,0.299653205440745,-0.07443873683187767,AF,AF_mean,core,LinearRegression
6ALG2HA,13,-0.10202367417796587,0.2705788132003384,0.35853295191962536,-0.06443815868826047,AF,AF_mean,core,LinearRegression
6ALG4HA,12,-0.1496869572142967,0.3031576986066393,0.36440626169047996,-0.20041198377813219,AF,AF_mean,core,LinearRegression
6ALG6HA,14,-0.13079509811145673,0.1907030926682262,0.2229571862630114,-0.2979263304059235,AF,AF_mean,core,LinearRegression
1ALG8HA,12,-0.008367527246073703,0.30955684119880433,0.3471412939981574,0.19325441292891318,AF,AF_mean,core,SVR_RBF
2ALG8HA,12,-0.3453843654813915,0.28150024688514935,0.33201143883287726,-0.3494432953371279,AF,AF_mean,core,SVR_RBF
4ALG4HA,12,-0.0009197756388066303,0.33727912468365845,0.41787141308130127,0.24960235381223425,AF,AF_mean,core,SVR_RBF
4ALG6HA,10,-1.6825361695983445,0.4604357901827424,0.5926051785934022,0.174523438134912,AF,AF_mean,core,SVR_RBF
4ALG8HA,11,-0.7283037119527247,0.27294750004435175,0.3784384636505455,0.0,AF,AF_mean,core,SVR_RBF
6ALG2HA,13,-0.4200084459770024,0.313735499325491,0.40698563294605955,-0.06443815868826047,AF,AF_mean,core,SVR_RBF
6ALG4HA,12,-1.1931835217018802,0.3639846887617309,0.503307631846987,-0.20041198377813219,AF,AF_mean,core,SVR_RBF
6ALG6HA,14,-0.34115745186547497,0.20801607110199777,0.24281158271221884,-0.2979263304059235,AF,AF_mean,core,SVR_RBF
1ALG8HA,12,-0.15129567136268318,0.3218995654397144,0.37092857247797395,0.07873327934140908,AF,AF_mean,core,RandomForest
2ALG8HA,12,0.07293223717809516,0.22225096564704586,0.27560405192071,0.20681337887299406,AF,AF_mean,core,RandomForest
4ALG4HA,12,-0.01596453294309086,0.34061211204620223,0.42100019823628804,0.06418346240886023,AF,AF_mean,core,RandomForest
4ALG6HA,10,-0.013878166221067856,0.29300515277431816,0.3643221149616579,0.01246595986677943,AF,AF_mean,core,RandomForest
4ALG8HA,11,-0.17371142933018247,0.24183498381958113,0.31186447486922114,0.07443873683187767,AF,AF_mean,core,RandomForest
6ALG2HA,13,-0.37561358567436987,0.30920555842083847,0.40057315662197684,-0.18771115791797613,AF,AF_mean,core,RandomForest
6ALG4HA,12,-0.1888191980914109,0.30179302657728063,0.3705560716213638,-0.2450545589884122,AF,AF_mean,core,RandomForest
6ALG6HA,14,-0.03287623458616884,0.17909800918839758,0.21308538264361418,0.4516223023309455,AF,AF_mean,core,RandomForest
1ALG8HA,12,-0.11417415734578462,0.31427524818413716,0.36489960458532034,0.07873327934140908,AF,AF_mean,core,GradientBoosting
2ALG8HA,12,0.06409228730963978,0.2275493131791458,0.27691493004537504,0.08434476751018702,AF,AF_mean,core,GradientBoosting
4ALG4HA,12,-0.04307330921733321,0.3495090864406449,0.42657995398962556,-0.16402440393375392,AF,AF_mean,core,GradientBoosting
4ALG6HA,10,-0.025304101193922124,0.29983389387375947,0.3663692339224191,-0.01246595986677943,AF,AF_mean,core,GradientBoosting
4ALG8HA,11,-0.19147826180678962,0.24833568015497687,0.314216003785402,0.04264014327112209,AF,AF_mean,core,GradientBoosting
6ALG2HA,13,-1.4126577402234601,0.4225146580342767,0.5304952178114911,-0.1372812945967288,AF,AF_mean,core,GradientBoosting
6ALG4HA,12,-0.17331948661116847,0.2982886935468962,0.3681325087735422,-0.23897605969962163,AF,AF_mean,core,GradientBoosting
6ALG6HA,14,-0.1188444008787124,0.1874303198855753,0.22177590632049465,0.46225016352102427,AF,AF_mean,core,GradientBoosting
1ALG8HA,12,-0.16778165139707268,0.3159942178058625,0.3735748887842023,-0.042945425095314044,AF,AF_mean,core,XGBoost
2ALG8HA,12,0.027577695341051256,0.22658581903775535,0.28226518465898126,0.06418346240886023,AF,AF_mean,core,XGBoost
4ALG4HA,12,-0.07714420813805778,0.34458912848790485,0.4334908670836095,-0.06418346240886023,AF,AF_mean,core,XGBoost
4ALG6HA,10,-0.0007138155532939727,0.3001274320983886,0.3619491798573386,0.12465959866779429,AF,AF_mean,core,XGBoost
4ALG8HA,11,-0.12012457330700133,0.24209919082988393,0.3046620793079111,0.10621700090875887,AF,AF_mean,core,XGBoost
6ALG2HA,13,-0.49429790893557235,0.31915842102637654,0.41749589437125734,-0.18771115791797613,AF,AF_mean,core,XGBoost
6ALG4HA,12,-0.15949999937742,0.29050689228693644,0.36595813451557907,-0.23897605969962163,AF,AF_mean,core,XGBoost
6ALG6HA,14,-0.05804178848536612,0.18129397624152052,0.2156656242468146,0.46225016352102427,AF,AF_mean,core,XGBoost
1ALG8HA,12,-105.07453289700366,3.552464639463178,3.560429709171466,0.8111888111888113,AF,AF_mean,angle_engineered,LinearRegression
2ALG8HA,12,-27.054697293354398,1.5117144138785907,1.516116771698456,0.8321678321678322,AF,AF_mean,angle_engineered,LinearRegression
4ALG4HA,12,-91.16057987557079,3.999999615376383,4.009734581786417,0.6993006993006995,AF,AF_mean,angle_engineered,LinearRegression
4ALG6HA,10,-14.325446332102965,1.412133453627923,1.416443366675267,0.9030303030303028,AF,AF_mean,angle_engineered,LinearRegression
4ALG8HA,11,-5977.350972925246,22.166810847643323,22.257477509801138,0.11818181818181818,AF,AF_mean,angle_engineered,LinearRegression
6ALG2HA,13,-9788.407115514072,33.78937598420809,33.79183762551462,0.6483516483516483,AF,AF_mean,angle_engineered,LinearRegression
6ALG4HA,12,-8.611597355870705,1.0377158052129003,1.0536437936919723,0.8531468531468532,AF,AF_mean,angle_engineered,LinearRegression
6ALG6HA,14,-175664.93315428385,87.77893619719313,87.87660898126619,0.45054945054945056,AF,AF_mean,angle_engineered,LinearRegression
1ALG8HA,12,0.6189952984600305,0.173110491278501,0.21338408239853185,0.8601398601398602,AF,AF_mean,angle_engineered,SVR_RBF
2ALG8HA,12,0.8232131178399249,0.10163211102599086,0.12035243371466783,0.8601398601398602,AF,AF_mean,angle_engineered,SVR_RBF
4ALG4HA,12,0.7451487771536923,0.1888776721661407,0.21085620591115298,0.8321678321678322,AF,AF_mean,angle_engineered,SVR_RBF
4ALG6HA,10,0.9077425186646122,0.07161614377650134,0.10989892546249753,0.9515151515151514,AF,AF_mean,angle_engineered,SVR_RBF
4ALG8HA,11,0.7717452002955046,0.10552861761095968,0.13752928927436606,0.790909090909091,AF,AF_mean,angle_engineered,SVR_RBF
6ALG2HA,13,0.42695436962917965,0.19172452567377068,0.258540281473192,0.8351648351648352,AF,AF_mean,angle_engineered,SVR_RBF
6ALG4HA,12,0.5692956297906383,0.1832849685206337,0.22304149527005232,0.6923076923076924,AF,AF_mean,angle_engineered,SVR_RBF
6ALG6HA,14,0.7252478706631339,0.08715934060629826,0.10990059653608204,0.8857142857142857,AF,AF_mean,angle_engineered,SVR_RBF
1ALG8HA,12,0.7542231900449841,0.14532401905864234,0.1713828275573639,0.8741258741258742,AF,AF_mean,angle_engineered,RandomForest
2ALG8HA,12,0.9196707158409974,0.06541969545193993,0.081127259740728,0.8671328671328673,AF,AF_mean,angle_engineered,RandomForest
4ALG4HA,12,0.8638355433241374,0.11142471884259257,0.15412564444303034,0.8601398601398602,AF,AF_mean,angle_engineered,RandomForest
4ALG6HA,10,0.7566905836584239,0.11527555883333311,0.17847282892206695,0.9151515151515152,AF,AF_mean,angle_engineered,RandomForest
4ALG8HA,11,0.8607917216199936,0.0818888913431941,0.10740333590789855,0.8727272727272729,AF,AF_mean,angle_engineered,RandomForest
6ALG2HA,13,0.779315892627801,0.13416257102157134,0.1604423978088435,0.9395604395604396,AF,AF_mean,angle_engineered,RandomForest
6ALG4HA,12,0.5867734333393742,0.15325205695877456,0.21846916368115626,0.8391608391608393,AF,AF_mean,angle_engineered,RandomForest
6ALG6HA,14,0.5565471617297673,0.10778789752550996,0.1396218010100257,0.7758241758241758,AF,AF_mean,angle_engineered,RandomForest
1ALG8HA,12,0.5751347457826921,0.17141555999434677,0.22533178656385547,0.8912335563945798,AF,AF_mean,angle_engineered,GradientBoosting
2ALG8HA,12,0.8562008176020077,0.07773129581519998,0.10854456109787589,0.847637026689399,AF,AF_mean,angle_engineered,GradientBoosting
4ALG4HA,12,0.8352112111381601,0.115432983101395,0.1695535384914337,0.8601398601398602,AF,AF_mean,angle_engineered,GradientBoosting
4ALG6HA,10,0.9031958740389496,0.06658975254062782,0.1125743850239017,0.8814630383360936,AF,AF_mean,angle_engineered,GradientBoosting
4ALG8HA,11,0.8486957923272392,0.089290847939944,0.11197233690076532,0.9634803641019409,AF,AF_mean,angle_engineered,GradientBoosting
6ALG2HA,13,0.7440878394887201,0.1439924043810829,0.1727742738332405,0.9120879120879121,AF,AF_mean,angle_engineered,GradientBoosting
6ALG4HA,12,0.6852458393667675,0.1264993046874235,0.19066973744329005,0.8682018740230752,AF,AF_mean,angle_engineered,GradientBoosting
6ALG6HA,14,0.45828126235873246,0.12330618374465567,0.15431794992932135,0.781393035001635,AF,AF_mean,angle_engineered,GradientBoosting
1ALG8HA,12,0.6034708675813629,0.17123988190650938,0.21768795630537605,0.8581449237144743,AF,AF_mean,angle_engineered,XGBoost
2ALG8HA,12,0.8717400178808972,0.0668715652370453,0.10251217452637666,0.8546422913727825,AF,AF_mean,angle_engineered,XGBoost
4ALG4HA,12,0.8470998620710078,0.11452217472076419,0.16332285585598333,0.8531468531468532,AF,AF_mean,angle_engineered,XGBoost
4ALG6HA,10,0.9070210066413176,0.07434279771423342,0.11032782817604177,0.8909090909090909,AF,AF_mean,angle_engineered,XGBoost
4ALG8HA,11,0.8008508059844319,0.09761049852197821,0.12846195170501948,0.9454545454545454,AF,AF_mean,angle_engineered,XGBoost
6ALG2HA,13,0.8831593536821244,0.0857547725472083,0.11674293027023554,0.9395604395604396,AF,AF_mean,angle_engineered,XGBoost
6ALG4HA,12,0.6719967566277085,0.1322400668811798,0.1946413453694449,0.8541419246461831,AF,AF_mean,angle_engineered,XGBoost
6ALG6HA,14,0.4874990509093097,0.11236465460913522,0.15009867320016002,0.7166053387202717,AF,AF_mean,angle_engineered,XGBoost
1ALG8HA,12,-31.76641846638502,1.9644757364762704,1.9788429999670354,0.8111888111888113,AF,AF_mean,angle_rheology_enhanced,LinearRegression
2ALG8HA,12,-7.063693450322514,0.8045833130037368,0.8128246452102289,0.8321678321678322,AF,AF_mean,angle_rheology_enhanced,LinearRegression
4ALG4HA,12,-48.18156682377645,2.915827113081401,2.9291675006293683,0.6993006993006995,AF,AF_mean,angle_rheology_enhanced,LinearRegression
4ALG6HA,10,-1.8410702774749579,0.5997868569629085,0.6098648980952155,0.9030303030303028,AF,AF_mean,angle_rheology_enhanced,LinearRegression
4ALG8HA,11,-5139.386472676489,20.540926944146385,20.63873740491104,0.11818181818181818,AF,AF_mean,angle_rheology_enhanced,LinearRegression
6ALG2HA,13,-14.81686188413291,1.295608671018895,1.3582939797356264,0.6483516483516483,AF,AF_mean,angle_rheology_enhanced,LinearRegression
6ALG4HA,12,0.6722928976159168,0.1276910455982797,0.19455345859102693,0.8531468531468532,AF,AF_mean,angle_rheology_enhanced,LinearRegression
6ALG6HA,14,-174373.17876153073,87.45487945469586,87.55291375260435,0.45054945054945056,AF,AF_mean,angle_rheology_enhanced,LinearRegression
1ALG8HA,12,0.5975089306361501,0.18077072916659698,0.21931835333527605,0.8601398601398602,AF,AF_mean,angle_rheology_enhanced,SVR_RBF
2ALG8HA,12,0.8478943031518642,0.09312062467435278,0.11163557112394573,0.8251748251748254,AF,AF_mean,angle_rheology_enhanced,SVR_RBF
4ALG4HA,12,0.7719011913737719,0.17010842292508635,0.19948237731548968,0.8321678321678322,AF,AF_mean,angle_rheology_enhanced,SVR_RBF
4ALG6HA,10,0.9102064155024723,0.07235100235897711,0.10842147304492558,0.9515151515151514,AF,AF_mean,angle_rheology_enhanced,SVR_RBF
4ALG8HA,11,0.634221797346777,0.12813172783430937,0.17409814755111377,0.8272727272727273,AF,AF_mean,angle_rheology_enhanced,SVR_RBF
6ALG2HA,13,0.18721763333281527,0.23640437348743681,0.30790784286579365,0.8901098901098902,AF,AF_mean,angle_rheology_enhanced,SVR_RBF
6ALG4HA,12,0.6742160527150685,0.12989622746083612,0.19398174832613316,0.8531468531468532,AF,AF_mean,angle_rheology_enhanced,SVR_RBF
6ALG6HA,14,0.661363513996752,0.09964557631518625,0.12201027071728228,0.8857142857142857,AF,AF_mean,angle_rheology_enhanced,SVR_RBF
1ALG8HA,12,0.7536674900190032,0.14720444713514144,0.17157646598419868,0.8811188811188813,AF,AF_mean,angle_rheology_enhanced,RandomForest
2ALG8HA,12,0.9274373683100386,0.060765236633597806,0.0771056799210985,0.8671328671328673,AF,AF_mean,angle_rheology_enhanced,RandomForest
4ALG4HA,12,0.8649540514012354,0.11071047900022057,0.1534913149518087,0.8601398601398602,AF,AF_mean,angle_rheology_enhanced,RandomForest
4ALG6HA,10,0.747131886444967,0.11664612508465619,0.18194481487896438,0.8787878787878788,AF,AF_mean,angle_rheology_enhanced,RandomForest
4ALG8HA,11,0.8736286377632692,0.07393529531024524,0.10233155483352861,0.8909090909090911,AF,AF_mean,angle_rheology_enhanced,RandomForest
6ALG2HA,13,0.7788392978796974,0.13291102778490077,0.16061555201813202,0.9340659340659341,AF,AF_mean,angle_rheology_enhanced,RandomForest
6ALG4HA,12,0.5743869266653577,0.1517315421086863,0.22171930494147846,0.8721554530812411,AF,AF_mean,angle_rheology_enhanced,RandomForest
6ALG6HA,14,0.5989852240019022,0.10188975535997695,0.1327729803292472,0.7964801299318095,AF,AF_mean,angle_rheology_enhanced,RandomForest
1ALG8HA,12,0.6045679888191778,0.1557832282277932,0.21738659697398308,0.8912335563945798,AF,AF_mean,angle_rheology_enhanced,GradientBoosting
2ALG8HA,12,0.8537910135034652,0.07750773759867613,0.10945028375543629,0.847637026689399,AF,AF_mean,angle_rheology_enhanced,GradientBoosting
4ALG4HA,12,0.8287315034174392,0.12010400490510725,0.17285492957182155,0.8741258741258742,AF,AF_mean,angle_rheology_enhanced,GradientBoosting
4ALG6HA,10,0.8977140251923457,0.06908415915331603,0.1157179398823981,0.8545454545454544,AF,AF_mean,angle_rheology_enhanced,GradientBoosting
4ALG8HA,11,0.8531193137582547,0.08254258042140168,0.11032338682845728,0.9703897613415771,AF,AF_mean,angle_rheology_enhanced,GradientBoosting
6ALG2HA,13,0.7298542925189975,0.14637059100452063,0.17751401634018957,0.9120879120879121,AF,AF_mean,angle_rheology_enhanced,GradientBoosting
6ALG4HA,12,0.6901035379067051,0.12687264001483614,0.18919268374226272,0.8611718993346292,AF,AF_mean,angle_rheology_enhanced,GradientBoosting
6ALG6HA,14,0.4825285020926623,0.1196987553058755,0.15082479140076124,0.7742515091786386,AF,AF_mean,angle_rheology_enhanced,GradientBoosting
1ALG8HA,12,0.5817289603794901,0.17713439384460447,0.22357629252407835,0.8601398601398602,AF,AF_mean,angle_rheology_enhanced,XGBoost
2ALG8HA,12,0.8914036111466775,0.06438617075920106,0.0943273319272464,0.847637026689399,AF,AF_mean,angle_rheology_enhanced,XGBoost
4ALG4HA,12,0.8470213995799785,0.11444318521499636,0.16336475599650047,0.8531468531468532,AF,AF_mean,angle_rheology_enhanced,XGBoost
4ALG6HA,10,0.8899592010839825,0.07926137300109866,0.1200243925076525,0.9272727272727272,AF,AF_mean,angle_rheology_enhanced,XGBoost
4ALG8HA,11,0.817119530190242,0.09360036304473879,0.12310307567563444,0.9454545454545454,AF,AF_mean,angle_rheology_enhanced,XGBoost
6ALG2HA,13,0.8672165725599275,0.09614831008324251,0.12445305215323649,0.945054945054945,AF,AF_mean,angle_rheology_enhanced,XGBoost
6ALG4HA,12,0.6896978270069158,0.12783236300468445,0.189316487072366,0.8541419246461831,AF,AF_mean,angle_rheology_enhanced,XGBoost
6ALG6HA,14,0.510291908858959,0.1089128149141584,0.1467229857553149,0.7387030485332265,AF,AF_mean,angle_rheology_enhanced,XGBoost
