Run,Alg_mg_ml,HA_mg_ml,Pressure_kPa,Angle_deg,AF_mean,AF_std,Alg_pct_wv,HA_pct_wv,Total_polymer_mg_ml,Total_polymer_pct_wv,HA_fraction,Alg_fraction,Alg_HA_ratio,Formulation_label,TP,TP_pct_wv,HF,Alg_fraction_feature,Alg_HA_ratio_safe,P_over_TP,P_over_Alg,P_over_HA,Alg_x_P,HA_x_P,TP_x_P,HF_x_P,Alg_x_HA,Alg_fraction_x_HA_fraction,Angle_rad,sin_angle,cos_angle,P_x_Angle,Alg_x_Angle,HA_x_Angle,TP_x_Angle,Eta0_mean_Pa_s,Eta0_std_Pa_s,Cross_m_mean,Cross_m_std,Cross_k_mean_s,Cross_k_std_s,G_prime_mean_Pa,G_prime_std_Pa,G_double_prime_mean_Pa,G_double_prime_std_Pa,Yield_stress_mean_Pa,Yield_stress_std_Pa
1,10,80,50,60,2.29017,0.0936253,1.0,8.0,90,9.0,0.8888888888888888,0.1111111111111111,0.125,1ALG8HA,90,9.0,0.8888888888888888,0.1111111111111111,0.125,0.5555555555555556,5.0,0.625,500,4000,4500,44.44444444444444,800,0.09876543209876543,1.0471975511965976,0.8660254037844386,0.5000000000000001,3000,600,4800,5400,211.54033333333334,26.232762765925603,0.778182,0.019232961264454344,0.311391,0.028291408890332784,261.3093333333333,57.265855667520874,339.64799999999997,75.10930613445981,570.3046666666667,39.00330691535446
2,10,80,55,60,1.7596,0.0301965,1.0,8.0,90,9.0,0.8888888888888888,0.1111111111111111,0.125,1ALG8HA,90,9.0,0.8888888888888888,0.1111111111111111,0.125,0.6111111111111112,5.5,0.6875,550,4400,4950,48.888888888888886,800,0.09876543209876543,1.0471975511965976,0.8660254037844386,0.5000000000000001,3300,600,4800,5400,211.54033333333334,26.232762765925603,0.778182,0.019232961264454344,0.311391,0.028291408890332784,261.3093333333333,57.265855667520874,339.64799999999997,75.10930613445981,570.3046666666667,39.00330691535446
3,10,80,60,60,1.80526,0.0412513,1.0,8.0,90,9.0,0.8888888888888888,0.1111111111111111,0.125,1ALG8HA,90,9.0,0.8888888888888888,0.1111111111111111,0.125,0.6666666666666666,6.0,0.75,600,4800,5400,53.33333333333333,800,0.09876543209876543,1.0471975511965976,0.8660254037844386,0.5000000000000001,3600,600,4800,5400,211.54033333333334,26.232762765925603,0.778182,0.019232961264454344,0.311391,0.028291408890332784,261.3093333333333,57.265855667520874,339.64799999999997,75.10930613445981,570.3046666666667,39.00330691535446
4,10,80,55,90,1.29597,0.0210961,1.0,8.0,90,9.0,0.8888888888888888,0.1111111111111111,0.125,1ALG8HA,90,9.0,0.8888888888888888,0.1111111111111111,0.125,0.6111111111111112,5.5,0.6875,550,4400,4950,48.888888888888886,800,0.09876543209876543,1.5707963267948966,1.0,6.123233995736766e-17,4950,900,7200,8100,211.54033333333334,26.232762765925603,0.778182,0.019232961264454344,0.311391,0.028291408890332784,261.3093333333333,57.265855667520874,339.64799999999997,75.10930613445981,570.3046666666667,39.00330691535446
5,10,80,65,60,1.75407,0.0158443,1.0,8.0,90,9.0,0.8888888888888888,0.1111111111111111,0.125,1ALG8HA,90,9.0,0.8888888888888888,0.1111111111111111,0.125,0.7222222222222222,6.5,0.8125,650,5200,5850,57.77777777777777,800,0.09876543209876543,1.0471975511965976,0.8660254037844386,0.5000000000000001,3900,600,4800,5400,211.54033333333334,26.232762765925603,0.778182,0.019232961264454344,0.311391,0.028291408890332784,261.3093333333333,57.265855667520874,339.64799999999997,75.10930613445981,570.3046666666667,39.00330691535446
6,10,80,60,90,1.28243,0.029433,1.0,8.0,90,9.0,0.8888888888888888,0.1111111111111111,0.125,1ALG8HA,90,9.0,0.8888888888888888,0.1111111111111111,0.125,0.6666666666666666,6.0,0.75,600,4800,5400,53.33333333333333,800,0.09876543209876543,1.5707963267948966,1.0,6.123233995736766e-17,5400,900,7200,8100,211.54033333333334,26.232762765925603,0.778182,0.019232961264454344,0.311391,0.028291408890332784,261.3093333333333,57.265855667520874,339.64799999999997,75.10930613445981,570.3046666666667,39.00330691535446
7,10,80,65,90,1.30412,0.0453863,1.0,8.0,90,9.0,0.8888888888888888,0.1111111111111111,0.125,1ALG8HA,90,9.0,0.8888888888888888,0.1111111111111111,0.125,0.7222222222222222,6.5,0.8125,650,5200,5850,57.77777777777777,800,0.09876543209876543,1.5707963267948966,1.0,6.123233995736766e-17,5850,900,7200,8100,211.54033333333334,26.232762765925603,0.778182,0.019232961264454344,0.311391,0.028291408890332784,261.3093333333333,57.265855667520874,339.64799999999997,75.10930613445981,570.3046666666667,39.00330691535446
8,10,80,70,90,1.38795,0.0513345,1.0,8.0,90,9.0,0.8888888888888888,0.1111111111111111,0.125,1ALG8HA,90,9.0,0.8888888888888888,0.1111111111111111,0.125,0.7777777777777778,7.0,0.875,700,5600,6300,62.22222222222222,800,0.09876543209876543,1.5707963267948966,1.0,6.123233995736766e-17,6300,900,7200,8100,211.54033333333334,26.232762765925603,0.778182,0.019232961264454344,0.311391,0.028291408890332784,261.3093333333333,57.265855667520874,339.64799999999997,75.10930613445981,570.3046666666667,39.00330691535446
9,10,80,55,120,1.05256,0.0295853,1.0,8.0,90,9.0,0.8888888888888888,0.1111111111111111,0.125,1ALG8HA,90,9.0,0.8888888888888888,0.1111111111111111,0.125,0.6111111111111112,5.5,0.6875,550,4400,4950,48.888888888888886,800,0.09876543209876543,2.0943951023931953,0.8660254037844387,-0.4999999999999998,6600,1200,9600,10800,211.54033333333334,26.232762765925603,0.778182,0.019232961264454344,0.311391,0.028291408890332784,261.3093333333333,57.265855667520874,339.64799999999997,75.10930613445981,570.3046666666667,39.00330691535446
10,10,80,60,120,1.17187,0.022162,1.0,8.0,90,9.0,0.8888888888888888,0.1111111111111111,0.125,1ALG8HA,90,9.0,0.8888888888888888,0.1111111111111111,0.125,0.6666666666666666,6.0,0.75,600,4800,5400,53.33333333333333,800,0.09876543209876543,2.0943951023931953,0.8660254037844387,-0.4999999999999998,7200,1200,9600,10800,211.54033333333334,26.232762765925603,0.778182,0.019232961264454344,0.311391,0.028291408890332784,261.3093333333333,57.265855667520874,339.64799999999997,75.10930613445981,570.3046666666667,39.00330691535446
11,10,80,65,120,1.17573,0.0194448,1.0,8.0,90,9.0,0.8888888888888888,0.1111111111111111,0.125,1ALG8HA,90,9.0,0.8888888888888888,0.1111111111111111,0.125,0.7222222222222222,6.5,0.8125,650,5200,5850,57.77777777777777,800,0.09876543209876543,2.0943951023931953,0.8660254037844387,-0.4999999999999998,7800,1200,9600,10800,211.54033333333334,26.232762765925603,0.778182,0.019232961264454344,0.311391,0.028291408890332784,261.3093333333333,57.265855667520874,339.64799999999997,75.10930613445981,570.3046666666667,39.00330691535446
12,10,80,70,120,1.28156,0.0144789,1.0,8.0,90,9.0,0.8888888888888888,0.1111111111111111,0.125,1ALG8HA,90,9.0,0.8888888888888888,0.1111111111111111,0.125,0.7777777777777778,7.0,0.875,700,5600,6300,62.22222222222222,800,0.09876543209876543,2.0943951023931953,0.8660254037844387,-0.4999999999999998,8400,1200,9600,10800,211.54033333333334,26.232762765925603,0.778182,0.019232961264454344,0.311391,0.028291408890332784,261.3093333333333,57.265855667520874,339.64799999999997,75.10930613445981,570.3046666666667,39.00330691535446
13,20,80,75,60,2.04975,0.016115,2.0,8.0,100,10.0,0.8,0.2,0.25,2ALG8HA,100,10.0,0.8,0.2,0.25,0.75,3.75,0.9375,1500,6000,7500,60.0,1600,0.16000000000000003,1.0471975511965976,0.8660254037844386,0.5000000000000001,4500,1200,4800,6000,300.16633333333334,17.57787886331379,0.7369746666666667,0.07890205042540616,0.5584426666666666,0.26275807416963104,355.58633333333336,9.771632429299261,456.2193333333333,8.184651326314,513.8316666666666,20.810102026019333
14,20,80,85,60,1.87831,0.0167196,2.0,8.0,100,10.0,0.8,0.2,0.25,2ALG8HA,100,10.0,0.8,0.2,0.25,0.85,4.25,1.0625,1700,6800,8500,68.0,1600,0.16000000000000003,1.0471975511965976,0.8660254037844386,0.5000000000000001,5100,1200,4800,6000,300.16633333333334,17.57787886331379,0.7369746666666667,0.07890205042540616,0.5584426666666666,0.26275807416963104,355.58633333333336,9.771632429299261,456.2193333333333,8.184651326314,513.8316666666666,20.810102026019333
15,20,80,95,60,1.74885,0.0334194,2.0,8.0,100,10.0,0.8,0.2,0.25,2ALG8HA,100,10.0,0.8,0.2,0.25,0.95,4.75,1.1875,1900,7600,9500,76.0,1600,0.16000000000000003,1.0471975511965976,0.8660254037844386,0.5000000000000001,5700,1200,4800,6000,300.16633333333334,17.57787886331379,0.7369746666666667,0.07890205042540616,0.5584426666666666,0.26275807416963104,355.58633333333336,9.771632429299261,456.2193333333333,8.184651326314,513.8316666666666,20.810102026019333
16,20,80,85,90,1.4926,0.0162292,2.0,8.0,100,10.0,0.8,0.2,0.25,2ALG8HA,100,10.0,0.8,0.2,0.25,0.85,4.25,1.0625,1700,6800,8500,68.0,1600,0.16000000000000003,1.5707963267948966,1.0,6.123233995736766e-17,7650,1800,7200,9000,300.16633333333334,17.57787886331379,0.7369746666666667,0.07890205042540616,0.5584426666666666,0.26275807416963104,355.58633333333336,9.771632429299261,456.2193333333333,8.184651326314,513.8316666666666,20.810102026019333
17,20,80,95,90,1.39505,0.0125334,2.0,8.0,100,10.0,0.8,0.2,0.25,2ALG8HA,100,10.0,0.8,0.2,0.25,0.95,4.75,1.1875,1900,7600,9500,76.0,1600,0.16000000000000003,1.5707963267948966,1.0,6.123233995736766e-17,8550,1800,7200,9000,300.16633333333334,17.57787886331379,0.7369746666666667,0.07890205042540616,0.5584426666666666,0.26275807416963104,355.58633333333336,9.771632429299261,456.2193333333333,8.184651326314,513.8316666666666,20.810102026019333
18,20,80,105,90,1.44103,0.00846958,2.0,8.0,100,10.0,0.8,0.2,0.25,2ALG8HA,100,10.0,0.8,0.2,0.25,1.05,5.25,1.3125,2100,8400,10500,84.0,1600,0.16000000000000003,1.5707963267948966,1.0,6.123233995736766e-17,9450,1800,7200,9000,300.16633333333334,17.57787886331379,0.7369746666666667,0.07890205042540616,0.5584426666666666,0.26275807416963104,355.58633333333336,9.771632429299261,456.2193333333333,8.184651326314,513.8316666666666,20.810102026019333
19,20,80,115,90,1.42223,0.00551604,2.0,8.0,100,10.0,0.8,0.2,0.25,2ALG8HA,100,10.0,0.8,0.2,0.25,1.15,5.75,1.4375,2300,9200,11500,92.0,1600,0.16000000000000003,1.5707963267948966,1.0,6.123233995736766e-17,10350,1800,7200,9000,300.16633333333334,17.57787886331379,0.7369746666666667,0.07890205042540616,0.5584426666666666,0.26275807416963104,355.58633333333336,9.771632429299261,456.2193333333333,8.184651326314,513.8316666666666,20.810102026019333
20,20,80,75,120,1.2125,0.0185018,2.0,8.0,100,10.0,0.8,0.2,0.25,2ALG8HA,100,10.0,0.8,0.2,0.25,0.75,3.75,0.9375,1500,6000,7500,60.0,1600,0.16000000000000003,2.0943951023931953,0.8660254037844387,-0.4999999999999998,9000,2400,9600,12000,300.16633333333334,17.57787886331379,0.7369746666666667,0.07890205042540616,0.5584426666666666,0.26275807416963104,355.58633333333336,9.771632429299261,456.2193333333333,8.184651326314,513.8316666666666,20.810102026019333
21,20,80,85,120,1.19111,0.0182752,2.0,8.0,100,10.0,0.8,0.2,0.25,2ALG8HA,100,10.0,0.8,0.2,0.25,0.85,4.25,1.0625,1700,6800,8500,68.0,1600,0.16000000000000003,2.0943951023931953,0.8660254037844387,-0.4999999999999998,10200,2400,9600,12000,300.16633333333334,17.57787886331379,0.7369746666666667,0.07890205042540616,0.5584426666666666,0.26275807416963104,355.58633333333336,9.771632429299261,456.2193333333333,8.184651326314,513.8316666666666,20.810102026019333
22,20,80,95,120,1.16533,0.0153714,2.0,8.0,100,10.0,0.8,0.2,0.25,2ALG8HA,100,10.0,0.8,0.2,0.25,0.95,4.75,1.1875,1900,7600,9500,76.0,1600,0.16000000000000003,2.0943951023931953,0.8660254037844387,-0.4999999999999998,11400,2400,9600,12000,300.16633333333334,17.57787886331379,0.7369746666666667,0.07890205042540616,0.5584426666666666,0.26275807416963104,355.58633333333336,9.771632429299261,456.2193333333333,8.184651326314,513.8316666666666,20.810102026019333
23,20,80,105,120,1.16534,0.0191255,2.0,8.0,100,10.0,0.8,0.2,0.25,2ALG8HA,100,10.0,0.8,0.2,0.25,1.05,5.25,1.3125,2100,8400,10500,84.0,1600,0.16000000000000003,2.0943951023931953,0.8660254037844387,-0.4999999999999998,12600,2400,9600,12000,300.16633333333334,17.57787886331379,0.7369746666666667,0.07890205042540616,0.5584426666666666,0.26275807416963104,355.58633333333336,9.771632429299261,456.2193333333333,8.184651326314,513.8316666666666,20.810102026019333
24,20,80,115,120,1.20579,0.0158535,2.0,8.0,100,10.0,0.8,0.2,0.25,2ALG8HA,100,10.0,0.8,0.2,0.25,1.15,5.75,1.4375,2300,9200,11500,92.0,1600,0.16000000000000003,2.0943951023931953,0.8660254037844387,-0.4999999999999998,13800,2400,9600,12000,300.16633333333334,17.57787886331379,0.7369746666666667,0.07890205042540616,0.5584426666666666,0.26275807416963104,355.58633333333336,9.771632429299261,456.2193333333333,8.184651326314,513.8316666666666,20.810102026019333
25,40,40,50,60,1.80422,0.0482703,4.0,4.0,80,8.0,0.5,0.5,1.0,4ALG4HA,80,8.0,0.5,0.5,1.0,0.625,1.25,1.25,2000,2000,4000,25.0,1600,0.25,1.0471975511965976,0.8660254037844386,0.5000000000000001,3000,2400,2400,4800,98.51146666666666,21.449619881325013,0.588116,0.14015338730119942,0.6832046666666667,0.6579280048313291,121.78156666666666,55.01983547106747,209.17533333333336,92.3504246461993,446.30400000000003,190.50345437288007
26,40,40,55,60,2.44505,0.0673524,4.0,4.0,80,8.0,0.5,0.5,1.0,4ALG4HA,80,8.0,0.5,0.5,1.0,0.6875,1.375,1.375,2200,2200,4400,27.5,1600,0.25,1.0471975511965976,0.8660254037844386,0.5000000000000001,3300,2400,2400,4800,98.51146666666666,21.449619881325013,0.588116,0.14015338730119942,0.6832046666666667,0.6579280048313291,121.78156666666666,55.01983547106747,209.17533333333336,92.3504246461993,446.30400000000003,190.50345437288007
27,40,40,65,60,2.14773,0.0410755,4.0,4.0,80,8.0,0.5,0.5,1.0,4ALG4HA,80,8.0,0.5,0.5,1.0,0.8125,1.625,1.625,2600,2600,5200,32.5,1600,0.25,1.0471975511965976,0.8660254037844386,0.5000000000000001,3900,2400,2400,4800,98.51146666666666,21.449619881325013,0.588116,0.14015338730119942,0.6832046666666667,0.6579280048313291,121.78156666666666,55.01983547106747,209.17533333333336,92.3504246461993,446.30400000000003,190.50345437288007
28,40,40,55,90,1.55854,0.0404212,4.0,4.0,80,8.0,0.5,0.5,1.0,4ALG4HA,80,8.0,0.5,0.5,1.0,0.6875,1.375,1.375,2200,2200,4400,27.5,1600,0.25,1.5707963267948966,1.0,6.123233995736766e-17,4950,3600,3600,7200,98.51146666666666,21.449619881325013,0.588116,0.14015338730119942,0.6832046666666667,0.6579280048313291,121.78156666666666,55.01983547106747,209.17533333333336,92.3504246461993,446.30400000000003,190.50345437288007
29,40,40,60,90,1.38725,0.0237332,4.0,4.0,80,8.0,0.5,0.5,1.0,4ALG4HA,80,8.0,0.5,0.5,1.0,0.75,1.5,1.5,2400,2400,4800,30.0,1600,0.25,1.5707963267948966,1.0,6.123233995736766e-17,5400,3600,3600,7200,98.51146666666666,21.449619881325013,0.588116,0.14015338730119942,0.6832046666666667,0.6579280048313291,121.78156666666666,55.01983547106747,209.17533333333336,92.3504246461993,446.30400000000003,190.50345437288007
30,40,40,65,90,1.36564,0.0275376,4.0,4.0,80,8.0,0.5,0.5,1.0,4ALG4HA,80,8.0,0.5,0.5,1.0,0.8125,1.625,1.625,2600,2600,5200,32.5,1600,0.25,1.5707963267948966,1.0,6.123233995736766e-17,5850,3600,3600,7200,98.51146666666666,21.449619881325013,0.588116,0.14015338730119942,0.6832046666666667,0.6579280048313291,121.78156666666666,55.01983547106747,209.17533333333336,92.3504246461993,446.30400000000003,190.50345437288007
31,40,40,70,90,1.52016,0.00885943,4.0,4.0,80,8.0,0.5,0.5,1.0,4ALG4HA,80,8.0,0.5,0.5,1.0,0.875,1.75,1.75,2800,2800,5600,35.0,1600,0.25,1.5707963267948966,1.0,6.123233995736766e-17,6300,3600,3600,7200,98.51146666666666,21.449619881325013,0.588116,0.14015338730119942,0.6832046666666667,0.6579280048313291,121.78156666666666,55.01983547106747,209.17533333333336,92.3504246461993,446.30400000000003,190.50345437288007
32,40,40,50,120,1.21458,0.031865,4.0,4.0,80,8.0,0.5,0.5,1.0,4ALG4HA,80,8.0,0.5,0.5,1.0,0.625,1.25,1.25,2000,2000,4000,25.0,1600,0.25,2.0943951023931953,0.8660254037844387,-0.4999999999999998,6000,4800,4800,9600,98.51146666666666,21.449619881325013,0.588116,0.14015338730119942,0.6832046666666667,0.6579280048313291,121.78156666666666,55.01983547106747,209.17533333333336,92.3504246461993,446.30400000000003,190.50345437288007
33,40,40,55,120,1.18475,0.0251478,4.0,4.0,80,8.0,0.5,0.5,1.0,4ALG4HA,80,8.0,0.5,0.5,1.0,0.6875,1.375,1.375,2200,2200,4400,27.5,1600,0.25,2.0943951023931953,0.8660254037844387,-0.4999999999999998,6600,4800,4800,9600,98.51146666666666,21.449619881325013,0.588116,0.14015338730119942,0.6832046666666667,0.6579280048313291,121.78156666666666,55.01983547106747,209.17533333333336,92.3504246461993,446.30400000000003,190.50345437288007
34,40,40,60,120,1.00068,0.028701,4.0,4.0,80,8.0,0.5,0.5,1.0,4ALG4HA,80,8.0,0.5,0.5,1.0,0.75,1.5,1.5,2400,2400,4800,30.0,1600,0.25,2.0943951023931953,0.8660254037844387,-0.4999999999999998,7200,4800,4800,9600,98.51146666666666,21.449619881325013,0.588116,0.14015338730119942,0.6832046666666667,0.6579280048313291,121.78156666666666,55.01983547106747,209.17533333333336,92.3504246461993,446.30400000000003,190.50345437288007
35,40,40,65,120,1.15143,0.053961,4.0,4.0,80,8.0,0.5,0.5,1.0,4ALG4HA,80,8.0,0.5,0.5,1.0,0.8125,1.625,1.625,2600,2600,5200,32.5,1600,0.25,2.0943951023931953,0.8660254037844387,-0.4999999999999998,7800,4800,4800,9600,98.51146666666666,21.449619881325013,0.588116,0.14015338730119942,0.6832046666666667,0.6579280048313291,121.78156666666666,55.01983547106747,209.17533333333336,92.3504246461993,446.30400000000003,190.50345437288007
36,40,40,70,120,1.18045,0.020291,4.0,4.0,80,8.0,0.5,0.5,1.0,4ALG4HA,80,8.0,0.5,0.5,1.0,0.875,1.75,1.75,2800,2800,5600,35.0,1600,0.25,2.0943951023931953,0.8660254037844387,-0.4999999999999998,8400,4800,4800,9600,98.51146666666666,21.449619881325013,0.588116,0.14015338730119942,0.6832046666666667,0.6579280048313291,121.78156666666666,55.01983547106747,209.17533333333336,92.3504246461993,446.30400000000003,190.50345437288007
37,40,60,75,60,1.97211,0.115179,4.0,6.0,100,10.0,0.6,0.4,0.6666666666666666,4ALG6HA,100,10.0,0.6,0.4,0.6666666666666666,0.75,1.875,1.25,3000,4500,7500,45.0,2400,0.24,1.0471975511965976,0.8660254037844386,0.5000000000000001,4500,2400,3600,6000,282.372,32.09102315290056,0.6263533333333333,0.1265319256406593,0.6336433333333333,0.3047039019512769,343.8516666666667,10.256394363192799,480.3396666666667,10.669135735069325,557.345,39.86543601918839
38,40,60,85,60,2.18925,0.0312527,4.0,6.0,100,10.0,0.6,0.4,0.6666666666666666,4ALG6HA,100,10.0,0.6,0.4,0.6666666666666666,0.85,2.125,1.4166666666666667,3400,5100,8500,51.0,2400,0.24,1.0471975511965976,0.8660254037844386,0.5000000000000001,5100,2400,3600,6000,282.372,32.09102315290056,0.6263533333333333,0.1265319256406593,0.6336433333333333,0.3047039019512769,343.8516666666667,10.256394363192799,480.3396666666667,10.669135735069325,557.345,39.86543601918839
39,40,60,95,60,1.94988,0.0269887,4.0,6.0,100,10.0,0.6,0.4,0.6666666666666666,4ALG6HA,100,10.0,0.6,0.4,0.6666666666666666,0.95,2.375,1.5833333333333333,3800,5700,9500,57.0,2400,0.24,1.0471975511965976,0.8660254037844386,0.5000000000000001,5700,2400,3600,6000,282.372,32.09102315290056,0.6263533333333333,0.1265319256406593,0.6336433333333333,0.3047039019512769,343.8516666666667,10.256394363192799,480.3396666666667,10.669135735069325,557.345,39.86543601918839
40,40,60,65,90,1.45212,0.0365994,4.0,6.0,100,10.0,0.6,0.4,0.6666666666666666,4ALG6HA,100,10.0,0.6,0.4,0.6666666666666666,0.65,1.625,1.0833333333333333,2600,3900,6500,39.0,2400,0.24,1.5707963267948966,1.0,6.123233995736766e-17,5850,3600,5400,9000,282.372,32.09102315290056,0.6263533333333333,0.1265319256406593,0.6336433333333333,0.3047039019512769,343.8516666666667,10.256394363192799,480.3396666666667,10.669135735069325,557.345,39.86543601918839
41,40,60,75,90,1.42363,0.0644926,4.0,6.0,100,10.0,0.6,0.4,0.6666666666666666,4ALG6HA,100,10.0,0.6,0.4,0.6666666666666666,0.75,1.875,1.25,3000,4500,7500,45.0,2400,0.24,1.5707963267948966,1.0,6.123233995736766e-17,6750,3600,5400,9000,282.372,32.09102315290056,0.6263533333333333,0.1265319256406593,0.6336433333333333,0.3047039019512769,343.8516666666667,10.256394363192799,480.3396666666667,10.669135735069325,557.345,39.86543601918839
42,40,60,95,90,1.35048,0.0178555,4.0,6.0,100,10.0,0.6,0.4,0.6666666666666666,4ALG6HA,100,10.0,0.6,0.4,0.6666666666666666,0.95,2.375,1.5833333333333333,3800,5700,9500,57.0,2400,0.24,1.5707963267948966,1.0,6.123233995736766e-17,8550,3600,5400,9000,282.372,32.09102315290056,0.6263533333333333,0.1265319256406593,0.6336433333333333,0.3047039019512769,343.8516666666667,10.256394363192799,480.3396666666667,10.669135735069325,557.345,39.86543601918839
43,40,60,105,120,1.23805,0.0418633,4.0,6.0,100,10.0,0.6,0.4,0.6666666666666666,4ALG6HA,100,10.0,0.6,0.4,0.6666666666666666,1.05,2.625,1.75,4200,6300,10500,63.0,2400,0.24,2.0943951023931953,0.8660254037844387,-0.4999999999999998,12600,4800,7200,12000,282.372,32.09102315290056,0.6263533333333333,0.1265319256406593,0.6336433333333333,0.3047039019512769,343.8516666666667,10.256394363192799,480.3396666666667,10.669135735069325,557.345,39.86543601918839
44,40,60,75,120,1.18126,0.0479477,4.0,6.0,100,10.0,0.6,0.4,0.6666666666666666,4ALG6HA,100,10.0,0.6,0.4,0.6666666666666666,0.75,1.875,1.25,3000,4500,7500,45.0,2400,0.24,2.0943951023931953,0.8660254037844387,-0.4999999999999998,9000,4800,7200,12000,282.372,32.09102315290056,0.6263533333333333,0.1265319256406593,0.6336433333333333,0.3047039019512769,343.8516666666667,10.256394363192799,480.3396666666667,10.669135735069325,557.345,39.86543601918839
45,40,60,85,120,1.20002,0.0268969,4.0,6.0,100,10.0,0.6,0.4,0.6666666666666666,4ALG6HA,100,10.0,0.6,0.4,0.6666666666666666,0.85,2.125,1.4166666666666667,3400,5100,8500,51.0,2400,0.24,2.0943951023931953,0.8660254037844387,-0.4999999999999998,10200,4800,7200,12000,282.372,32.09102315290056,0.6263533333333333,0.1265319256406593,0.6336433333333333,0.3047039019512769,343.8516666666667,10.256394363192799,480.3396666666667,10.669135735069325,557.345,39.86543601918839
46,40,60,95,120,1.15453,0.0215345,4.0,6.0,100,10.0,0.6,0.4,0.6666666666666666,4ALG6HA,100,10.0,0.6,0.4,0.6666666666666666,0.95,2.375,1.5833333333333333,3800,5700,9500,57.0,2400,0.24,2.0943951023931953,0.8660254037844387,-0.4999999999999998,11400,4800,7200,12000,282.372,32.09102315290056,0.6263533333333333,0.1265319256406593,0.6336433333333333,0.3047039019512769,343.8516666666667,10.256394363192799,480.3396666666667,10.669135735069325,557.345,39.86543601918839
47,40,80,120,60,1.60113,0.0298627,4.0,8.0,120,12.0,0.6666666666666666,0.3333333333333333,0.5,4ALG8HA,120,12.0,0.6666666666666666,0.3333333333333333,0.5,1.0,3.0,1.5,4800,9600,14400,80.0,3200,0.2222222222222222,1.0471975511965976,0.8660254037844386,0.5000000000000001,7200,2400,4800,7200,592.6103333333334,148.4237045499583,0.83208,0.03255780811111217,0.672298,0.1917997737772388,476.7703333333333,12.100630162654051,577.1643333333333,11.709402817109474,567.7743333333333,19.17413644296233
48,40,80,130,60,1.95358,0.0216747,4.0,8.0,120,12.0,0.6666666666666666,0.3333333333333333,0.5,4ALG8HA,120,12.0,0.6666666666666666,0.3333333333333333,0.5,1.0833333333333333,3.25,1.625,5200,10400,15600,86.66666666666666,3200,0.2222222222222222,1.0471975511965976,0.8660254037844386,0.5000000000000001,7800,2400,4800,7200,592.6103333333334,148.4237045499583,0.83208,0.03255780811111217,0.672298,0.1917997737772388,476.7703333333333,12.100630162654051,577.1643333333333,11.709402817109474,567.7743333333333,19.17413644296233
49,40,80,140,60,1.82522,0.0133087,4.0,8.0,120,12.0,0.6666666666666666,0.3333333333333333,0.5,4ALG8HA,120,12.0,0.6666666666666666,0.3333333333333333,0.5,1.1666666666666667,3.5,1.75,5600,11200,16800,93.33333333333333,3200,0.2222222222222222,1.0471975511965976,0.8660254037844386,0.5000000000000001,8400,2400,4800,7200,592.6103333333334,148.4237045499583,0.83208,0.03255780811111217,0.672298,0.1917997737772388,476.7703333333333,12.100630162654051,577.1643333333333,11.709402817109474,567.7743333333333,19.17413644296233
50,40,80,150,60,1.92546,0.0219518,4.0,8.0,120,12.0,0.6666666666666666,0.3333333333333333,0.5,4ALG8HA,120,12.0,0.6666666666666666,0.3333333333333333,0.5,1.25,3.75,1.875,6000,12000,18000,100.0,3200,0.2222222222222222,1.0471975511965976,0.8660254037844386,0.5000000000000001,9000,2400,4800,7200,592.6103333333334,148.4237045499583,0.83208,0.03255780811111217,0.672298,0.1917997737772388,476.7703333333333,12.100630162654051,577.1643333333333,11.709402817109474,567.7743333333333,19.17413644296233
51,40,80,120,90,1.36288,0.0282561,4.0,8.0,120,12.0,0.6666666666666666,0.3333333333333333,0.5,4ALG8HA,120,12.0,0.6666666666666666,0.3333333333333333,0.5,1.0,3.0,1.5,4800,9600,14400,80.0,3200,0.2222222222222222,1.5707963267948966,1.0,6.123233995736766e-17,10800,3600,7200,10800,592.6103333333334,148.4237045499583,0.83208,0.03255780811111217,0.672298,0.1917997737772388,476.7703333333333,12.100630162654051,577.1643333333333,11.709402817109474,567.7743333333333,19.17413644296233
52,40,80,130,90,1.34172,0.0445454,4.0,8.0,120,12.0,0.6666666666666666,0.3333333333333333,0.5,4ALG8HA,120,12.0,0.6666666666666666,0.3333333333333333,0.5,1.0833333333333333,3.25,1.625,5200,10400,15600,86.66666666666666,3200,0.2222222222222222,1.5707963267948966,1.0,6.123233995736766e-17,11700,3600,7200,10800,592.6103333333334,148.4237045499583,0.83208,0.03255780811111217,0.672298,0.1917997737772388,476.7703333333333,12.100630162654051,577.1643333333333,11.709402817109474,567.7743333333333,19.17413644296233
53,40,80,150,90,1.42105,0.0145608,4.0,8.0,120,12.0,0.6666666666666666,0.3333333333333333,0.5,4ALG8HA,120,12.0,0.6666666666666666,0.3333333333333333,0.5,1.25,3.75,1.875,6000,12000,18000,100.0,3200,0.2222222222222222,1.5707963267948966,1.0,6.123233995736766e-17,13500,3600,7200,10800,592.6103333333334,148.4237045499583,0.83208,0.03255780811111217,0.672298,0.1917997737772388,476.7703333333333,12.100630162654051,577.1643333333333,11.709402817109474,567.7743333333333,19.17413644296233
54,40,80,110,120,1.22687,0.0203316,4.0,8.0,120,12.0,0.6666666666666666,0.3333333333333333,0.5,4ALG8HA,120,12.0,0.6666666666666666,0.3333333333333333,0.5,0.9166666666666666,2.75,1.375,4400,8800,13200,73.33333333333333,3200,0.2222222222222222,2.0943951023931953,0.8660254037844387,-0.4999999999999998,13200,4800,9600,14400,592.6103333333334,148.4237045499583,0.83208,0.03255780811111217,0.672298,0.1917997737772388,476.7703333333333,12.100630162654051,577.1643333333333,11.709402817109474,567.7743333333333,19.17413644296233
55,40,80,130,120,1.18756,0.0206974,4.0,8.0,120,12.0,0.6666666666666666,0.3333333333333333,0.5,4ALG8HA,120,12.0,0.6666666666666666,0.3333333333333333,0.5,1.0833333333333333,3.25,1.625,5200,10400,15600,86.66666666666666,3200,0.2222222222222222,2.0943951023931953,0.8660254037844387,-0.4999999999999998,15600,4800,9600,14400,592.6103333333334,148.4237045499583,0.83208,0.03255780811111217,0.672298,0.1917997737772388,476.7703333333333,12.100630162654051,577.1643333333333,11.709402817109474,567.7743333333333,19.17413644296233
56,40,80,140,120,1.18237,0.0173148,4.0,8.0,120,12.0,0.6666666666666666,0.3333333333333333,0.5,4ALG8HA,120,12.0,0.6666666666666666,0.3333333333333333,0.5,1.1666666666666667,3.5,1.75,5600,11200,16800,93.33333333333333,3200,0.2222222222222222,2.0943951023931953,0.8660254037844387,-0.4999999999999998,16800,4800,9600,14400,592.6103333333334,148.4237045499583,0.83208,0.03255780811111217,0.672298,0.1917997737772388,476.7703333333333,12.100630162654051,577.1643333333333,11.709402817109474,567.7743333333333,19.17413644296233
57,40,80,150,120,1.19584,0.0204479,4.0,8.0,120,12.0,0.6666666666666666,0.3333333333333333,0.5,4ALG8HA,120,12.0,0.6666666666666666,0.3333333333333333,0.5,1.25,3.75,1.875,6000,12000,18000,100.0,3200,0.2222222222222222,2.0943951023931953,0.8660254037844387,-0.4999999999999998,18000,4800,9600,14400,592.6103333333334,148.4237045499583,0.83208,0.03255780811111217,0.672298,0.1917997737772388,476.7703333333333,12.100630162654051,577.1643333333333,11.709402817109474,567.7743333333333,19.17413644296233
58,60,20,50,60,1.80075,0.120007,6.0,2.0,80,8.0,0.25,0.75,3.0,6ALG2HA,80,8.0,0.25,0.75,3.0,0.625,0.8333333333333334,2.5,3000,1000,4000,12.5,1200,0.1875,1.0471975511965976,0.8660254037844386,0.5000000000000001,3000,3600,1200,4800,55.21086666666667,21.06547381008396,0.5632186666666666,0.07190775624599433,0.18346433333333334,0.07726714006829381,69.5827,1.79429821378722,156.4706666666667,4.213302782062233,347.0943333333333,29.410819987435485
59,60,20,55,60,1.93806,0.0437234,6.0,2.0,80,8.0,0.25,0.75,3.0,6ALG2HA,80,8.0,0.25,0.75,3.0,0.6875,0.9166666666666666,2.75,3300,1100,4400,13.75,1200,0.1875,1.0471975511965976,0.8660254037844386,0.5000000000000001,3300,3600,1200,4800,55.21086666666667,21.06547381008396,0.5632186666666666,0.07190775624599433,0.18346433333333334,0.07726714006829381,69.5827,1.79429821378722,156.4706666666667,4.213302782062233,347.0943333333333,29.410819987435485
60,60,20,60,60,2.0106,0.0630045,6.0,2.0,80,8.0,0.25,0.75,3.0,6ALG2HA,80,8.0,0.25,0.75,3.0,0.75,1.0,3.0,3600,1200,4800,15.0,1200,0.1875,1.0471975511965976,0.8660254037844386,0.5000000000000001,3600,3600,1200,4800,55.21086666666667,21.06547381008396,0.5632186666666666,0.07190775624599433,0.18346433333333334,0.07726714006829381,69.5827,1.79429821378722,156.4706666666667,4.213302782062233,347.0943333333333,29.410819987435485
61,60,20,65,60,2.31133,0.0988328,6.0,2.0,80,8.0,0.25,0.75,3.0,6ALG2HA,80,8.0,0.25,0.75,3.0,0.8125,1.0833333333333333,3.25,3900,1300,5200,16.25,1200,0.1875,1.0471975511965976,0.8660254037844386,0.5000000000000001,3900,3600,1200,4800,55.21086666666667,21.06547381008396,0.5632186666666666,0.07190775624599433,0.18346433333333334,0.07726714006829381,69.5827,1.79429821378722,156.4706666666667,4.213302782062233,347.0943333333333,29.410819987435485
62,60,20,50,90,1.5134,0.0504629,6.0,2.0,80,8.0,0.25,0.75,3.0,6ALG2HA,80,8.0,0.25,0.75,3.0,0.625,0.8333333333333334,2.5,3000,1000,4000,12.5,1200,0.1875,1.5707963267948966,1.0,6.123233995736766e-17,4500,5400,1800,7200,55.21086666666667,21.06547381008396,0.5632186666666666,0.07190775624599433,0.18346433333333334,0.07726714006829381,69.5827,1.79429821378722,156.4706666666667,4.213302782062233,347.0943333333333,29.410819987435485
63,60,20,55,90,1.53985,0.0697319,6.0,2.0,80,8.0,0.25,0.75,3.0,6ALG2HA,80,8.0,0.25,0.75,3.0,0.6875,0.9166666666666666,2.75,3300,1100,4400,13.75,1200,0.1875,1.5707963267948966,1.0,6.123233995736766e-17,4950,5400,1800,7200,55.21086666666667,21.06547381008396,0.5632186666666666,0.07190775624599433,0.18346433333333334,0.07726714006829381,69.5827,1.79429821378722,156.4706666666667,4.213302782062233,347.0943333333333,29.410819987435485
64,60,20,60,90,1.49433,0.0310203,6.0,2.0,80,8.0,0.25,0.75,3.0,6ALG2HA,80,8.0,0.25,0.75,3.0,0.75,1.0,3.0,3600,1200,4800,15.0,1200,0.1875,1.5707963267948966,1.0,6.123233995736766e-17,5400,5400,1800,7200,55.21086666666667,21.06547381008396,0.5632186666666666,0.07190775624599433,0.18346433333333334,0.07726714006829381,69.5827,1.79429821378722,156.4706666666667,4.213302782062233,347.0943333333333,29.410819987435485
65,60,20,65,90,1.4624,0.0374672,6.0,2.0,80,8.0,0.25,0.75,3.0,6ALG2HA,80,8.0,0.25,0.75,3.0,0.8125,1.0833333333333333,3.25,3900,1300,5200,16.25,1200,0.1875,1.5707963267948966,1.0,6.123233995736766e-17,5850,5400,1800,7200,55.21086666666667,21.06547381008396,0.5632186666666666,0.07190775624599433,0.18346433333333334,0.07726714006829381,69.5827,1.79429821378722,156.4706666666667,4.213302782062233,347.0943333333333,29.410819987435485
66,60,20,70,90,1.62994,0.0274714,6.0,2.0,80,8.0,0.25,0.75,3.0,6ALG2HA,80,8.0,0.25,0.75,3.0,0.875,1.1666666666666667,3.5,4200,1400,5600,17.5,1200,0.1875,1.5707963267948966,1.0,6.123233995736766e-17,6300,5400,1800,7200,55.21086666666667,21.06547381008396,0.5632186666666666,0.07190775624599433,0.18346433333333334,0.07726714006829381,69.5827,1.79429821378722,156.4706666666667,4.213302782062233,347.0943333333333,29.410819987435485
67,60,20,50,120,1.09488,0.0162623,6.0,2.0,80,8.0,0.25,0.75,3.0,6ALG2HA,80,8.0,0.25,0.75,3.0,0.625,0.8333333333333334,2.5,3000,1000,4000,12.5,1200,0.1875,2.0943951023931953,0.8660254037844387,-0.4999999999999998,6000,7200,2400,9600,55.21086666666667,21.06547381008396,0.5632186666666666,0.07190775624599433,0.18346433333333334,0.07726714006829381,69.5827,1.79429821378722,156.4706666666667,4.213302782062233,347.0943333333333,29.410819987435485
68,60,20,55,120,1.21931,0.0365402,6.0,2.0,80,8.0,0.25,0.75,3.0,6ALG2HA,80,8.0,0.25,0.75,3.0,0.6875,0.9166666666666666,2.75,3300,1100,4400,13.75,1200,0.1875,2.0943951023931953,0.8660254037844387,-0.4999999999999998,6600,7200,2400,9600,55.21086666666667,21.06547381008396,0.5632186666666666,0.07190775624599433,0.18346433333333334,0.07726714006829381,69.5827,1.79429821378722,156.4706666666667,4.213302782062233,347.0943333333333,29.410819987435485
69,60,20,65,120,1.22121,0.00902439,6.0,2.0,80,8.0,0.25,0.75,3.0,6ALG2HA,80,8.0,0.25,0.75,3.0,0.8125,1.0833333333333333,3.25,3900,1300,5200,16.25,1200,0.1875,2.0943951023931953,0.8660254037844387,-0.4999999999999998,7800,7200,2400,9600,55.21086666666667,21.06547381008396,0.5632186666666666,0.07190775624599433,0.18346433333333334,0.07726714006829381,69.5827,1.79429821378722,156.4706666666667,4.213302782062233,347.0943333333333,29.410819987435485
70,60,20,70,120,1.27114,0.0290935,6.0,2.0,80,8.0,0.25,0.75,3.0,6ALG2HA,80,8.0,0.25,0.75,3.0,0.875,1.1666666666666667,3.5,4200,1400,5600,17.5,1200,0.1875,2.0943951023931953,0.8660254037844387,-0.4999999999999998,8400,7200,2400,9600,55.21086666666667,21.06547381008396,0.5632186666666666,0.07190775624599433,0.18346433333333334,0.07726714006829381,69.5827,1.79429821378722,156.4706666666667,4.213302782062233,347.0943333333333,29.410819987435485
71,60,40,95,60,2.36855,0.123116,6.0,4.0,100,10.0,0.4,0.6,1.5,6ALG4HA,100,10.0,0.4,0.6,1.5,0.95,1.5833333333333333,2.375,5700,3800,9500,38.0,2400,0.24,1.0471975511965976,0.8660254037844386,0.5000000000000001,5700,3600,2400,6000,245.63666666666666,80.74469995196796,0.6345706666666667,0.0644900660127848,0.7346953333333333,0.5109673616830466,239.34633333333332,37.14453368038607,352.2513333333333,52.609824598959996,552.6129999999999,26.21128985761678
72,60,40,100,60,1.56292,0.0428463,6.0,4.0,100,10.0,0.4,0.6,1.5,6ALG4HA,100,10.0,0.4,0.6,1.5,1.0,1.6666666666666667,2.5,6000,4000,10000,40.0,2400,0.24,1.0471975511965976,0.8660254037844386,0.5000000000000001,6000,3600,2400,6000,245.63666666666666,80.74469995196796,0.6345706666666667,0.0644900660127848,0.7346953333333333,0.5109673616830466,239.34633333333332,37.14453368038607,352.2513333333333,52.609824598959996,552.6129999999999,26.21128985761678
73,60,40,105,60,1.7423,0.0698619,6.0,4.0,100,10.0,0.4,0.6,1.5,6ALG4HA,100,10.0,0.4,0.6,1.5,1.05,1.75,2.625,6300,4200,10500,42.0,2400,0.24,1.0471975511965976,0.8660254037844386,0.5000000000000001,6300,3600,2400,6000,245.63666666666666,80.74469995196796,0.6345706666666667,0.0644900660127848,0.7346953333333333,0.5109673616830466,239.34633333333332,37.14453368038607,352.2513333333333,52.609824598959996,552.6129999999999,26.21128985761678
74,60,40,90,90,1.41795,0.0411236,6.0,4.0,100,10.0,0.4,0.6,1.5,6ALG4HA,100,10.0,0.4,0.6,1.5,0.9,1.5,2.25,5400,3600,9000,36.0,2400,0.24,1.5707963267948966,1.0,6.123233995736766e-17,8100,5400,3600,9000,245.63666666666666,80.74469995196796,0.6345706666666667,0.0644900660127848,0.7346953333333333,0.5109673616830466,239.34633333333332,37.14453368038607,352.2513333333333,52.609824598959996,552.6129999999999,26.21128985761678
75,60,40,95,90,1.31523,0.00945609,6.0,4.0,100,10.0,0.4,0.6,1.5,6ALG4HA,100,10.0,0.4,0.6,1.5,0.95,1.5833333333333333,2.375,5700,3800,9500,38.0,2400,0.24,1.5707963267948966,1.0,6.123233995736766e-17,8550,5400,3600,9000,245.63666666666666,80.74469995196796,0.6345706666666667,0.0644900660127848,0.7346953333333333,0.5109673616830466,239.34633333333332,37.14453368038607,352.2513333333333,52.609824598959996,552.6129999999999,26.21128985761678
76,60,40,100,90,1.32876,0.0307992,6.0,4.0,100,10.0,0.4,0.6,1.5,6ALG4HA,100,10.0,0.4,0.6,1.5,1.0,1.6666666666666667,2.5,6000,4000,10000,40.0,2400,0.24,1.5707963267948966,1.0,6.123233995736766e-17,9000,5400,3600,9000,245.63666666666666,80.74469995196796,0.6345706666666667,0.0644900660127848,0.7346953333333333,0.5109673616830466,239.34633333333332,37.14453368038607,352.2513333333333,52.609824598959996,552.6129999999999,26.21128985761678
77,60,40,105,90,1.46489,0.0155806,6.0,4.0,100,10.0,0.4,0.6,1.5,6ALG4HA,100,10.0,0.4,0.6,1.5,1.05,1.75,2.625,6300,4200,10500,42.0,2400,0.24,1.5707963267948966,1.0,6.123233995736766e-17,9450,5400,3600,9000,245.63666666666666,80.74469995196796,0.6345706666666667,0.0644900660127848,0.7346953333333333,0.5109673616830466,239.34633333333332,37.14453368038607,352.2513333333333,52.609824598959996,552.6129999999999,26.21128985761678
78,60,40,85,120,1.17845,0.0104487,6.0,4.0,100,10.0,0.4,0.6,1.5,6ALG4HA,100,10.0,0.4,0.6,1.5,0.85,1.4166666666666667,2.125,5100,3400,8500,34.0,2400,0.24,2.0943951023931953,0.8660254037844387,-0.4999999999999998,10200,7200,4800,12000,245.63666666666666,80.74469995196796,0.6345706666666667,0.0644900660127848,0.7346953333333333,0.5109673616830466,239.34633333333332,37.14453368038607,352.2513333333333,52.609824598959996,552.6129999999999,26.21128985761678
79,60,40,90,120,1.14397,0.0103393,6.0,4.0,100,10.0,0.4,0.6,1.5,6ALG4HA,100,10.0,0.4,0.6,1.5,0.9,1.5,2.25,5400,3600,9000,36.0,2400,0.24,2.0943951023931953,0.8660254037844387,-0.4999999999999998,10800,7200,4800,12000,245.63666666666666,80.74469995196796,0.6345706666666667,0.0644900660127848,0.7346953333333333,0.5109673616830466,239.34633333333332,37.14453368038607,352.2513333333333,52.609824598959996,552.6129999999999,26.21128985761678
80,60,40,95,120,1.19772,0.0201288,6.0,4.0,100,10.0,0.4,0.6,1.5,6ALG4HA,100,10.0,0.4,0.6,1.5,0.95,1.5833333333333333,2.375,5700,3800,9500,38.0,2400,0.24,2.0943951023931953,0.8660254037844387,-0.4999999999999998,11400,7200,4800,12000,245.63666666666666,80.74469995196796,0.6345706666666667,0.0644900660127848,0.7346953333333333,0.5109673616830466,239.34633333333332,37.14453368038607,352.2513333333333,52.609824598959996,552.6129999999999,26.21128985761678
81,60,40,100,120,1.16671,0.0273399,6.0,4.0,100,10.0,0.4,0.6,1.5,6ALG4HA,100,10.0,0.4,0.6,1.5,1.0,1.6666666666666667,2.5,6000,4000,10000,40.0,2400,0.24,2.0943951023931953,0.8660254037844387,-0.4999999999999998,12000,7200,4800,12000,245.63666666666666,80.74469995196796,0.6345706666666667,0.0644900660127848,0.7346953333333333,0.5109673616830466,239.34633333333332,37.14453368038607,352.2513333333333,52.609824598959996,552.6129999999999,26.21128985761678
82,60,40,105,120,1.11558,0.0117484,6.0,4.0,100,10.0,0.4,0.6,1.5,6ALG4HA,100,10.0,0.4,0.6,1.5,1.05,1.75,2.625,6300,4200,10500,42.0,2400,0.24,2.0943951023931953,0.8660254037844387,-0.4999999999999998,12600,7200,4800,12000,245.63666666666666,80.74469995196796,0.6345706666666667,0.0644900660127848,0.7346953333333333,0.5109673616830466,239.34633333333332,37.14453368038607,352.2513333333333,52.609824598959996,552.6129999999999,26.21128985761678
83,60,60,140,60,1.50363,0.047354,6.0,6.0,120,12.0,0.5,0.5,1.0,6ALG6HA,120,12.0,0.5,0.5,1.0,1.1666666666666667,2.3333333333333335,2.3333333333333335,8400,8400,16800,70.0,3600,0.25,1.0471975511965976,0.8660254037844386,0.5000000000000001,8400,3600,3600,7200,443.52866666666665,67.55642111844986,0.861236,0.02486331098224849,0.423928,0.11687134087961855,486.0876666666666,88.60083584443959,632.5566666666667,92.66123312547336,760.8486666666668,45.40990498044819
84,60,60,150,60,1.81434,0.0715356,6.0,6.0,120,12.0,0.5,0.5,1.0,6ALG6HA,120,12.0,0.5,0.5,1.0,1.25,2.5,2.5,9000,9000,18000,75.0,3600,0.25,1.0471975511965976,0.8660254037844386,0.5000000000000001,9000,3600,3600,7200,443.52866666666665,67.55642111844986,0.861236,0.02486331098224849,0.423928,0.11687134087961855,486.0876666666666,88.60083584443959,632.5566666666667,92.66123312547336,760.8486666666668,45.40990498044819
85,60,60,155,60,1.78987,0.0386035,6.0,6.0,120,12.0,0.5,0.5,1.0,6ALG6HA,120,12.0,0.5,0.5,1.0,1.2916666666666667,2.5833333333333335,2.5833333333333335,9300,9300,18600,77.5,3600,0.25,1.0471975511965976,0.8660254037844386,0.5000000000000001,9300,3600,3600,7200,443.52866666666665,67.55642111844986,0.861236,0.02486331098224849,0.423928,0.11687134087961855,486.0876666666666,88.60083584443959,632.5566666666667,92.66123312547336,760.8486666666668,45.40990498044819
86,60,60,160,60,1.70334,0.0283493,6.0,6.0,120,12.0,0.5,0.5,1.0,6ALG6HA,120,12.0,0.5,0.5,1.0,1.3333333333333333,2.6666666666666665,2.6666666666666665,9600,9600,19200,80.0,3600,0.25,1.0471975511965976,0.8660254037844386,0.5000000000000001,9600,3600,3600,7200,443.52866666666665,67.55642111844986,0.861236,0.02486331098224849,0.423928,0.11687134087961855,486.0876666666666,88.60083584443959,632.5566666666667,92.66123312547336,760.8486666666668,45.40990498044819
87,60,60,140,90,1.27302,0.0232889,6.0,6.0,120,12.0,0.5,0.5,1.0,6ALG6HA,120,12.0,0.5,0.5,1.0,1.1666666666666667,2.3333333333333335,2.3333333333333335,8400,8400,16800,70.0,3600,0.25,1.5707963267948966,1.0,6.123233995736766e-17,12600,5400,5400,10800,443.52866666666665,67.55642111844986,0.861236,0.02486331098224849,0.423928,0.11687134087961855,486.0876666666666,88.60083584443959,632.5566666666667,92.66123312547336,760.8486666666668,45.40990498044819
88,60,60,145,90,1.4647,0.0146547,6.0,6.0,120,12.0,0.5,0.5,1.0,6ALG6HA,120,12.0,0.5,0.5,1.0,1.2083333333333333,2.4166666666666665,2.4166666666666665,8700,8700,17400,72.5,3600,0.25,1.5707963267948966,1.0,6.123233995736766e-17,13050,5400,5400,10800,443.52866666666665,67.55642111844986,0.861236,0.02486331098224849,0.423928,0.11687134087961855,486.0876666666666,88.60083584443959,632.5566666666667,92.66123312547336,760.8486666666668,45.40990498044819
89,60,60,150,90,1.62833,0.0337752,6.0,6.0,120,12.0,0.5,0.5,1.0,6ALG6HA,120,12.0,0.5,0.5,1.0,1.25,2.5,2.5,9000,9000,18000,75.0,3600,0.25,1.5707963267948966,1.0,6.123233995736766e-17,13500,5400,5400,10800,443.52866666666665,67.55642111844986,0.861236,0.02486331098224849,0.423928,0.11687134087961855,486.0876666666666,88.60083584443959,632.5566666666667,92.66123312547336,760.8486666666668,45.40990498044819
90,60,60,155,90,1.49292,0.0278472,6.0,6.0,120,12.0,0.5,0.5,1.0,6ALG6HA,120,12.0,0.5,0.5,1.0,1.2916666666666667,2.5833333333333335,2.5833333333333335,9300,9300,18600,77.5,3600,0.25,1.5707963267948966,1.0,6.123233995736766e-17,13950,5400,5400,10800,443.52866666666665,67.55642111844986,0.861236,0.02486331098224849,0.423928,0.11687134087961855,486.0876666666666,88.60083584443959,632.5566666666667,92.66123312547336,760.8486666666668,45.40990498044819
91,60,60,160,90,1.54228,0.0432433,6.0,6.0,120,12.0,0.5,0.5,1.0,6ALG6HA,120,12.0,0.5,0.5,1.0,1.3333333333333333,2.6666666666666665,2.6666666666666665,9600,9600,19200,80.0,3600,0.25,1.5707963267948966,1.0,6.123233995736766e-17,14400,5400,5400,10800,443.52866666666665,67.55642111844986,0.861236,0.02486331098224849,0.423928,0.11687134087961855,486.0876666666666,88.60083584443959,632.5566666666667,92.66123312547336,760.8486666666668,45.40990498044819
92,60,60,140,120,1.20107,0.00993045,6.0,6.0,120,12.0,0.5,0.5,1.0,6ALG6HA,120,12.0,0.5,0.5,1.0,1.1666666666666667,2.3333333333333335,2.3333333333333335,8400,8400,16800,70.0,3600,0.25,2.0943951023931953,0.8660254037844387,-0.4999999999999998,16800,7200,7200,14400,443.52866666666665,67.55642111844986,0.861236,0.02486331098224849,0.423928,0.11687134087961855,486.0876666666666,88.60083584443959,632.5566666666667,92.66123312547336,760.8486666666668,45.40990498044819
93,60,60,145,120,1.21688,0.0252817,6.0,6.0,120,12.0,0.5,0.5,1.0,6ALG6HA,120,12.0,0.5,0.5,1.0,1.2083333333333333,2.4166666666666665,2.4166666666666665,8700,8700,17400,72.5,3600,0.25,2.0943951023931953,0.8660254037844387,-0.4999999999999998,17400,7200,7200,14400,443.52866666666665,67.55642111844986,0.861236,0.02486331098224849,0.423928,0.11687134087961855,486.0876666666666,88.60083584443959,632.5566666666667,92.66123312547336,760.8486666666668,45.40990498044819
94,60,60,150,120,1.30275,0.00780293,6.0,6.0,120,12.0,0.5,0.5,1.0,6ALG6HA,120,12.0,0.5,0.5,1.0,1.25,2.5,2.5,9000,9000,18000,75.0,3600,0.25,2.0943951023931953,0.8660254037844387,-0.4999999999999998,18000,7200,7200,14400,443.52866666666665,67.55642111844986,0.861236,0.02486331098224849,0.423928,0.11687134087961855,486.0876666666666,88.60083584443959,632.5566666666667,92.66123312547336,760.8486666666668,45.40990498044819
95,60,60,155,120,1.35987,0.0105086,6.0,6.0,120,12.0,0.5,0.5,1.0,6ALG6HA,120,12.0,0.5,0.5,1.0,1.2916666666666667,2.5833333333333335,2.5833333333333335,9300,9300,18600,77.5,3600,0.25,2.0943951023931953,0.8660254037844387,-0.4999999999999998,18600,7200,7200,14400,443.52866666666665,67.55642111844986,0.861236,0.02486331098224849,0.423928,0.11687134087961855,486.0876666666666,88.60083584443959,632.5566666666667,92.66123312547336,760.8486666666668,45.40990498044819
96,60,60,160,120,1.16353,0.0154409,6.0,6.0,120,12.0,0.5,0.5,1.0,6ALG6HA,120,12.0,0.5,0.5,1.0,1.3333333333333333,2.6666666666666665,2.6666666666666665,9600,9600,19200,80.0,3600,0.25,2.0943951023931953,0.8660254037844387,-0.4999999999999998,19200,7200,7200,14400,443.52866666666665,67.55642111844986,0.861236,0.02486331098224849,0.423928,0.11687134087961855,486.0876666666666,88.60083584443959,632.5566666666667,92.66123312547336,760.8486666666668,45.40990498044819
