Baseline,Held_out_formulation,Index,Observed,Predicted,Error,Abs_error,Target
AF: angle-only linear,1ALG8HA,0,2.29017,1.8765606379310347,-0.41360936206896515,0.41360936206896515,AF
AF: angle-only linear,1ALG8HA,1,1.7596,1.8765606379310347,0.11696063793103462,0.11696063793103462,AF
AF: angle-only linear,1ALG8HA,2,1.80526,1.8765606379310347,0.07130063793103458,0.07130063793103458,AF
AF: angle-only linear,1ALG8HA,3,1.29597,1.5178546206896553,0.2218846206896552,0.2218846206896552,AF
AF: angle-only linear,1ALG8HA,4,1.75407,1.8765606379310347,0.12249063793103465,0.12249063793103465,AF
AF: angle-only linear,1ALG8HA,5,1.28243,1.5178546206896553,0.2354246206896553,0.2354246206896553,AF
AF: angle-only linear,1ALG8HA,6,1.30412,1.5178546206896553,0.21373462068965532,0.21373462068965532,AF
AF: angle-only linear,1ALG8HA,7,1.38795,1.5178546206896553,0.12990462068965525,0.12990462068965525,AF
AF: angle-only linear,1ALG8HA,8,1.05256,1.1591486034482759,0.10658860344827592,0.10658860344827592,AF
AF: angle-only linear,1ALG8HA,9,1.17187,1.1591486034482759,-0.012721396551724107,0.012721396551724107,AF
AF: angle-only linear,1ALG8HA,10,1.17573,1.1591486034482759,-0.01658139655172408,0.01658139655172408,AF
AF: angle-only linear,1ALG8HA,11,1.28156,1.1591486034482759,-0.12241139655172417,0.12241139655172417,AF
AF: angle-only linear,2ALG8HA,12,2.04975,1.8725859211653817,-0.17716407883461827,0.17716407883461827,AF
AF: angle-only linear,2ALG8HA,13,1.87831,1.8725859211653817,-0.005724078834618229,0.005724078834618229,AF
AF: angle-only linear,2ALG8HA,14,1.74885,1.8725859211653817,0.12373592116538168,0.12373592116538168,AF
AF: angle-only linear,2ALG8HA,15,1.4926,1.5117672836332479,0.019167283633247933,0.019167283633247933,AF
AF: angle-only linear,2ALG8HA,16,1.39505,1.5117672836332479,0.11671728363324796,0.11671728363324796,AF
AF: angle-only linear,2ALG8HA,17,1.44103,1.5117672836332479,0.07073728363324783,0.07073728363324783,AF
AF: angle-only linear,2ALG8HA,18,1.42223,1.5117672836332479,0.08953728363324776,0.08953728363324776,AF
AF: angle-only linear,2ALG8HA,19,1.2125,1.150948646101114,-0.061551353898885885,0.061551353898885885,AF
AF: angle-only linear,2ALG8HA,20,1.19111,1.150948646101114,-0.040161353898885865,0.040161353898885865,AF
AF: angle-only linear,2ALG8HA,21,1.16533,1.150948646101114,-0.014381353898885951,0.014381353898885951,AF
AF: angle-only linear,2ALG8HA,22,1.16534,1.150948646101114,-0.014391353898886017,0.014391353898886017,AF
AF: angle-only linear,2ALG8HA,23,1.20579,1.150948646101114,-0.05484135389888589,0.05484135389888589,AF
AF: angle-only linear,4ALG4HA,24,1.80422,1.8468179520137102,0.042597952013710305,0.042597952013710305,AF
AF: angle-only linear,4ALG4HA,25,2.44505,1.8468179520137102,-0.5982320479862899,0.5982320479862899,AF
AF: angle-only linear,4ALG4HA,26,2.14773,1.8468179520137102,-0.3009120479862899,0.3009120479862899,AF
AF: angle-only linear,4ALG4HA,27,1.55854,1.5034650856898026,-0.0550749143101974,0.0550749143101974,AF
AF: angle-only linear,4ALG4HA,28,1.38725,1.5034650856898026,0.11621508568980254,0.11621508568980254,AF
AF: angle-only linear,4ALG4HA,29,1.36564,1.5034650856898026,0.13782508568980267,0.13782508568980267,AF
AF: angle-only linear,4ALG4HA,30,1.52016,1.5034650856898026,-0.016694914310197317,0.016694914310197317,AF
AF: angle-only linear,4ALG4HA,31,1.21458,1.1601122193658953,-0.054467780634104734,0.054467780634104734,AF
AF: angle-only linear,4ALG4HA,32,1.18475,1.1601122193658953,-0.02463778063410471,0.02463778063410471,AF
AF: angle-only linear,4ALG4HA,33,1.00068,1.1601122193658953,0.15943221936589524,0.15943221936589524,AF
AF: angle-only linear,4ALG4HA,34,1.15143,1.1601122193658953,0.008682219365895305,0.008682219365895305,AF
AF: angle-only linear,4ALG4HA,35,1.18045,1.1601122193658953,-0.02033778063410474,0.02033778063410474,AF
AF: angle-only linear,4ALG6HA,36,1.97211,1.8586139501339378,-0.11349604986606221,0.11349604986606221,AF
AF: angle-only linear,4ALG6HA,37,2.18925,1.8586139501339378,-0.3306360498660621,0.3306360498660621,AF
AF: angle-only linear,4ALG6HA,38,1.94988,1.8586139501339378,-0.09126604986606224,0.09126604986606224,AF
AF: angle-only linear,4ALG6HA,39,1.45212,1.5063483618380384,0.054228361838038364,0.054228361838038364,AF
AF: angle-only linear,4ALG6HA,40,1.42363,1.5063483618380384,0.08271836183803849,0.08271836183803849,AF
AF: angle-only linear,4ALG6HA,41,1.35048,1.5063483618380384,0.15586836183803854,0.15586836183803854,AF
AF: angle-only linear,4ALG6HA,42,1.23805,1.1540827735421388,-0.08396722645786125,0.08396722645786125,AF
AF: angle-only linear,4ALG6HA,43,1.18126,1.1540827735421388,-0.027177226457861137,0.027177226457861137,AF
AF: angle-only linear,4ALG6HA,44,1.20002,1.1540827735421388,-0.04593722645786125,0.04593722645786125,AF
AF: angle-only linear,4ALG6HA,45,1.15453,1.1540827735421388,-0.0004472264578612162,0.0004472264578612162,AF
AF: angle-only linear,4ALG8HA,46,1.60113,1.8823155217206136,0.2811855217206136,0.2811855217206136,AF
AF: angle-only linear,4ALG8HA,47,1.95358,1.8823155217206136,-0.07126447827938653,0.07126447827938653,AF
AF: angle-only linear,4ALG8HA,48,1.82522,1.8823155217206136,0.057095521720613496,0.057095521720613496,AF
AF: angle-only linear,4ALG8HA,49,1.92546,1.8823155217206136,-0.04314447827938639,0.04314447827938639,AF
AF: angle-only linear,4ALG8HA,50,1.36288,1.5164115502555366,0.15353155025553655,0.15353155025553655,AF
AF: angle-only linear,4ALG8HA,51,1.34172,1.5164115502555366,0.17469155025553662,0.17469155025553662,AF
AF: angle-only linear,4ALG8HA,52,1.42105,1.5164115502555366,0.09536155025553672,0.09536155025553672,AF
AF: angle-only linear,4ALG8HA,53,1.22687,1.1505075787904597,-0.07636242120954018,0.07636242120954018,AF
AF: angle-only linear,4ALG8HA,54,1.18756,1.1505075787904597,-0.03705242120954022,0.03705242120954022,AF
AF: angle-only linear,4ALG8HA,55,1.18237,1.1505075787904597,-0.03186242120954019,0.03186242120954019,AF
AF: angle-only linear,4ALG8HA,56,1.19584,1.1505075787904597,-0.045332421209540286,0.045332421209540286,AF
AF: angle-only linear,6ALG2HA,57,1.80075,1.8501347731239093,0.04938477312390921,0.04938477312390921,AF
AF: angle-only linear,6ALG2HA,58,1.93806,1.8501347731239093,-0.08792522687609061,0.08792522687609061,AF
AF: angle-only linear,6ALG2HA,59,2.0106,1.8501347731239093,-0.16046522687609088,0.16046522687609088,AF
AF: angle-only linear,6ALG2HA,60,2.31133,1.8501347731239093,-0.4611952268760906,0.4611952268760906,AF
AF: angle-only linear,6ALG2HA,61,1.5134,1.4998385514834205,-0.013561448516579588,0.013561448516579588,AF
AF: angle-only linear,6ALG2HA,62,1.53985,1.4998385514834205,-0.04001144851657945,0.04001144851657945,AF
AF: angle-only linear,6ALG2HA,63,1.49433,1.4998385514834205,0.005508551483420554,0.005508551483420554,AF
AF: angle-only linear,6ALG2HA,64,1.4624,1.4998385514834205,0.03743855148342057,0.03743855148342057,AF
AF: angle-only linear,6ALG2HA,65,1.62994,1.4998385514834205,-0.13010144851657945,0.13010144851657945,AF
AF: angle-only linear,6ALG2HA,66,1.09488,1.149542329842932,0.054662329842931845,0.054662329842931845,AF
AF: angle-only linear,6ALG2HA,67,1.21931,1.149542329842932,-0.06976767015706797,0.06976767015706797,AF
AF: angle-only linear,6ALG2HA,68,1.22121,1.149542329842932,-0.07166767015706799,0.07166767015706799,AF
AF: angle-only linear,6ALG2HA,69,1.27114,1.149542329842932,-0.12159767015706802,0.12159767015706802,AF
AF: angle-only linear,6ALG4HA,70,2.36855,1.8748387746358186,-0.4937112253641813,0.4937112253641813,AF
AF: angle-only linear,6ALG4HA,71,1.56292,1.8748387746358186,0.3119187746358185,0.3119187746358185,AF
AF: angle-only linear,6ALG4HA,72,1.7423,1.8748387746358186,0.13253877463581865,0.13253877463581865,AF
AF: angle-only linear,6ALG4HA,73,1.41795,1.5159714738646102,0.09802147386461013,0.09802147386461013,AF
AF: angle-only linear,6ALG4HA,74,1.31523,1.5159714738646102,0.20074147386461028,0.20074147386461028,AF
AF: angle-only linear,6ALG4HA,75,1.32876,1.5159714738646102,0.18721147386461023,0.18721147386461023,AF
AF: angle-only linear,6ALG4HA,76,1.46489,1.5159714738646102,0.05108147386461015,0.05108147386461015,AF
AF: angle-only linear,6ALG4HA,77,1.17845,1.157104173093402,-0.02134582690659803,0.02134582690659803,AF
AF: angle-only linear,6ALG4HA,78,1.14397,1.157104173093402,0.013134173093402035,0.013134173093402035,AF
AF: angle-only linear,6ALG4HA,79,1.19772,1.157104173093402,-0.04061582690659793,0.04061582690659793,AF
AF: angle-only linear,6ALG4HA,80,1.16671,1.157104173093402,-0.009605826906597947,0.009605826906597947,AF
AF: angle-only linear,6ALG4HA,81,1.11558,1.157104173093402,0.04152417309340195,0.04152417309340195,AF
AF: angle-only linear,6ALG6HA,82,1.50363,1.8974913248150638,0.39386132481506375,0.39386132481506375,AF
AF: angle-only linear,6ALG6HA,83,1.81434,1.8974913248150638,0.08315132481506371,0.08315132481506371,AF
AF: angle-only linear,6ALG6HA,84,1.78987,1.8974913248150638,0.1076213248150637,0.1076213248150637,AF
AF: angle-only linear,6ALG6HA,85,1.70334,1.8974913248150638,0.1941513248150637,0.1941513248150637,AF
AF: angle-only linear,6ALG6HA,86,1.27302,1.5170487558843309,0.24402875588433082,0.24402875588433082,AF
AF: angle-only linear,6ALG6HA,87,1.4647,1.5170487558843309,0.052348755884330966,0.052348755884330966,AF
AF: angle-only linear,6ALG6HA,88,1.62833,1.5170487558843309,-0.1112812441156692,0.1112812441156692,AF
AF: angle-only linear,6ALG6HA,89,1.49292,1.5170487558843309,0.024128755884330833,0.024128755884330833,AF
AF: angle-only linear,6ALG6HA,90,1.54228,1.5170487558843309,-0.025231244115669238,0.025231244115669238,AF
AF: angle-only linear,6ALG6HA,91,1.20107,1.1366061869535977,-0.06446381304640236,0.06446381304640236,AF
AF: angle-only linear,6ALG6HA,92,1.21688,1.1366061869535977,-0.08027381304640224,0.08027381304640224,AF
AF: angle-only linear,6ALG6HA,93,1.30275,1.1366061869535977,-0.16614381304640236,0.16614381304640236,AF
AF: angle-only linear,6ALG6HA,94,1.35987,1.1366061869535977,-0.2232638130464022,0.2232638130464022,AF
AF: angle-only linear,6ALG6HA,95,1.16353,1.1366061869535977,-0.026923813046402234,0.026923813046402234,AF
AF: angle-only categorical mean,1ALG8HA,0,2.29017,1.91817625,-0.3719937499999999,0.3719937499999999,AF
AF: angle-only categorical mean,1ALG8HA,1,1.7596,1.91817625,0.15857624999999986,0.15857624999999986,AF
AF: angle-only categorical mean,1ALG8HA,2,1.80526,1.91817625,0.11291624999999983,0.11291624999999983,AF
AF: angle-only categorical mean,1ALG8HA,3,1.29597,1.4465135714285713,0.15054357142857122,0.15054357142857122,AF
AF: angle-only categorical mean,1ALG8HA,4,1.75407,1.91817625,0.1641062499999999,0.1641062499999999,AF
AF: angle-only categorical mean,1ALG8HA,5,1.28243,1.4465135714285713,0.16408357142857133,0.16408357142857133,AF
AF: angle-only categorical mean,1ALG8HA,6,1.30412,1.4465135714285713,0.14239357142857134,0.14239357142857134,AF
AF: angle-only categorical mean,1ALG8HA,7,1.38795,1.4465135714285713,0.05856357142857127,0.05856357142857127,AF
AF: angle-only categorical mean,1ALG8HA,8,1.05256,1.1903603125,0.13780031250000002,0.13780031250000002,AF
AF: angle-only categorical mean,1ALG8HA,9,1.17187,1.1903603125,0.018490312499999995,0.018490312499999995,AF
AF: angle-only categorical mean,1ALG8HA,10,1.17573,1.1903603125,0.01463031250000002,0.01463031250000002,AF
AF: angle-only categorical mean,1ALG8HA,11,1.28156,1.1903603125,-0.09119968750000007,0.09119968750000007,AF
AF: angle-only categorical mean,2ALG8HA,12,2.04975,1.9187367999999998,-0.13101320000000016,0.13101320000000016,AF
AF: angle-only categorical mean,2ALG8HA,13,1.87831,1.9187367999999998,0.040426799999999874,0.040426799999999874,AF
AF: angle-only categorical mean,2ALG8HA,14,1.74885,1.9187367999999998,0.16988679999999978,0.16988679999999978,AF
AF: angle-only categorical mean,2ALG8HA,15,1.4926,1.4293549999999997,-0.06324500000000022,0.06324500000000022,AF
AF: angle-only categorical mean,2ALG8HA,16,1.39505,1.4293549999999997,0.03430499999999981,0.03430499999999981,AF
AF: angle-only categorical mean,2ALG8HA,17,1.44103,1.4293549999999997,-0.011675000000000324,0.011675000000000324,AF
AF: angle-only categorical mean,2ALG8HA,18,1.42223,1.4293549999999997,0.007124999999999604,0.007124999999999604,AF
AF: angle-only categorical mean,2ALG8HA,19,1.2125,1.1881670967741937,-0.02433290322580617,0.02433290322580617,AF
AF: angle-only categorical mean,2ALG8HA,20,1.19111,1.1881670967741937,-0.0029429032258061483,0.0029429032258061483,AF
AF: angle-only categorical mean,2ALG8HA,21,1.16533,1.1881670967741937,0.022837096774193766,0.022837096774193766,AF
AF: angle-only categorical mean,2ALG8HA,22,1.16534,1.1881670967741937,0.0228270967741937,0.0228270967741937,AF
AF: angle-only categorical mean,2ALG8HA,23,1.20579,1.1881670967741937,-0.017622903225806175,0.017622903225806175,AF
AF: angle-only categorical mean,4ALG4HA,24,1.80422,1.8899331999999998,0.08571319999999982,0.08571319999999982,AF
AF: angle-only categorical mean,4ALG4HA,25,2.44505,1.8899331999999998,-0.5551168000000004,0.5551168000000004,AF
AF: angle-only categorical mean,4ALG4HA,26,2.14773,1.8899331999999998,-0.2577968000000004,0.2577968000000004,AF
AF: angle-only categorical mean,4ALG4HA,27,1.55854,1.4264735714285712,-0.1320664285714288,0.1320664285714288,AF
AF: angle-only categorical mean,4ALG4HA,28,1.38725,1.4264735714285712,0.039223571428571136,0.039223571428571136,AF
AF: angle-only categorical mean,4ALG4HA,29,1.36564,1.4264735714285712,0.060833571428571265,0.060833571428571265,AF
AF: angle-only categorical mean,4ALG4HA,30,1.52016,1.4264735714285712,-0.09368642857142873,0.09368642857142873,AF
AF: angle-only categorical mean,4ALG4HA,31,1.21458,1.1948825806451615,-0.019697419354838486,0.019697419354838486,AF
AF: angle-only categorical mean,4ALG4HA,32,1.18475,1.1948825806451615,0.010132580645161537,0.010132580645161537,AF
AF: angle-only categorical mean,4ALG4HA,33,1.00068,1.1948825806451615,0.1942025806451615,0.1942025806451615,AF
AF: angle-only categorical mean,4ALG4HA,34,1.15143,1.1948825806451615,0.043452580645161554,0.043452580645161554,AF
AF: angle-only categorical mean,4ALG4HA,35,1.18045,1.1948825806451615,0.014432580645161508,0.014432580645161508,AF
AF: angle-only categorical mean,4ALG6HA,36,1.97211,1.9013636,-0.07074639999999999,0.07074639999999999,AF
AF: angle-only categorical mean,4ALG6HA,37,2.18925,1.9013636,-0.2878863999999999,0.2878863999999999,AF
AF: angle-only categorical mean,4ALG6HA,38,1.94988,1.9013636,-0.048516400000000015,0.048516400000000015,AF
AF: angle-only categorical mean,4ALG6HA,39,1.45212,1.432642068965517,-0.01947793103448303,0.01947793103448303,AF
AF: angle-only categorical mean,4ALG6HA,40,1.42363,1.432642068965517,0.009012068965517095,0.009012068965517095,AF
AF: angle-only categorical mean,4ALG6HA,41,1.35048,1.432642068965517,0.08216206896551714,0.08216206896551714,AF
AF: angle-only categorical mean,4ALG6HA,42,1.23805,1.1874809375,-0.05056906250000015,0.05056906250000015,AF
AF: angle-only categorical mean,4ALG6HA,43,1.18126,1.1874809375,0.006220937499999968,0.006220937499999968,AF
AF: angle-only categorical mean,4ALG6HA,44,1.20002,1.1874809375,-0.012539062500000142,0.012539062500000142,AF
AF: angle-only categorical mean,4ALG6HA,45,1.15453,1.1874809375,0.03295093749999989,0.03295093749999989,AF
AF: angle-only categorical mean,4ALG8HA,46,1.60113,1.9308308333333333,0.32970083333333333,0.32970083333333333,AF
AF: angle-only categorical mean,4ALG8HA,47,1.95358,1.9308308333333333,-0.02274916666666682,0.02274916666666682,AF
AF: angle-only categorical mean,4ALG8HA,48,1.82522,1.9308308333333333,0.10561083333333321,0.10561083333333321,AF
AF: angle-only categorical mean,4ALG8HA,49,1.92546,1.9308308333333333,0.005370833333333325,0.005370833333333325,AF
AF: angle-only categorical mean,4ALG8HA,50,1.36288,1.436110344827586,0.07323034482758595,0.07323034482758595,AF
AF: angle-only categorical mean,4ALG8HA,51,1.34172,1.436110344827586,0.09439034482758601,0.09439034482758601,AF
AF: angle-only categorical mean,4ALG8HA,52,1.42105,1.436110344827586,0.015060344827586114,0.015060344827586114,AF
AF: angle-only categorical mean,4ALG8HA,53,1.22687,1.1868940625,-0.03997593749999995,0.03997593749999995,AF
AF: angle-only categorical mean,4ALG8HA,54,1.18756,1.1868940625,-0.0006659374999999912,0.0006659374999999912,AF
AF: angle-only categorical mean,4ALG8HA,55,1.18237,1.1868940625,0.004524062500000037,0.004524062500000037,AF
AF: angle-only categorical mean,4ALG8HA,56,1.19584,1.1868940625,-0.008945937500000056,0.008945937500000056,AF
AF: angle-only categorical mean,6ALG2HA,57,1.80075,1.8993579166666665,0.09860791666666646,0.09860791666666646,AF
AF: angle-only categorical mean,6ALG2HA,58,1.93806,1.8993579166666665,-0.03870208333333336,0.03870208333333336,AF
AF: angle-only categorical mean,6ALG2HA,59,2.0106,1.8993579166666665,-0.11124208333333363,0.11124208333333363,AF
AF: angle-only categorical mean,6ALG2HA,60,2.31133,1.8993579166666665,-0.41197208333333335,0.41197208333333335,AF
AF: angle-only categorical mean,6ALG2HA,61,1.5134,1.4123307407407406,-0.10106925925925947,0.10106925925925947,AF
AF: angle-only categorical mean,6ALG2HA,62,1.53985,1.4123307407407406,-0.12751925925925933,0.12751925925925933,AF
AF: angle-only categorical mean,6ALG2HA,63,1.49433,1.4123307407407406,-0.08199925925925933,0.08199925925925933,AF
AF: angle-only categorical mean,6ALG2HA,64,1.4624,1.4123307407407406,-0.05006925925925931,0.05006925925925931,AF
AF: angle-only categorical mean,6ALG2HA,65,1.62994,1.4123307407407406,-0.21760925925925934,0.21760925925925934,AF
AF: angle-only categorical mean,6ALG2HA,66,1.09488,1.1864596875,0.0915796874999999,0.0915796874999999,AF
AF: angle-only categorical mean,6ALG2HA,67,1.21931,1.1864596875,-0.03285031249999992,0.03285031249999992,AF
AF: angle-only categorical mean,6ALG2HA,68,1.22121,1.1864596875,-0.034750312499999936,0.034750312499999936,AF
AF: angle-only categorical mean,6ALG2HA,69,1.27114,1.1864596875,-0.08468031249999997,0.08468031249999997,AF
AF: angle-only categorical mean,6ALG4HA,70,2.36855,1.9188623999999999,-0.4496876000000001,0.4496876000000001,AF
AF: angle-only categorical mean,6ALG4HA,71,1.56292,1.9188623999999999,0.35594239999999977,0.35594239999999977,AF
AF: angle-only categorical mean,6ALG4HA,72,1.7423,1.9188623999999999,0.1765623999999999,0.1765623999999999,AF
AF: angle-only categorical mean,6ALG4HA,73,1.41795,1.437357857142857,0.019407857142856866,0.019407857142856866,AF
AF: angle-only categorical mean,6ALG4HA,74,1.31523,1.437357857142857,0.12212785714285701,0.12212785714285701,AF
AF: angle-only categorical mean,6ALG4HA,75,1.32876,1.437357857142857,0.10859785714285697,0.10859785714285697,AF
AF: angle-only categorical mean,6ALG4HA,76,1.46489,1.437357857142857,-0.027532142857143116,0.027532142857143116,AF
AF: angle-only categorical mean,6ALG4HA,77,1.17845,1.1926070967741937,0.014157096774193745,0.014157096774193745,AF
AF: angle-only categorical mean,6ALG4HA,78,1.14397,1.1926070967741937,0.04863709677419381,0.04863709677419381,AF
AF: angle-only categorical mean,6ALG4HA,79,1.19772,1.1926070967741937,-0.0051129032258061535,0.0051129032258061535,AF
AF: angle-only categorical mean,6ALG4HA,80,1.16671,1.1926070967741937,0.02589709677419383,0.02589709677419383,AF
AF: angle-only categorical mean,6ALG4HA,81,1.11558,1.1926070967741937,0.07702709677419373,0.07702709677419373,AF
AF: angle-only categorical mean,6ALG6HA,82,1.50363,1.9514229166666668,0.44779291666666676,0.44779291666666676,AF
AF: angle-only categorical mean,6ALG6HA,83,1.81434,1.9514229166666668,0.13708291666666672,0.13708291666666672,AF
AF: angle-only categorical mean,6ALG6HA,84,1.78987,1.9514229166666668,0.1615529166666667,0.1615529166666667,AF
AF: angle-only categorical mean,6ALG6HA,85,1.70334,1.9514229166666668,0.2480829166666667,0.2480829166666667,AF
AF: angle-only categorical mean,6ALG6HA,86,1.27302,1.4211703703703704,0.14815037037037038,0.14815037037037038,AF
AF: angle-only categorical mean,6ALG6HA,87,1.4647,1.4211703703703704,-0.043529629629629474,0.043529629629629474,AF
AF: angle-only categorical mean,6ALG6HA,88,1.62833,1.4211703703703704,-0.20715962962962964,0.20715962962962964,AF
AF: angle-only categorical mean,6ALG6HA,89,1.49292,1.4211703703703704,-0.07174962962962961,0.07174962962962961,AF
AF: angle-only categorical mean,6ALG6HA,90,1.54228,1.4211703703703704,-0.12110962962962968,0.12110962962962968,AF
AF: angle-only categorical mean,6ALG6HA,91,1.20107,1.178359677419355,-0.022710322580645093,0.022710322580645093,AF
AF: angle-only categorical mean,6ALG6HA,92,1.21688,1.178359677419355,-0.03852032258064497,0.03852032258064497,AF
AF: angle-only categorical mean,6ALG6HA,93,1.30275,1.178359677419355,-0.12439032258064509,0.12439032258064509,AF
AF: angle-only categorical mean,6ALG6HA,94,1.35987,1.178359677419355,-0.18151032258064492,0.18151032258064492,AF
AF: angle-only categorical mean,6ALG6HA,95,1.16353,1.178359677419355,0.014829677419355036,0.014829677419355036,AF
Qm: P/TP linear,1ALG8HA,0,0.735,0.866175594687831,0.13117559468783102,0.13117559468783102,Qm
Qm: P/TP linear,1ALG8HA,1,0.851,0.9243680142499604,0.07336801424996042,0.07336801424996042,Qm
Qm: P/TP linear,1ALG8HA,2,1.074,0.9825604338120898,-0.09143956618791027,0.09143956618791027,Qm
Qm: P/TP linear,1ALG8HA,3,1.375,1.0407528533742192,-0.3342471466257808,0.3342471466257808,Qm
Qm: P/TP linear,1ALG8HA,4,1.834,1.0989452729363487,-0.7350547270636514,0.7350547270636514,Qm
Qm: P/TP linear,2ALG8HA,5,0.293,0.9977790610525795,0.7047790610525795,0.7047790610525795,Qm
Qm: P/TP linear,2ALG8HA,6,0.507,1.0850909620443905,0.5780909620443905,0.5780909620443905,Qm
Qm: P/TP linear,2ALG8HA,7,0.767,1.1724028630362016,0.40540286303620154,0.40540286303620154,Qm
Qm: P/TP linear,2ALG8HA,8,1.144,1.2597147640280126,0.11571476402801273,0.11571476402801273,Qm
Qm: P/TP linear,2ALG8HA,9,1.438,1.3470266650198237,-0.09097333498017623,0.09097333498017623,Qm
Qm: P/TP linear,4ALG4HA,10,0.778,0.6382955519630727,-0.13970444803692728,0.13970444803692728,Qm
Qm: P/TP linear,4ALG4HA,11,1.134,0.725268624367778,-0.40873137563222195,0.40873137563222195,Qm
Qm: P/TP linear,4ALG4HA,12,1.797,0.8122416967724833,-0.9847583032275167,0.9847583032275167,Qm
Qm: P/TP linear,4ALG4HA,13,2.403,0.8992147691771886,-1.5037852308228115,1.5037852308228115,Qm
Qm: P/TP linear,4ALG4HA,14,2.881,0.9861878415818939,-1.894812158418106,1.894812158418106,Qm
Qm: P/TP linear,4ALG6HA,15,0.658,0.936165208305028,0.278165208305028,0.278165208305028,Qm
Qm: P/TP linear,4ALG6HA,16,0.874,0.9891763210355347,0.11517632103553466,0.11517632103553466,Qm
Qm: P/TP linear,4ALG6HA,17,1.363,1.042187433766041,-0.32081256623395893,0.32081256623395893,Qm
Qm: P/TP linear,4ALG6HA,18,2.547,1.095198546496548,-1.4518014535034522,1.4518014535034522,Qm
Qm: P/TP linear,4ALG6HA,19,3.336,1.1482096592270543,-2.1877903407729455,2.1877903407729455,Qm
Qm: P/TP linear,4ALG8HA,20,0.811,1.10496711711122,0.29396711711122003,0.29396711711122003,Qm
Qm: P/TP linear,4ALG8HA,21,0.942,1.1883966348885497,0.2463966348885498,0.2463966348885498,Qm
Qm: P/TP linear,4ALG8HA,22,1.163,1.2718261526658794,0.10882615266587936,0.10882615266587936,Qm
Qm: P/TP linear,4ALG8HA,23,1.45,1.3552556704432095,-0.09474432955679046,0.09474432955679046,Qm
Qm: P/TP linear,4ALG8HA,24,1.616,1.4386851882205391,-0.17731481177946096,0.17731481177946096,Qm
Qm: P/TP linear,6ALG2HA,25,0.395,0.9832844570816678,0.5882844570816678,0.5882844570816678,Qm
Qm: P/TP linear,6ALG2HA,26,0.522,1.0304169612271736,0.5084169612271736,0.5084169612271736,Qm
Qm: P/TP linear,6ALG2HA,27,0.612,1.0775494653726798,0.4655494653726798,0.4655494653726798,Qm
Qm: P/TP linear,6ALG2HA,28,0.769,1.1246819695181856,0.35568196951818554,0.35568196951818554,Qm
Qm: P/TP linear,6ALG2HA,29,1.048,1.1718144736636915,0.12381447366369147,0.12381447366369147,Qm
Qm: P/TP linear,6ALG4HA,30,0.506,1.0702648735854603,0.5642648735854603,0.5642648735854603,Qm
Qm: P/TP linear,6ALG4HA,31,0.665,1.1202027984102993,0.4552027984102993,0.4552027984102993,Qm
Qm: P/TP linear,6ALG4HA,32,0.871,1.1701407232351384,0.2991407232351384,0.2991407232351384,Qm
Qm: P/TP linear,6ALG4HA,33,1.084,1.2200786480599772,0.13607864805997716,0.13607864805997716,Qm
Qm: P/TP linear,6ALG4HA,34,1.076,1.2700165728848163,0.19401657288481622,0.19401657288481622,Qm
Qm: P/TP linear,6ALG6HA,35,0.644,1.8243108392006566,1.1803108392006565,1.1803108392006565,Qm
Qm: P/TP linear,6ALG6HA,36,0.689,1.9300943104308113,1.2410943104308112,1.2410943104308112,Qm
Qm: P/TP linear,6ALG6HA,37,0.768,2.0358777816609663,1.2678777816609663,1.2678777816609663,Qm
Qm: P/TP linear,6ALG6HA,38,0.918,2.1416612528911214,1.2236612528911213,1.2236612528911213,Qm
Qm: P/TP linear,6ALG6HA,39,1.027,2.2474447241212756,1.2204447241212757,1.2204447241212757,Qm
Qm: P/TP power law,1ALG8HA,0,0.735,0.6913809990540303,-0.04361900094596971,0.04361900094596971,Qm
Qm: P/TP power law,1ALG8HA,1,0.851,0.7555002497475362,-0.09549975025246382,0.09549975025246382,Qm
Qm: P/TP power law,1ALG8HA,2,1.074,0.8205276905368329,-0.2534723094631671,0.2534723094631671,Qm
Qm: P/TP power law,1ALG8HA,3,1.375,0.8864142919703136,-0.48858570802968637,0.48858570802968637,Qm
Qm: P/TP power law,1ALG8HA,4,1.834,0.9531165965795907,-0.8808834034204094,0.8808834034204094,Qm
Qm: P/TP power law,2ALG8HA,5,0.293,0.8469488286031082,0.5539488286031082,0.5539488286031082,Qm
Qm: P/TP power law,2ALG8HA,6,0.507,0.9444174026194546,0.4374174026194546,0.4374174026194546,Qm
Qm: P/TP power law,2ALG8HA,7,0.767,1.0404062529116427,0.27340625291164267,0.27340625291164267,Qm
Qm: P/TP power law,2ALG8HA,8,1.144,1.1350908320737731,-0.008909167926226758,0.008909167926226758,Qm
Qm: P/TP power law,2ALG8HA,9,1.438,1.2286110494120952,-0.20938895058790474,0.20938895058790474,Qm
Qm: P/TP power law,4ALG4HA,10,0.778,0.5613823432369583,-0.21661765676304168,0.21661765676304168,Qm
Qm: P/TP power law,4ALG4HA,11,1.134,0.6379873923170218,-0.49601260768297806,0.49601260768297806,Qm
Qm: P/TP power law,4ALG4HA,12,1.797,0.7176558381355767,-1.0793441618644233,1.0793441618644233,Qm
Qm: P/TP power law,4ALG4HA,13,2.403,0.8002602627614746,-1.6027397372385255,1.6027397372385255,Qm
Qm: P/TP power law,4ALG4HA,14,2.881,0.8856874515500818,-1.9953125484499181,1.9953125484499181,Qm
Qm: P/TP power law,4ALG6HA,15,0.658,0.7688477560975853,0.11084775609758524,0.11084775609758524,Qm
Qm: P/TP power law,4ALG6HA,16,0.874,0.8548271936203805,-0.01917280637961949,0.01917280637961949,Qm
Qm: P/TP power law,4ALG6HA,17,1.363,0.939268507109518,-0.42373149289048195,0.42373149289048195,Qm
Qm: P/TP power law,4ALG6HA,18,2.547,1.0223576131402334,-1.5246423868597667,1.5246423868597667,Qm
Qm: P/TP power law,4ALG6HA,19,3.336,1.1042423955772613,-2.2317576044227385,2.2317576044227385,Qm
Qm: P/TP power law,4ALG8HA,20,0.811,0.9566932980818991,0.14569329808189901,0.14569329808189901,Qm
Qm: P/TP power law,4ALG8HA,21,0.942,1.0487044078997032,0.10670440789970326,0.10670440789970326,Qm
Qm: P/TP power law,4ALG8HA,22,1.163,1.1411414220172043,-0.02185857798279578,0.02185857798279578,Qm
Qm: P/TP power law,4ALG8HA,23,1.45,1.2339732620194548,-0.21602673798054517,0.21602673798054517,Qm
Qm: P/TP power law,4ALG8HA,24,1.616,1.3271731870490673,-0.2888268129509328,0.2888268129509328,Qm
Qm: P/TP power law,6ALG2HA,25,0.395,0.7998521494442059,0.4048521494442059,0.4048521494442059,Qm
Qm: P/TP power law,6ALG2HA,26,0.522,0.8583326167205607,0.3363326167205607,0.3363326167205607,Qm
Qm: P/TP power law,6ALG2HA,27,0.612,0.9158980009214872,0.3038980009214872,0.3038980009214872,Qm
Qm: P/TP power law,6ALG2HA,28,0.769,0.9726315627123305,0.20363156271233052,0.20363156271233052,Qm
Qm: P/TP power law,6ALG2HA,29,1.048,1.0286035972876155,-0.01939640271238452,0.01939640271238452,Qm
Qm: P/TP power law,6ALG4HA,30,0.506,0.9107090944901212,0.40470909449012116,0.40470909449012116,Qm
Qm: P/TP power law,6ALG4HA,31,0.665,0.9683798678959297,0.30337986789592963,0.30337986789592963,Qm
Qm: P/TP power law,6ALG4HA,32,0.871,1.0262890579374888,0.15528905793748882,0.15528905793748882,Qm
Qm: P/TP power law,6ALG4HA,33,1.084,1.0844250139387208,0.0004250139387207419,0.0004250139387207419,Qm
Qm: P/TP power law,6ALG4HA,34,1.076,1.1427772106436267,0.06677721064362663,0.06677721064362663,Qm
Qm: P/TP power law,6ALG6HA,35,0.644,1.7583562396279335,1.1143562396279334,1.1143562396279334,Qm
Qm: P/TP power law,6ALG6HA,36,0.689,1.8954329191162045,1.2064329191162044,1.2064329191162044,Qm
Qm: P/TP power law,6ALG6HA,37,0.768,2.0380020585572436,1.2700020585572436,1.2700020585572436,Qm
Qm: P/TP power law,6ALG6HA,38,0.918,2.1860896455961583,1.268089645596158,1.268089645596158,Qm
Qm: P/TP power law,6ALG6HA,39,1.027,2.339720932371883,1.3127209323718831,1.3127209323718831,Qm
