R2,MAE,RMSE,Spearman,Baseline,Split,N_test,Target
0.8101733998884192,0.11505796926454437,0.15348096456153174,0.901127113779166,AF: angle-only linear,1,20,AF
0.7897987976619939,0.10100076466240823,0.1481115975700483,0.9318911162960933,AF: angle-only linear,2,19,AF
0.7744728968238666,0.10826162578947376,0.16801886343520672,0.9370539874727583,AF: angle-only linear,3,19,AF
0.8589915907380372,0.08282529817323087,0.10622922526944364,0.9319579520643996,AF: angle-only linear,4,19,AF
0.6232611047466612,0.15740159135030202,0.2000271276485703,0.9403246919632544,AF: angle-only linear,5,19,AF
0.8314833552452906,0.08234686399268355,0.13303166371122377,0.9431191251430151,AF: angle-only linear,6,20,AF
0.6732868849564262,0.15951454502801313,0.22626022855039638,0.9127149228630763,AF: angle-only linear,7,19,AF
0.8435516542969254,0.08885672999999997,0.10942390202974045,0.9176629354822471,AF: angle-only linear,8,19,AF
0.74749232321411,0.12315425896028415,0.1629031182453774,0.9214785982417301,AF: angle-only linear,9,19,AF
0.79006659690887,0.09745478049584057,0.1259809076658433,0.9271726499455307,AF: angle-only linear,10,19,AF
0.77703488591464,0.11630188482023969,0.14922996852684972,0.9258981852194723,AF: angle-only linear,11,20,AF
0.7340293716315132,0.13177013122390446,0.17315415889999125,0.9271726499455307,AF: angle-only linear,12,19,AF
0.7674822752133188,0.09634134910855743,0.14738197886297827,0.910465468000326,AF: angle-only linear,13,19,AF
0.7183044946898461,0.12727226438824327,0.18593852050780546,0.8707154319342923,AF: angle-only linear,14,19,AF
0.8348273351176305,0.08645767386484923,0.12724993778823274,0.910465468000326,AF: angle-only linear,15,19,AF
0.7926515717346413,0.10219559100642397,0.1618599851109531,0.9327551787128722,AF: angle-only linear,16,20,AF
0.7306428066517136,0.13794865900383146,0.1893046152129493,0.8960136351749239,AF: angle-only linear,17,19,AF
0.75503179879092,0.07486205609736431,0.09679064063009492,0.8289687127164758,AF: angle-only linear,18,19,AF
0.6022357947995343,0.14359742736842102,0.18182336907366686,0.8855675046445848,AF: angle-only linear,19,19,AF
0.8294238322316266,0.09323625244153516,0.135348507408712,0.9318911162960933,AF: angle-only linear,20,19,AF
0.7679839289780668,0.106022794117647,0.17389770442526586,0.901127113779166,AF: angle-only linear,21,20,AF
0.8318194899606812,0.10496086664028477,0.14570289360095406,0.92153677055947,AF: angle-only linear,22,19,AF
0.747425831609391,0.12409011522890072,0.19488757180827937,0.9318911162960933,AF: angle-only linear,23,19,AF
0.6125355920870776,0.13599670263157895,0.16049719256581335,0.9005453905582353,AF: angle-only linear,24,19,AF
0.7693185325051233,0.09820642525884385,0.11881857496351556,0.9291303503922633,AF: angle-only linear,25,19,AF
0.6573021702894943,0.13418037483355535,0.179054334047601,0.9042538120584978,AF: angle-only linear,26,20,AF
0.7960795334471065,0.11715600677003718,0.14765512909273498,0.9056353783927013,AF: angle-only linear,27,19,AF
0.7166665795517215,0.10961739918339954,0.164980297970328,0.8009740658667003,AF: angle-only linear,28,19,AF
0.6989742884171275,0.09420348231827118,0.12976530351910956,0.9110072505344377,AF: angle-only linear,29,19,AF
0.7929523175516999,0.10625542544089639,0.16516162161885847,0.9370539874727583,AF: angle-only linear,30,19,AF
0.7206818704822405,0.12230903448275861,0.168240254387421,0.8897917302988777,AF: angle-only linear,31,20,AF
0.8483501922280982,0.07987857280746433,0.09394696344834806,0.9061195459645198,AF: angle-only linear,32,19,AF
0.6785775659734024,0.1424790756078011,0.21674451467372008,0.9189365834726815,AF: angle-only linear,33,19,AF
0.7479722277167704,0.14365061669324813,0.18820177155552598,0.9318911162960933,AF: angle-only linear,34,19,AF
0.8049389736568022,0.09087074049314794,0.11168459018044564,0.8874366792335794,AF: angle-only linear,35,19,AF
0.6836688147500511,0.13481136778155214,0.1798296099999468,0.8984744328285529,AF: angle-only linear,36,20,AF
0.8795409116951841,0.08591509320456435,0.11244568581871212,0.9370539874727583,AF: angle-only linear,37,19,AF
0.7744502730591616,0.10988635223793537,0.16477365084814763,0.8726207744239074,AF: angle-only linear,38,19,AF
0.8029299576867108,0.11290896789473691,0.16193821602249409,0.9370539874727583,AF: angle-only linear,39,19,AF
0.6649512890747813,0.11844277659218883,0.1605811204224353,0.9139273263748802,AF: angle-only linear,40,19,AF
0.7652758254986757,0.12377757129251694,0.1773775757049614,0.9379228369755693,AF: angle-only linear,41,20,AF
0.7431247475144831,0.11966117434383017,0.20914400785951912,0.9370539874727583,AF: angle-only linear,42,19,AF
0.8319789254892814,0.09610786131996654,0.11873173010275208,0.9370539874727583,AF: angle-only linear,43,19,AF
0.5388694830598346,0.11640771507600037,0.15101449641439707,0.8443714014880317,AF: angle-only linear,44,19,AF
0.8024142587631504,0.10175901497112519,0.1319101801868897,0.9310278543078483,AF: angle-only linear,45,19,AF
0.7159477951195501,0.12164130658436219,0.18897363445576273,0.9403246919632544,AF: angle-only linear,46,20,AF
0.8358288821563598,0.09118305013436119,0.11947883327146652,0.9431191251430151,AF: angle-only linear,47,19,AF
0.47434261244359377,0.11288658149449014,0.14399550747932444,0.8297866496519577,AF: angle-only linear,48,19,AF
0.8727654163677271,0.08825435764501506,0.11622974109273537,0.9431191251430151,AF: angle-only linear,49,19,AF
0.7020526114651024,0.14034610753104512,0.20478897698015325,0.9239483372983142,AF: angle-only linear,50,19,AF
0.8616978916702972,0.07474074186991866,0.12113484021787542,0.9306800811953776,AF: angle-only linear,51,20,AF
0.6378307434159831,0.14342341066659473,0.16666779815731714,0.8846313867749818,AF: angle-only linear,52,19,AF
0.6490088330053685,0.11580354218880537,0.1469239522580714,0.9127149228630763,AF: angle-only linear,53,19,AF
0.832883921021997,0.08996896517305557,0.14396433638283615,0.9370539874727583,AF: angle-only linear,54,19,AF
0.6993449467764671,0.14310883899233307,0.21338831019267726,0.9248043889897674,AF: angle-only linear,55,19,AF
0.8200793030162559,0.10908624964518862,0.16960991081442758,0.9184819119375138,AF: angle-only linear,56,20,AF
0.8366943205435696,0.08537894338921898,0.13825056733627392,0.9403246919632544,AF: angle-only linear,57,19,AF
0.7358491035585847,0.11319102039171434,0.17394988120367297,0.8821211094979319,AF: angle-only linear,58,19,AF
0.4317489758131332,0.14435410213546168,0.17516224980712133,0.9030102200599506,AF: angle-only linear,59,19,AF
0.7359202358948516,0.11652286600781428,0.1512894534650197,0.900142938616707,AF: angle-only linear,60,19,AF
0.6023286081414425,0.14612637499999986,0.17921638950470678,0.8725125761206663,AF: angle-only linear,61,20,AF
0.8494805242728766,0.0813255583266912,0.10611338132872425,0.9271726499455307,AF: angle-only linear,62,19,AF
0.8005022852470078,0.1020497410865874,0.16735820760012446,0.9403246919632544,AF: angle-only linear,63,19,AF
0.765875950360557,0.10957716427093232,0.15632869495521048,0.9017943683050847,AF: angle-only linear,64,19,AF
0.7437894679925499,0.140874283625731,0.19179224183585972,0.9370539874727583,AF: angle-only linear,65,19,AF
0.6932418177123484,0.14226851582014977,0.17528126725482004,0.9028451594245268,AF: angle-only linear,66,20,AF
0.7034913187449148,0.13204303473632786,0.21160612216774755,0.9271726499455307,AF: angle-only linear,67,19,AF
0.7259336281592758,0.1075867563215964,0.14625139853205218,0.9074172081913474,AF: angle-only linear,68,19,AF
0.789835233531243,0.10935844240085398,0.14368823227911123,0.9310278543078483,AF: angle-only linear,69,19,AF
0.9020294301444477,0.06671285714285707,0.08781853396250901,0.8865466216058249,AF: angle-only linear,70,19,AF
0.7064420841529124,0.14488672446890197,0.17889430548335125,0.9144716935825524,AF: angle-only linear,71,20,AF
0.841625950143219,0.0997120989681692,0.13255875804727302,0.9431191251430151,AF: angle-only linear,72,19,AF
0.732396463538947,0.11985672529606946,0.16319631429181808,0.9267566909071238,AF: angle-only linear,73,19,AF
0.8499040637752105,0.08237684723726967,0.10586379880731979,0.8865466216058249,AF: angle-only linear,74,19,AF
0.7113084110893193,0.11052742447835566,0.19341494378325816,0.9318911162960933,AF: angle-only linear,75,19,AF
0.776935505328783,0.11895141155934837,0.16936435508841766,0.9274429232787588,AF: angle-only linear,76,20,AF
0.6466286541820689,0.12532584595892934,0.16539834158459282,0.8970628624547242,AF: angle-only linear,77,19,AF
0.8123652505688208,0.09979425101214572,0.11894368257358995,0.9318911162960933,AF: angle-only linear,78,19,AF
0.9415437580197379,0.05963652153850328,0.06795932872468362,0.9431191251430151,AF: angle-only linear,79,19,AF
0.6942597698674549,0.1541536275483381,0.2222089937007368,0.910465468000326,AF: angle-only linear,80,19,AF
0.8301681413462119,0.0848804363847944,0.12657796161174437,0.9274429232787588,AF: angle-only linear,81,20,AF
0.6950335682590816,0.13518932748538012,0.18591012064799867,0.91084268712387,AF: angle-only linear,82,19,AF
0.7758886868928301,0.10342785782144896,0.13686274684958724,0.9087055081506172,AF: angle-only linear,83,19,AF
0.8074129600058128,0.1254561459540923,0.17107643963787655,0.9214785982417301,AF: angle-only linear,84,19,AF
0.7401472311520751,0.10114882832080199,0.1567786765621333,0.9370539874727583,AF: angle-only linear,85,19,AF
0.7879625328192521,0.09626839403292181,0.17039874779581834,0.9403246919632544,AF: angle-only linear,86,20,AF
0.717075653957826,0.13355369683780657,0.19984068345753234,0.9153192157693594,AF: angle-only linear,87,19,AF
0.7215846805228221,0.10121499074992621,0.11864608069818541,0.8751410999486388,AF: angle-only linear,88,19,AF
0.611453207646474,0.12454826709243301,0.1651720231842674,0.9205954664015952,AF: angle-only linear,89,19,AF
0.8025673980585211,0.1254603149920255,0.153894306157574,0.9318911162960933,AF: angle-only linear,90,19,AF
0.7354212129961715,0.11672675770456975,0.19240489081623383,0.9403246919632544,AF: angle-only linear,91,20,AF
0.8669795178601323,0.08134447601993139,0.09934141093954531,0.9318911162960933,AF: angle-only linear,92,19,AF
0.41826780143531084,0.1109486948368547,0.14965023178569775,0.8683645648826647,AF: angle-only linear,93,19,AF
0.7848697068109748,0.12018245243252734,0.18729418759409355,0.9176629354822471,AF: angle-only linear,94,19,AF
0.7774398962696087,0.12430215080175532,0.15291351067082093,0.8902480939926005,AF: angle-only linear,95,19,AF
0.7756044560201915,0.12573396205059922,0.16450517981051116,0.9379228369755693,AF: angle-only linear,96,20,AF
0.8328606241491594,0.10347997229916896,0.15397632893694474,0.9318911162960933,AF: angle-only linear,97,19,AF
0.7163876755072787,0.07827387923490431,0.11346973223089843,0.8935345522705681,AF: angle-only linear,98,19,AF
0.7848741788556538,0.12531761653741055,0.16570089772563054,0.9248844551679173,AF: angle-only linear,99,19,AF
0.640654733462493,0.12302363370140511,0.18164778801962883,0.9248043889897674,AF: angle-only linear,100,19,AF
0.8448196300370971,0.09554019304347822,0.1387696128496556,0.901127113779166,AF: angle-only categorical mean,1,20,AF
0.8344473362578626,0.07614197894736842,0.13144363323434494,0.9318911162960933,AF: angle-only categorical mean,2,19,AF
0.8190238716199065,0.0984061290322581,0.15051137330110576,0.9370539874727583,AF: angle-only categorical mean,3,19,AF
0.8241178761707972,0.08612152018580337,0.11864033331308924,0.9319579520643996,AF: angle-only categorical mean,4,19,AF
0.6558805923640041,0.14005720019403345,0.19117154585491838,0.9403246919632544,AF: angle-only categorical mean,5,19,AF
0.8376277289947353,0.0730632896551724,0.1305838753818131,0.9431191251430151,AF: angle-only categorical mean,6,20,AF
0.7207916554341194,0.1382398412698412,0.20916505740971628,0.9127149228630763,AF: angle-only categorical mean,7,19,AF
0.8955283599992703,0.07205310955165693,0.08941819853472549,0.9176629354822471,AF: angle-only categorical mean,8,19,AF
0.7838026748076665,0.11815869856459331,0.15073609588720932,0.9214785982417301,AF: angle-only categorical mean,9,19,AF
0.7767812468552661,0.08944956606492074,0.12990602651406313,0.9271726499455307,AF: angle-only categorical mean,10,19,AF
0.7888164146426796,0.10199001935483878,0.14523378914823873,0.9258981852194723,AF: angle-only categorical mean,11,20,AF
0.7270791778963148,0.13482749368705674,0.17540195226000155,0.9271726499455307,AF: angle-only categorical mean,12,19,AF
0.8314447454055043,0.07539412563667233,0.1254837529406459,0.910465468000326,AF: angle-only categorical mean,13,19,AF
0.7573301305851463,0.11383386900584791,0.17257875851530702,0.8707154319342923,AF: angle-only categorical mean,14,19,AF
0.8728814064370256,0.06961580896686156,0.11163311165994177,0.910465468000326,AF: angle-only categorical mean,15,19,AF
0.8179478314700589,0.09910876171529621,0.15166558705511396,0.9327551787128722,AF: angle-only categorical mean,16,20,AF
0.7452656652725391,0.13858378167641325,0.18409443313787274,0.8960136351749239,AF: angle-only categorical mean,17,19,AF
0.8849111736273281,0.052851787374418945,0.06634299727849317,0.8289687127164758,AF: angle-only categorical mean,18,19,AF
0.5988526157502813,0.13658194628800743,0.18259498014297876,0.8855675046445848,AF: angle-only categorical mean,19,19,AF
0.885917745165629,0.06425983634085211,0.11068871417829598,0.9318911162960933,AF: angle-only categorical mean,20,19,AF
0.8089125471143613,0.09090451851851848,0.15781595245227,0.901127113779166,AF: angle-only categorical mean,21,20,AF
0.8473779498804825,0.0854043609022557,0.1387998464426481,0.92153677055947,AF: angle-only categorical mean,22,19,AF
0.7766007663253196,0.12333159558378713,0.18328651692923323,0.9318911162960933,AF: angle-only categorical mean,23,19,AF
0.6765690824790698,0.10439085828574368,0.1466365719048664,0.9005453905582353,AF: angle-only categorical mean,24,19,AF
0.7309044578663794,0.10904519185059414,0.12833089947789095,0.9291303503922633,AF: angle-only categorical mean,25,19,AF
0.6421415364280987,0.13588696193548383,0.18297207242785643,0.9042538120584978,AF: angle-only categorical mean,26,20,AF
0.8563556362658717,0.10110398891966761,0.12392599786636066,0.9056353783927013,AF: angle-only categorical mean,27,19,AF
0.7738539585429491,0.0802684275907159,0.14739327760645118,0.8009740658667003,AF: angle-only categorical mean,28,19,AF
0.6833584611444836,0.08807675413533836,0.13308856267124283,0.9110072505344377,AF: angle-only categorical mean,29,19,AF
0.8375961572027042,0.09168957671957671,0.1462756720471796,0.9370539874727583,AF: angle-only categorical mean,30,19,AF
0.6793347896553212,0.12323277047619044,0.18026286793017604,0.8897917302988777,AF: angle-only categorical mean,31,20,AF
0.8709922810385795,0.0669294736842105,0.08665021876598154,0.9061195459645198,AF: angle-only categorical mean,32,19,AF
0.7264589540557833,0.1337685122807018,0.1999499381294772,0.9189365834726815,AF: angle-only categorical mean,33,19,AF
0.7997424613318842,0.11734640350877186,0.16776213475492283,0.9318911162960933,AF: angle-only categorical mean,34,19,AF
0.8579460543741568,0.07602817967077587,0.09530916241147583,0.8874366792335794,AF: angle-only categorical mean,35,19,AF
0.7309461385751506,0.10848261103448276,0.16584783738710274,0.8984744328285529,AF: angle-only categorical mean,36,20,AF
0.8806439485870154,0.08199498503784552,0.11192967251125759,0.9370539874727583,AF: angle-only categorical mean,37,19,AF
0.7644732711613752,0.1107093511961723,0.1683785292372387,0.8726207744239074,AF: angle-only categorical mean,38,19,AF
0.8572391754642849,0.09207180531975104,0.13782994076111424,0.9370539874727583,AF: angle-only categorical mean,39,19,AF
0.7195217561036267,0.10715961246032323,0.14692310499178604,0.9139273263748802,AF: angle-only categorical mean,40,19,AF
0.7981986993422648,0.1132247645502645,0.16446814163441786,0.9379228369755693,AF: angle-only categorical mean,41,20,AF
0.7834140782092957,0.09918283891547047,0.19204340832162473,0.9370539874727583,AF: angle-only categorical mean,42,19,AF
0.8711095834984062,0.08389781998474448,0.10399087461621408,0.9370539874727583,AF: angle-only categorical mean,43,19,AF
0.5837715737031401,0.10141942581453635,0.14347379145889058,0.8443714014880317,AF: angle-only categorical mean,44,19,AF
0.8016899956410699,0.09797320802005008,0.1321517216275064,0.9310278543078483,AF: angle-only categorical mean,45,19,AF
0.7358943682941571,0.13259681666666662,0.1822178694565969,0.9403246919632544,AF: angle-only categorical mean,46,20,AF
0.8511030272505135,0.07364704009239403,0.11378513507699554,0.9431191251430151,AF: angle-only categorical mean,47,19,AF
0.5929015811411503,0.08004435627530364,0.1267206127848818,0.8297866496519577,AF: angle-only categorical mean,48,19,AF
0.9072912039336362,0.07043430127041742,0.09921450148608948,0.9431191251430151,AF: angle-only categorical mean,49,19,AF
0.733042032679996,0.13697688167689706,0.19384661796568062,0.9239483372983142,AF: angle-only categorical mean,50,19,AF
0.8867449624303259,0.06527233928571421,0.10961839391563927,0.9306800811953776,AF: angle-only categorical mean,51,20,AF
0.7179284266904014,0.1096454095103981,0.14708743266253496,0.8846313867749818,AF: angle-only categorical mean,52,19,AF
0.6036606047301378,0.12464617810831427,0.15612704141376638,0.9127149228630763,AF: angle-only categorical mean,53,19,AF
0.850364849347548,0.08983979103276592,0.1362268183697479,0.9370539874727583,AF: angle-only categorical mean,54,19,AF
0.7467100856710118,0.12931769529085865,0.19585980556524196,0.9248043889897674,AF: angle-only categorical mean,55,19,AF
0.8540765168417442,0.10189793659003828,0.15274719972720982,0.9184819119375138,AF: angle-only categorical mean,56,20,AF
0.8740895491298462,0.06528392188116468,0.1213939847293466,0.9403246919632544,AF: angle-only categorical mean,57,19,AF
0.791617509658737,0.09936718398560505,0.15450007834992355,0.8821211094979319,AF: angle-only categorical mean,58,19,AF
0.3686516342870826,0.1363592511278194,0.18463113157479058,0.9030102200599506,AF: angle-only categorical mean,59,19,AF
0.7538619298365935,0.1040461037376049,0.14605972812092438,0.900142938616707,AF: angle-only categorical mean,60,19,AF
0.5370817281671268,0.14561032142857144,0.1933604778549666,0.8725125761206663,AF: angle-only categorical mean,61,20,AF
0.9236580207702005,0.057435592382077245,0.07557105980330167,0.9271726499455307,AF: angle-only categorical mean,62,19,AF
0.8346877747274026,0.09639752023988017,0.15234581880206344,0.9403246919632544,AF: angle-only categorical mean,63,19,AF
0.7759853745653376,0.09627282256644958,0.15291633315353528,0.9017943683050847,AF: angle-only categorical mean,64,19,AF
0.7941746584677911,0.12045899084668193,0.171902411375635,0.9370539874727583,AF: angle-only categorical mean,65,19,AF
0.6929841097299622,0.1440902076023392,0.17535487881791695,0.9028451594245268,AF: angle-only categorical mean,66,20,AF
0.7545133138726571,0.11994031076991228,0.19254111990244382,0.9271726499455307,AF: angle-only categorical mean,67,19,AF
0.7597536733381061,0.08817822456140352,0.1369306061017139,0.9074172081913474,AF: angle-only categorical mean,68,19,AF
0.7894888888382907,0.0964015080007711,0.14380658030517832,0.9310278543078483,AF: angle-only categorical mean,69,19,AF
0.9378031218775421,0.0526351461988304,0.06997173761115008,0.8865466216058249,AF: angle-only categorical mean,70,19,AF
0.7695162743237336,0.12149953519668735,0.158514776008281,0.9144716935825524,AF: angle-only categorical mean,71,20,AF
0.8750272724738429,0.09054515288220553,0.11775355827000868,0.9431191251430151,AF: angle-only categorical mean,72,19,AF
0.7233881254184177,0.12124990356325593,0.1659204175201067,0.9267566909071238,AF: angle-only categorical mean,73,19,AF
0.853583739058988,0.05748952301743861,0.10455809525902707,0.8865466216058249,AF: angle-only categorical mean,74,19,AF
0.749063645529521,0.10209860556563824,0.18032450664109076,0.9318911162960933,AF: angle-only categorical mean,75,19,AF
0.8166958948525298,0.10448621407407402,0.1535298706176742,0.9274429232787588,AF: angle-only categorical mean,76,20,AF
0.6713186540396507,0.11070174260651627,0.15951554564233816,0.8970628624547242,AF: angle-only categorical mean,77,19,AF
0.8844326131192508,0.07584730187537812,0.09334743552101263,0.9318911162960933,AF: angle-only categorical mean,78,19,AF
0.9198430416200394,0.061059715330041946,0.07958005756605929,0.9431191251430151,AF: angle-only categorical mean,79,19,AF
0.7231422932541911,0.1464739413048751,0.21145290071226674,0.910465468000326,AF: angle-only categorical mean,80,19,AF
0.8772866824881729,0.06480287111111108,0.107595563636543,0.9274429232787588,AF: angle-only categorical mean,81,20,AF
0.7344744521417579,0.12663734439359267,0.17347231345283892,0.91084268712387,AF: angle-only categorical mean,82,19,AF
0.7469181760336882,0.10123021613595118,0.14543999128739668,0.9087055081506172,AF: angle-only categorical mean,83,19,AF
0.8392227303952606,0.11253704174228672,0.1563108046470978,0.9214785982417301,AF: angle-only categorical mean,84,19,AF
0.7734752017697967,0.08944604118993132,0.14637981561951924,0.9370539874727583,AF: angle-only categorical mean,85,19,AF
0.8166008849226096,0.09884684166666674,0.1584742528584644,0.9403246919632544,AF: angle-only categorical mean,86,20,AF
0.7622176448229053,0.1065514128804918,0.18320552137557228,0.9153192157693594,AF: angle-only categorical mean,87,19,AF
0.7222636561199833,0.09740720809716598,0.1185013204026723,0.8751410999486388,AF: angle-only categorical mean,88,19,AF
0.47991952826309225,0.13761178221415613,0.19109534059715663,0.9205954664015952,AF: angle-only categorical mean,89,19,AF
0.8703775831299121,0.09150578947368425,0.1246961873199305,0.9318911162960933,AF: angle-only categorical mean,90,19,AF
0.762095930254683,0.11072892307692314,0.18244817877903544,0.9403246919632544,AF: angle-only categorical mean,91,20,AF
0.9234214291087799,0.06047336206896556,0.0753745433098281,0.9318911162960933,AF: angle-only categorical mean,92,19,AF
0.40666878177584165,0.09337842360446565,0.15113478840657135,0.8683645648826647,AF: angle-only categorical mean,93,19,AF
0.8260059246421243,0.11370609131722215,0.16843825966251363,0.9176629354822471,AF: angle-only categorical mean,94,19,AF
0.8128744080338364,0.11036740183792819,0.1402131658471955,0.8902480939926005,AF: angle-only categorical mean,95,19,AF
0.8095252208393648,0.11098168516129032,0.1515623052844428,0.9379228369755693,AF: angle-only categorical mean,96,20,AF
0.8780516914152723,0.0766898872180451,0.13152322929785726,0.9318911162960933,AF: angle-only categorical mean,97,19,AF
0.6893552626952497,0.08856453078149921,0.11875433733709198,0.8935345522705681,AF: angle-only categorical mean,98,19,AF
0.8170663412639453,0.11589426900584793,0.15280072013971896,0.9248844551679173,AF: angle-only categorical mean,99,19,AF
0.6743213319571151,0.10370069688109161,0.17292938861355261,0.9248043889897674,AF: angle-only categorical mean,100,19,AF
0.044623776027087114,0.6731793771236609,0.8899982019829438,0.6506496351610379,Qm: P/TP linear,1,8,Qm
0.0060753402657265365,0.4602528930586066,0.595589915217428,0.4910267673844361,Qm: P/TP linear,2,8,Qm
0.4035013408691882,0.22898290573854285,0.2901257824851186,0.730552019767088,Qm: P/TP linear,3,8,Qm
-1.4972970626527689,0.4041771795761518,0.50312217435802,-0.07185757571479554,Qm: P/TP linear,4,8,Qm
-0.0615203562768214,0.572425917895835,0.837818648817464,0.4285714285714286,Qm: P/TP linear,5,8,Qm
0.16407158361105778,0.3930964318715515,0.5776048285977747,0.7142857142857144,Qm: P/TP linear,6,8,Qm
0.10660944589731491,0.4087521984297342,0.47237403727443855,0.5748606057183643,Qm: P/TP linear,7,8,Qm
-12.180477515023457,0.47839947888764545,0.6022591070921757,-0.5952380952380953,Qm: P/TP linear,8,8,Qm
-0.0012503569202659826,0.7057326703810305,1.0294950377702614,0.261904761904762,Qm: P/TP linear,9,8,Qm
-0.34066717247813627,0.48336964432801144,0.632434542229808,-0.1666666666666667,Qm: P/TP linear,10,8,Qm
0.03435724255018091,0.5003688436742169,0.6374264483504983,0.14285714285714288,Qm: P/TP linear,11,8,Qm
0.021372728820535203,0.4930257251769311,0.8208410124863733,0.5149792926227014,Qm: P/TP linear,12,8,Qm
-5.846729059363772,0.43854935496319547,0.5052950475068989,-0.09581010095306071,Qm: P/TP linear,13,8,Qm
0.09217854508343071,0.3553190540031973,0.42444337043967495,0.4311454542887732,Qm: P/TP linear,14,8,Qm
-0.25978022180022564,0.5553905099034033,0.8461497023165847,0.203596464525254,Qm: P/TP linear,15,8,Qm
-0.6441811834317774,0.43026320782690697,0.4933356864345066,0.28743030285918214,Qm: P/TP linear,16,8,Qm
0.1156797942155301,0.5121130558852482,0.7940841225955196,0.523809523809524,Qm: P/TP linear,17,8,Qm
-0.5802320042616775,0.689890178630382,0.9249483681412305,0.19047619047619052,Qm: P/TP linear,18,8,Qm
-0.04901779144039753,0.3571093197128729,0.4214800035382205,0.4523809523809524,Qm: P/TP linear,19,8,Qm
-0.09296377672552336,0.40585668775557054,0.5823158408356667,0.2142857142857143,Qm: P/TP linear,20,8,Qm
-0.26319775767074494,0.5554868877466078,0.8593487369560567,0.5476190476190477,Qm: P/TP linear,21,8,Qm
0.18759601349559107,0.3725243527967589,0.5380507639986762,0.7425282823862205,Qm: P/TP linear,22,8,Qm
-0.536500039936687,0.414970550097336,0.49588237485930003,-0.14285714285714288,Qm: P/TP linear,23,8,Qm
-8.096252968681661,0.5234273757372887,0.5717760570639322,0.27545404024004955,Qm: P/TP linear,24,8,Qm
0.1265863308879558,0.5907064774914287,0.8335869883224671,0.45509797952703834,Qm: P/TP linear,25,8,Qm
-0.18723525727559953,0.4757285276841756,0.6333451321543885,0.036147201953390995,Qm: P/TP linear,26,8,Qm
0.06975132350672908,0.4888689799405311,0.7030314467032532,0.614502433207647,Qm: P/TP linear,27,8,Qm
0.06459182849599576,0.5064305091220705,0.7974806258864434,0.29940656547831473,Qm: P/TP linear,28,8,Qm
0.159029884355112,0.5069222502395523,0.6364062300408516,0.626551500525444,Qm: P/TP linear,29,8,Qm
-7.730607519066345,0.4534671851852444,0.5748579646671083,0.14285714285714288,Qm: P/TP linear,30,8,Qm
-0.3655383912528549,0.7696193010894186,0.9531561609371768,-0.07142857142857144,Qm: P/TP linear,31,8,Qm
-0.21041748585661213,0.41552329600384963,0.4671252791506932,0.6190476190476191,Qm: P/TP linear,32,8,Qm
-2.36448076266742,0.3150257387602464,0.4274510307018481,0.16766767666785626,Qm: P/TP linear,33,8,Qm
-0.0682797147300398,0.28646935108882965,0.38267407732662406,0.6666666666666669,Qm: P/TP linear,34,8,Qm
0.011036074701903598,0.6773648847093225,0.9623679363639327,0.7784570702436182,Qm: P/TP linear,35,8,Qm
-0.2873904401076002,0.39293226290469185,0.501077610631207,-0.07185757571479554,Qm: P/TP linear,36,8,Qm
0.07452003960068065,0.6138921665357615,0.8574482354291285,0.7075275528876865,Qm: P/TP linear,37,8,Qm
-0.15624020338624045,0.36503633236462774,0.41734704205678536,0.7545045450053531,Qm: P/TP linear,38,8,Qm
-0.0001228433032838261,0.33900872629077466,0.5279876806736277,0.4761904761904762,Qm: P/TP linear,39,8,Qm
0.01181401929073822,0.6349961024677468,0.8382609670141956,0.14371515142959107,Qm: P/TP linear,40,8,Qm
0.09295088489592884,0.49899070773476006,0.8044428477845714,0.34731161595484505,Qm: P/TP linear,41,8,Qm
-0.1195285609690302,0.5575869195225853,0.7717901299038523,0.19047619047619052,Qm: P/TP linear,42,8,Qm
0.06799237900578825,0.5084915668969949,0.6337035325329136,0.5269555552418339,Qm: P/TP linear,43,8,Qm
-0.0034801686082608363,0.47124398319441557,0.615897750050274,0.4047619047619048,Qm: P/TP linear,44,8,Qm
-2.1903484607141244,0.33487345087602904,0.3653329686803269,0.7857142857142858,Qm: P/TP linear,45,8,Qm
-0.09664898058920568,0.5082718472511843,0.6414693422001161,0.09581010095306071,Qm: P/TP linear,46,8,Qm
-0.3777572945529599,0.8375114036269353,1.177726659720843,0.7545045450053531,Qm: P/TP linear,47,8,Qm
-2.8358877455312603,0.7190532648258051,0.8066971389395471,0.11904761904761905,Qm: P/TP linear,48,8,Qm
0.038129093935162506,0.24654930633208666,0.2897587502060022,0.8503146459584139,Qm: P/TP linear,49,8,Qm
-0.23495724794238804,0.27781186356740384,0.3423780661156734,0.6666666666666669,Qm: P/TP linear,50,8,Qm
0.17670812657949608,0.3972132903170208,0.5528681120619621,0.7229440390678199,Qm: P/TP linear,51,8,Qm
-0.125894312003199,0.4974657354497709,0.6207570225185071,0.2515015150017844,Qm: P/TP linear,52,8,Qm
-0.17676570559606897,0.4875420155387269,0.8321619450688985,0.5389318178609664,Qm: P/TP linear,53,8,Qm
-0.20175903446754218,0.4059223666381405,0.46060962335283717,0.2142857142857143,Qm: P/TP linear,54,8,Qm
-0.08885520021591797,0.599410468261743,0.7718118994021551,0.33737388489831593,Qm: P/TP linear,55,8,Qm
0.11190752634138912,0.5298140956980915,0.8276250882624824,0.6666666666666669,Qm: P/TP linear,56,8,Qm
-0.09885562877292631,0.41895598388449595,0.4842662158063934,0.14285714285714288,Qm: P/TP linear,57,8,Qm
-0.24478936580104604,0.6964197650939508,0.9158565090748779,-0.14371515142959107,Qm: P/TP linear,58,8,Qm
0.11189850058254547,0.3959575619437029,0.5505507746078504,0.37126414119311024,Qm: P/TP linear,59,8,Qm
0.13101511625778073,0.3288198727593201,0.38240321591573934,0.5988131309566295,Qm: P/TP linear,60,8,Qm
-0.23999930931404068,0.42166840454891674,0.4869338845587975,0.3952166664313755,Qm: P/TP linear,61,8,Qm
-0.08955394396396321,0.6364223428198705,0.8626978544229004,0.2395252523826518,Qm: P/TP linear,62,8,Qm
-3.0692727154116053,0.34523415246582967,0.45725961263280207,-0.3571428571428572,Qm: P/TP linear,63,8,Qm
0.11167478503882888,0.491121982085379,0.7942042726862941,0.4523809523809524,Qm: P/TP linear,64,8,Qm
0.13627766526422835,0.49836711834500275,0.6215617906484909,0.7142857142857144,Qm: P/TP linear,65,8,Qm
-0.1450123436281201,0.7588816274913763,1.0749285498663246,0.4523809523809524,Qm: P/TP linear,66,8,Qm
0.08509148151340884,0.5714440030391482,0.7374707608217499,0.467074242146171,Qm: P/TP linear,67,8,Qm
-0.8745367439910143,0.28830258204090253,0.3720952765639342,0.37126414119311024,Qm: P/TP linear,68,8,Qm
-1.879857216448062,0.5511402532428253,0.6334797066089826,-0.2155727271443866,Qm: P/TP linear,69,8,Qm
0.3372048199958735,0.29902293448966843,0.344263966583404,0.8742671711966791,Qm: P/TP linear,70,8,Qm
-3.800972820699129,0.4185035945280872,0.46080207371699833,0.27545404024004955,Qm: P/TP linear,71,8,Qm
-5.229760756577657,0.4847831502015121,0.6036224129122091,0.09523809523809526,Qm: P/TP linear,72,8,Qm
0.20818540147945486,0.3171805688314644,0.37431666608856035,0.5714285714285715,Qm: P/TP linear,73,8,Qm
-0.15528152376625592,0.8504618484923909,1.1633932526628934,0.7857142857142858,Qm: P/TP linear,74,8,Qm
-0.32137668674759023,0.566521541988277,0.6934296367957643,-0.28743030285918214,Qm: P/TP linear,75,8,Qm
-1.2740525779029497,0.23329820340985385,0.30434076053705994,0.6904761904761906,Qm: P/TP linear,76,8,Qm
-0.029276701930210924,0.607034528552704,0.858588463457685,0.7142857142857144,Qm: P/TP linear,77,8,Qm
0.0063370801433900725,0.5625866694751642,0.8141094282756334,0.09581010095306071,Qm: P/TP linear,78,8,Qm
0.0892605087493975,0.6051306300458492,0.6788705674336157,0.3592878785739777,Qm: P/TP linear,79,8,Qm
-0.09074497727884623,0.34326349703634945,0.4298082291229532,0.4191691916696407,Qm: P/TP linear,80,8,Qm
-1.0194129808948462,0.3727361999087097,0.4387703759908699,0.730552019767088,Qm: P/TP linear,81,8,Qm
-0.12444612553409229,0.5212285515900537,0.7380600021857464,0.5904042985720529,Qm: P/TP linear,82,8,Qm
-0.059735647051898155,0.5329940867060119,0.7571608448022895,0.09523809523809526,Qm: P/TP linear,83,8,Qm
-0.45139063643172816,0.3591437100031497,0.4415199937213902,0.407192929050508,Qm: P/TP linear,84,8,Qm
0.01993120469159304,0.572244092699909,0.838565511640469,0.407192929050508,Qm: P/TP linear,85,8,Qm
0.10907575566592664,0.5936390645647285,0.8362626153293152,0.22754898976351917,Qm: P/TP linear,86,8,Qm
-0.041939222325124925,0.5579096118668702,0.8478824830534721,0.5868368683374969,Qm: P/TP linear,87,8,Qm
0.0012798082199614313,0.4613796177566312,0.6123517973190079,0.4047619047619048,Qm: P/TP linear,88,8,Qm
0.2052039225392518,0.33854457712355945,0.3963909933896923,0.3233590907165799,Qm: P/TP linear,89,8,Qm
-2.3349899062672437,0.4073864105713364,0.48359317944335045,0.29940656547831473,Qm: P/TP linear,90,8,Qm
-1.6805498417697007,0.3913853753353929,0.47217155718935233,0.14285714285714288,Qm: P/TP linear,91,8,Qm
-0.7351465637044701,1.0868784874627226,1.316608581793133,0.2155727271443866,Qm: P/TP linear,92,8,Qm
-0.17603205806166788,0.3759972639227611,0.45435580488431376,0.5389318178609664,Qm: P/TP linear,93,8,Qm
-0.44365073606401295,0.38774139212885644,0.4558984415207152,0.4191691916696407,Qm: P/TP linear,94,8,Qm
0.10638966910856673,0.3229649228543876,0.3486132133944036,0.8675328468813838,Qm: P/TP linear,95,8,Qm
-1.3906408674553292,0.4162544538926393,0.48426991367622435,0.6428571428571429,Qm: P/TP linear,96,8,Qm
-0.35136532688558075,0.7881847806659426,1.0903359484419186,0.16766767666785626,Qm: P/TP linear,97,8,Qm
-0.05416441431496577,0.5303769725869818,0.7533488993491227,0.43915503282683993,Qm: P/TP linear,98,8,Qm
-0.8736816304118169,0.3400707562022483,0.4162156303208626,0.38095238095238104,Qm: P/TP linear,99,8,Qm
-0.1142829678950148,0.3940313479592463,0.43967093099540855,0.16766767666785626,Qm: P/TP linear,100,8,Qm
-0.01562110039787945,0.6346804175800704,0.9176303567868912,0.6506496351610379,Qm: P/TP power law,1,8,Qm
0.04158319681438416,0.39768599825294804,0.5848544682296356,0.4910267673844361,Qm: P/TP power law,2,8,Qm
0.45738013485398665,0.2117434988333186,0.27671291757978694,0.730552019767088,Qm: P/TP power law,3,8,Qm
-0.9757304673863658,0.3691494703603398,0.44750944309964397,-0.07185757571479554,Qm: P/TP power law,4,8,Qm
-0.1630004210642204,0.5546851786008079,0.8769519448037526,0.4285714285714286,Qm: P/TP power law,5,8,Qm
0.047559757003936,0.36296120836371104,0.6165455099622769,0.7142857142857144,Qm: P/TP power law,6,8,Qm
0.23120657841721726,0.36805076385704616,0.43819777787263564,0.5748606057183643,Qm: P/TP power law,7,8,Qm
-10.00097907385773,0.40170979516998606,0.5502163263817853,-0.5952380952380953,Qm: P/TP power law,8,8,Qm
-0.046506827370309756,0.6777882270340967,1.052504469310702,0.261904761904762,Qm: P/TP power law,9,8,Qm
-0.37747819522073023,0.485910249679236,0.6410582016834626,-0.1666666666666667,Qm: P/TP power law,10,8,Qm
0.04073075502406087,0.47790513973366056,0.6353193692820589,0.14285714285714288,Qm: P/TP power law,11,8,Qm
-0.04269048649084972,0.4873239084919269,0.847282225828253,0.5149792926227014,Qm: P/TP power law,12,8,Qm
-4.279154445419001,0.36674090893213274,0.4436961440138186,-0.09581010095306071,Qm: P/TP power law,13,8,Qm
0.1646951788506701,0.30233812708940583,0.40713836417189697,0.4311454542887732,Qm: P/TP power law,14,8,Qm
-0.43446507084010433,0.5743812811648397,0.9029107046819291,0.203596464525254,Qm: P/TP power law,15,8,Qm
-0.05835340565735625,0.3492397324375482,0.3958066177185949,0.28743030285918214,Qm: P/TP power law,16,8,Qm
0.1103266604882922,0.46571426900805535,0.7964839461403974,0.523809523809524,Qm: P/TP power law,17,8,Qm
-0.7984374896676403,0.7348991130936393,0.986744552461953,0.19047619047619052,Qm: P/TP power law,18,8,Qm
0.12853106229986633,0.29161628756692515,0.3841594350271256,0.4523809523809524,Qm: P/TP power law,19,8,Qm
-0.1209737267278097,0.34547643353949786,0.5897302929932218,0.2142857142857143,Qm: P/TP power law,20,8,Qm
-0.468115956915502,0.6019835021504623,0.9264328571328286,0.5476190476190477,Qm: P/TP power law,21,8,Qm
0.08363919066749737,0.3689591255222124,0.5714397972761279,0.7425282823862205,Qm: P/TP power law,22,8,Qm
-0.7053229855116274,0.3900839909584419,0.5224150831824289,-0.14285714285714288,Qm: P/TP power law,23,8,Qm
-4.982184772278935,0.3837472447380352,0.4636866711626818,0.27545404024004955,Qm: P/TP power law,24,8,Qm
0.1481474633483395,0.5329385350974176,0.8232337091213447,0.45509797952703834,Qm: P/TP power law,25,8,Qm
-0.40357303052803917,0.5052152022478517,0.688635728753464,0.036147201953390995,Qm: P/TP power law,26,8,Qm
0.06394047974041595,0.4124827071442255,0.7052237885151637,0.614502433207647,Qm: P/TP power law,27,8,Qm
0.03152215604898856,0.4944545363682135,0.8114549356247517,0.29940656547831473,Qm: P/TP power law,28,8,Qm
0.11654203723466738,0.4693758640994245,0.6522845405064494,0.626551500525444,Qm: P/TP power law,29,8,Qm
-6.210138832581523,0.3942749810099024,0.5224083788745795,0.14285714285714288,Qm: P/TP power law,30,8,Qm
-0.47190221394860177,0.7620406305716698,0.9895815312237923,-0.07142857142857144,Qm: P/TP power law,31,8,Qm
0.08128866965370285,0.31080921893536473,0.40696336176295084,0.6190476190476191,Qm: P/TP power law,32,8,Qm
-1.9024381630611282,0.2654958039325977,0.39701675174480233,0.16766767666785626,Qm: P/TP power law,33,8,Qm
0.2916359938019786,0.2470978640080259,0.3116124461665048,0.6666666666666669,Qm: P/TP power law,34,8,Qm
-0.004145361437595696,0.6126602101054375,0.9697263868606778,0.7784570702436182,Qm: P/TP power law,35,8,Qm
-0.4346497759767267,0.3878013073634077,0.5289599676771449,-0.07185757571479554,Qm: P/TP power law,36,8,Qm
0.002842874270785778,0.587334623502763,0.8900331852964742,0.7075275528876865,Qm: P/TP power law,37,8,Qm
0.2736062489687594,0.2893557471954105,0.3307953198605997,0.7545045450053531,Qm: P/TP power law,38,8,Qm
-0.18021985065713708,0.3391810649754229,0.5735596267674842,0.4761904761904762,Qm: P/TP power law,39,8,Qm
0.012305570639548513,0.6002414693888267,0.8380524538542882,0.14371515142959107,Qm: P/TP power law,40,8,Qm
0.07874729576870299,0.4833771578624326,0.8107168147332589,0.34731161595484505,Qm: P/TP power law,41,8,Qm
-0.21400786766231628,0.5416314231614315,0.8036970645672298,0.19047619047619052,Qm: P/TP power law,42,8,Qm
0.08342916306730808,0.4822068276877288,0.6284336240990052,0.5269555552418339,Qm: P/TP power law,43,8,Qm
-0.1746372100431619,0.481187353072683,0.6663556702558736,0.4047619047619048,Qm: P/TP power law,44,8,Qm
-0.35684295822517,0.18786868133433932,0.23825092645502718,0.7857142857142858,Qm: P/TP power law,45,8,Qm
-0.2170614100098962,0.506686931955139,0.6757691030266626,0.09581010095306071,Qm: P/TP power law,46,8,Qm
-0.4621215132975116,0.8452830379099743,1.2132488272868405,0.7545045450053531,Qm: P/TP power law,47,8,Qm
-2.7726686851531324,0.705352164556361,0.8000219551803385,0.11904761904761905,Qm: P/TP power law,48,8,Qm
0.6513421292158235,0.12435007590035811,0.174452783078779,0.8503146459584139,Qm: P/TP power law,49,8,Qm
0.4264035443908124,0.19112666361069805,0.23333678107449599,0.6666666666666669,Qm: P/TP power law,50,8,Qm
0.1378819966471747,0.35927513790269294,0.565754457848286,0.7229440390678199,Qm: P/TP power law,51,8,Qm
-0.07111852404891406,0.3952225490942608,0.6054685562247895,0.2515015150017844,Qm: P/TP power law,52,8,Qm
-0.31811652815966185,0.543724026202733,0.8807238410529352,0.5389318178609664,Qm: P/TP power law,53,8,Qm
-0.19553634063436687,0.38994895895283743,0.4594155600892314,0.2142857142857143,Qm: P/TP power law,54,8,Qm
-0.04677568650409025,0.5391060002287358,0.7567513747301711,0.33737388489831593,Qm: P/TP power law,55,8,Qm
0.15569139644398844,0.42734337439745507,0.8069658567363244,0.6666666666666669,Qm: P/TP power law,56,8,Qm
-0.12677928587828546,0.4179073602614901,0.4903806001579854,0.14285714285714288,Qm: P/TP power law,57,8,Qm
-0.31039687714217146,0.6799129757723321,0.9396820399383751,-0.14371515142959107,Qm: P/TP power law,58,8,Qm
0.049213977482720606,0.3727410728173002,0.5696491722372414,0.37126414119311024,Qm: P/TP power law,59,8,Qm
0.20430611797533316,0.2577734885533768,0.36592192709062654,0.5988131309566295,Qm: P/TP power law,60,8,Qm
-0.01644165463708336,0.3262969557696379,0.44085980348513054,0.3952166664313755,Qm: P/TP power law,61,8,Qm
-0.17355859408164043,0.6107905365786309,0.895337425273154,0.2395252523826518,Qm: P/TP power law,62,8,Qm
-3.016562853845252,0.37783156111874794,0.45428848589367005,-0.3571428571428572,Qm: P/TP power law,63,8,Qm
0.11323977054580359,0.4265626925100027,0.7935043791909856,0.4523809523809524,Qm: P/TP power law,64,8,Qm
0.03195919951034776,0.4805315469602133,0.6580275323820951,0.7142857142857144,Qm: P/TP power law,65,8,Qm
-0.221775209470088,0.7614884963158255,1.110376259994801,0.4523809523809524,Qm: P/TP power law,66,8,Qm
-0.007849530568877716,0.5334495442736238,0.7740229172285157,0.467074242146171,Qm: P/TP power law,67,8,Qm
-0.318007240296456,0.22637599253452512,0.3120082489787223,0.37126414119311024,Qm: P/TP power law,68,8,Qm
-1.4276175224558676,0.463829436466131,0.5816173599133811,-0.2155727271443866,Qm: P/TP power law,69,8,Qm
0.5112270766127243,0.25185271772179574,0.2956347404267435,0.8742671711966791,Qm: P/TP power law,70,8,Qm
-1.011889858366073,0.2289527786927451,0.298299071725844,0.27545404024004955,Qm: P/TP power law,71,8,Qm
-3.568199678704138,0.3829733648443019,0.5168948583690584,0.09523809523809526,Qm: P/TP power law,72,8,Qm
0.13992624396711395,0.31034120653146285,0.3901173449366739,0.5714285714285715,Qm: P/TP power law,73,8,Qm
-0.21955384796826882,0.8570660841567648,1.1953170579437429,0.7857142857142858,Qm: P/TP power law,74,8,Qm
-0.45439396395125686,0.5749350784948222,0.7274951642289961,-0.28743030285918214,Qm: P/TP power law,75,8,Qm
-0.2771642346201133,0.1558494901602221,0.22807792058459872,0.6904761904761906,Qm: P/TP power law,76,8,Qm
-0.13799243498515223,0.6219908809932782,0.9027940019134907,0.7142857142857144,Qm: P/TP power law,77,8,Qm
-0.04715055464094253,0.5695400853537803,0.8357334904717313,0.09581010095306071,Qm: P/TP power law,78,8,Qm
0.12462718825926111,0.5376939231263134,0.6655587886583082,0.3592878785739777,Qm: P/TP power law,79,8,Qm
-0.024990023297612796,0.28801113643301124,0.41665148539975644,0.4191691916696407,Qm: P/TP power law,80,8,Qm
-0.1335577280428808,0.26234999956439287,0.32873545567454165,0.730552019767088,Qm: P/TP power law,81,8,Qm
-0.2795014207980788,0.5415489148229763,0.7873044936247162,0.5904042985720529,Qm: P/TP power law,82,8,Qm
-0.19367678926512122,0.5372397876496122,0.8035867182958403,0.09523809523809526,Qm: P/TP power law,83,8,Qm
0.061040056896276895,0.2902503148799275,0.35512541074684983,0.407192929050508,Qm: P/TP power law,84,8,Qm
-0.04842186503620116,0.5676553346616183,0.8673147869549025,0.407192929050508,Qm: P/TP power law,85,8,Qm
0.14242514404540807,0.5372365902776975,0.8204617011559371,0.22754898976351917,Qm: P/TP power law,86,8,Qm
-0.14581982259977644,0.5624562279615181,0.8891450913411646,0.5868368683374969,Qm: P/TP power law,87,8,Qm
-0.14144638029478562,0.4429344722355163,0.6546464834092323,0.4047619047619048,Qm: P/TP power law,88,8,Qm
0.15614370308422965,0.32543006360073734,0.40844178761513084,0.3233590907165799,Qm: P/TP power law,89,8,Qm
-1.5293998871648693,0.32975016984878375,0.4211547007818981,0.29940656547831473,Qm: P/TP power law,90,8,Qm
-0.9426877870017831,0.31354301549014196,0.4019660590075596,0.14285714285714288,Qm: P/TP power law,91,8,Qm
-0.8114048117333865,1.1109800294118806,1.345229423421436,0.2155727271443866,Qm: P/TP power law,92,8,Qm
0.02350046199825251,0.31503446022495973,0.4140211447213829,0.5389318178609664,Qm: P/TP power law,93,8,Qm
-0.2742901637692241,0.2953023103699822,0.428322811617993,0.4191691916696407,Qm: P/TP power law,94,8,Qm
0.536134505712065,0.21683278912899429,0.251168855947427,0.8675328468813838,Qm: P/TP power law,95,8,Qm
-0.31543088581362055,0.2868901454622335,0.3592231658896704,0.6428571428571429,Qm: P/TP power law,96,8,Qm
-0.43204848686728536,0.8134771653063531,1.1224133060968522,0.16766767666785626,Qm: P/TP power law,97,8,Qm
-0.1867827076267925,0.5390618563066658,0.7993327132956266,0.43915503282683993,Qm: P/TP power law,98,8,Qm
-0.1865528181731888,0.26897045964041355,0.3312180709865376,0.38095238095238104,Qm: P/TP power law,99,8,Qm
-0.03886329996887583,0.3182151011119282,0.4245308047896953,0.16766767666785626,Qm: P/TP power law,100,8,Qm
